layer,year,n_edges,n_nodes,n_source_docs
board_appointment,2001,6,7,3
board_appointment,2005,19,23,4
board_appointment,2006,41,55,16
board_appointment,2007,20,28,8
board_appointment,2008,96,119,30
board_appointment,2009,129,156,43
board_appointment,2010,100,104,38
board_appointment,2018,1,2,1
board_appointment,2019,2,4,2
board_appointment,2020,4,7,3
board_appointment,2021,35,40,10
board_appointment,2026,1,2,1
board_interlock,1997,19,11,0
board_interlock,2005,10,9,0
board_interlock,2006,58,28,0
board_interlock,2007,141,68,0
board_interlock,2008,197,64,0
board_interlock,2009,54,43,0
board_interlock,2010,149,47,0
board_interlock,2011,245,81,0
board_interlock,2012,132,85,0
board_interlock,2013,181,65,0
board_interlock,2014,147,80,0
board_interlock,2015,123,65,0
board_interlock,2016,204,81,0
board_interlock,2017,195,72,0
board_interlock,2018,189,82,0
board_interlock,2019,19,20,0
board_interlock,2020,179,56,0
board_interlock,2021,353,111,0
board_interlock,2022,2,4,0
board_interlock,2023,302,88,0
board_interlock,2024,659,148,0
board_interlock,2025,595,125,0
board_interlock,2026,623,129,0
board_seat,1990,1,2,1
board_seat,1991,1,2,1
board_seat,1993,2,3,1
board_seat,1994,38,41,9
board_seat,1996,11,13,2
board_seat,1997,31,30,5
board_seat,1999,9,11,2
board_seat,2000,22,25,3
board_seat,2001,41,28,3
board_seat,2002,3,4,2
board_seat,2003,17,19,3
board_seat,2004,15,19,4
board_seat,2005,91,88,14
board_seat,2006,52,54,9
board_seat,2007,80,79,13
board_seat,2008,57,64,11
board_seat,2009,135,133,18
board_seat,2010,118,126,16
board_seat,2011,159,152,15
board_seat,2012,225,170,27
board_seat,2013,100,101,17
board_seat,2014,254,233,37
board_seat,2015,202,181,27
board_seat,2016,239,231,34
board_seat,2017,140,141,22
board_seat,2018,135,143,20
board_seat,2019,230,219,33
board_seat,2020,151,155,27
board_seat,2021,242,213,35
board_seat,2022,164,163,26
board_seat,2023,232,206,26
board_seat,2024,191,179,27
board_seat,2025,155,145,12
board_seat,2026,47,44,3
board_seat_corporate,1990,3,5,2
board_seat_corporate,1991,6,7,1
board_seat_corporate,1993,3,4,1
board_seat_corporate,1994,40,42,10
board_seat_corporate,1996,14,16,2
board_seat_corporate,1997,13,12,2
board_seat_corporate,1998,2,4,2
board_seat_corporate,1999,12,13,2
board_seat_corporate,2000,16,18,2
board_seat_corporate,2001,37,24,3
board_seat_corporate,2002,7,8,2
board_seat_corporate,2003,5,6,1
board_seat_corporate,2004,33,38,5
board_seat_corporate,2005,44,46,14
board_seat_corporate,2006,34,39,13
board_seat_corporate,2007,41,42,13
board_seat_corporate,2008,69,78,12
board_seat_corporate,2009,105,111,18
board_seat_corporate,2010,182,178,19
board_seat_corporate,2011,153,157,19
board_seat_corporate,2012,132,136,25
board_seat_corporate,2013,91,103,21
board_seat_corporate,2014,170,178,42
board_seat_corporate,2015,138,148,33
board_seat_corporate,2016,227,233,40
board_seat_corporate,2017,143,145,21
board_seat_corporate,2018,92,95,24
board_seat_corporate,2019,180,186,39
board_seat_corporate,2020,78,87,23
board_seat_corporate,2021,159,175,33
board_seat_corporate,2022,182,190,25
board_seat_corporate,2023,129,132,24
board_seat_corporate,2024,88,96,25
board_seat_corporate,2025,56,61,13
board_seat_corporate,2026,27,22,3
board_succession,2006,2,4,2
board_succession,2007,4,8,4
board_succession,2008,4,8,3
board_succession,2009,7,12,6
board_succession,2010,14,19,9
board_succession,2019,1,2,1
board_succession,2020,2,4,2
board_succession,2021,1,2,1
board_succession,2026,1,2,1
concert_party,2009,3,3,1
concert_party,2016,1,2,1
concert_party,2020,2,4,2
concert_party,2021,7,4,2
concert_party,2022,6,8,4
concert_party,2023,56,12,3
concert_party,2026,1,2,1
coownership,2007,4,4,0
coownership,2008,3,3,0
coownership,2009,2,4,0
coownership,2010,7,6,0
coownership,2011,1,2,0
coownership,2012,6,8,0
coownership,2013,2,3,0
coownership,2014,2,3,0
coownership,2015,4,7,0
coownership,2016,3,5,0
coownership,2017,6,6,0
coownership,2018,2,4,0
coownership,2019,3,6,0
coownership,2020,3,4,0
coownership,2021,6,6,0
coownership,2022,1,2,0
coownership,2023,2,3,0
coownership,2024,1,2,0
coownership,2025,4,5,0
declared_executive,1997,12,15,2
declared_executive,2006,10,17,1
declared_executive,2007,33,54,3
declared_executive,2008,33,46,3
declared_executive,2009,25,45,3
declared_executive,2010,27,39,3
declared_executive,2011,65,82,7
declared_executive,2012,29,46,7
declared_executive,2013,31,45,4
declared_executive,2014,64,66,6
declared_executive,2015,57,72,8
declared_executive,2016,46,57,7
declared_executive,2017,49,67,6
declared_executive,2018,39,57,4
declared_executive,2019,8,13,2
declared_executive,2020,44,64,2
declared_executive,2021,87,132,7
declared_executive,2023,57,43,2
declared_executive,2024,59,80,4
declared_executive,2025,16,30,5
declared_executive,2026,36,46,2
declared_mandate,1997,7,6,2
declared_mandate,2005,9,10,2
declared_mandate,2006,26,27,2
declared_mandate,2007,43,58,5
declared_mandate,2008,45,55,4
declared_mandate,2009,13,24,5
declared_mandate,2010,25,40,3
declared_mandate,2011,22,35,5
declared_mandate,2012,70,85,6
declared_mandate,2013,55,55,4
declared_mandate,2014,56,57,5
declared_mandate,2015,22,30,4
declared_mandate,2016,62,68,6
declared_mandate,2017,43,38,3
declared_mandate,2018,79,80,6
declared_mandate,2019,4,6,2
declared_mandate,2020,38,32,2
declared_mandate,2021,71,87,6
declared_mandate,2022,9,12,1
declared_mandate,2023,153,155,6
declared_mandate,2024,131,137,5
declared_mandate,2025,167,148,6
declared_mandate,2026,163,140,3
group_participation,1991,2,3,1
group_participation,1993,17,18,1
group_participation,2001,1,2,1
group_participation,2006,3,5,2
group_participation,2007,22,25,3
group_participation,2008,54,55,6
group_participation,2009,99,96,8
group_participation,2010,74,70,7
group_participation,2011,207,193,13
group_participation,2012,57,62,9
group_participation,2013,83,84,9
group_participation,2014,60,51,7
group_participation,2015,62,51,8
group_participation,2016,98,81,7
group_participation,2018,27,29,6
group_participation,2019,198,126,13
group_participation,2020,51,46,5
group_participation,2021,67,67,6
group_participation,2022,45,51,6
group_participation,2023,43,44,6
group_participation,2024,72,74,10
group_participation,2026,22,20,2
ownership,1993,2,3,1
ownership,1997,6,6,2
ownership,2002,9,10,1
ownership,2003,2,3,1
ownership,2005,4,5,1
ownership,2006,9,13,4
ownership,2007,100,84,10
ownership,2008,91,84,10
ownership,2009,57,54,10
ownership,2010,68,68,8
ownership,2011,59,53,8
ownership,2012,119,101,18
ownership,2013,77,73,16
ownership,2014,128,126,28
ownership,2015,108,100,17
ownership,2016,80,62,18
ownership,2017,77,81,18
ownership,2018,66,81,17
ownership,2019,85,68,14
ownership,2020,48,42,9
ownership,2021,71,72,13
ownership,2022,56,62,10
ownership,2023,39,38,9
ownership,2024,50,58,12
ownership,2025,39,35,9
ownership,2026,13,16,3
ownership_director,2008,20,23,3
ownership_director,2009,10,12,2
ownership_director,2010,19,22,3
ownership_director,2011,22,25,3
ownership_director,2012,52,56,7
ownership_director,2013,21,26,5
ownership_director,2014,30,24,4
ownership_director,2015,29,20,3
ownership_director,2016,36,29,5
ownership_director,2017,21,12,2
ownership_director,2018,30,33,4
ownership_director,2020,25,16,3
ownership_director,2021,12,14,2
ownership_director,2022,7,9,2
ownership_director,2023,8,9,1
ownership_director,2024,16,19,3
ownership_director,2025,16,11,3
ownership_director,2026,6,7,1
tender_offer,2008,1,2,1
tender_offer,2009,5,8,3
tender_offer,2016,4,6,3
tender_offer,2020,6,10,4
tender_offer,2021,6,6,2
tender_offer,2022,10,13,5
tender_offer,2023,20,18,5
tender_offer,2025,1,2,1
tender_offer,2026,3,4,2
