page_uid,pdf_page,folio,image_sha256,text_sha256,n_chars,arabic_char_frac,ocr_engine,ocr_version,ocr_config,status,needs_review
aalam:p001,1,,591d9c36071706192db355f96453125da6c43734d572aa9fbd1274b1f8aa486e,7a38013da680ed1edfcbae316bfc4e7b88ce10da2a98d2d2b9972bd2110a386e,3969,0.7117,tesseract,tesseract 5.3.4,--psm 6 -l ara native-resolution,ok,
aalam:p002,2,,09611e9c795ea4548f36cf7c52d497f83fc67be13283847f249da49ccd862c89,ef07b0f9f03faae17987f86c09f3f0c5aeee55649e1f429a4d6fe36cd0e8244a,549,0.8662,tesseract,tesseract 5.3.4,--psm 6 -l ara native-resolution,ok,
aalam:p003,3,1,e4998b222d57c6f99ac51046a403953f5ccba6a9b5cd5ac5c7acf841071fe6a1,74f077128ba27c1c45e2a57e4b013094b58e87e4c2e97e6fa4dd778f10a19e4a,20,1.0,tesseract,tesseract 5.3.4,--psm 6 -l ara native-resolution,ok,
aalam:p004,4,2,3e86e3b6edfbfbe5bfacf4d59c7ad3f15c2b482e1808140bc854b1ea8aebb9f2,e3b0c44298fc1c149afbf4c8996fb92427ae41e4649b934ca495991b7852b855,0,0.0,tesseract,tesseract 5.3.4,--psm 6 -l ara native-resolution,empty,yes
aalam:p005,5,3,6ba0ff5ad9e457224facc5f2dad12226ece05d8e800d421f3f1df6e63256ed4d,b802e71965eb00c1189c673fa1ebfe57cd8f6dc73ed2770507a46dad8fb6e223,81,0.9206,tesseract,tesseract 5.3.4,--psm 6 -l ara native-resolution,ok,
aalam:p006,6,4,a6da0df30a1d661e48b61a64caf82fd7337a6c8dd1e07cc61aef73b007c8e934,f367401cd9fc48de869a06c7487ff9285bf16e4e7e4ee3f190f0b22dd599dd19,61,0.8824,tesseract,tesseract 5.3.4,--psm 6 -l ara native-resolution,ok,
aalam:p007,7,5,f057ea076f8e2d0bcabcd4775c03f61c05503716b31e24ec4f0b422fe44e733e,c11b31f295b76ef4bd9324311318b7c8f0ebe2fc677156075fe1c74681018f04,1042,0.9676,tesseract,tesseract 5.3.4,--psm 6 -l ara native-resolution,ok,
aalam:p008,8,6,46352c7a5ed3a31fdb7ca2e9f1bbf9ace7c086617a1a2464f3eb85e3d4d43aa1,1d56501c8d9564b76c6801d9d64cff59d03af3fd2ec17ad52eee748b0476f14b,1475,0.972,tesseract,tesseract 5.3.4,--psm 6 -l ara native-resolution,ok,
aalam:p009,9,7,c349143237286b2dc9b400c0ff7f8491707feeb04d95f959da38145819547363,4c2c8fb511bac2a27f0374cc539519b1a29e3f206aab1abcd9c1c31e3ea10813,1333,0.957,tesseract,tesseract 5.3.4,--psm 6 -l ara native-resolution,ok,
aalam:p010,10,8,3e86e3b6edfbfbe5bfacf4d59c7ad3f15c2b482e1808140bc854b1ea8aebb9f2,e3b0c44298fc1c149afbf4c8996fb92427ae41e4649b934ca495991b7852b855,0,0.0,tesseract,tesseract 5.3.4,--psm 6 -l ara native-resolution,empty,yes
aalam:p011,11,9,1e155ff0838c150bdc83ecc91c88f3ed7f4ca5835f13feaab9528340bb217ee8,ad503dd3111f4f7f9e96795dbed187fd396814cf034954073a54db82e4a23cc1,771,0.9389,tesseract,tesseract 5.3.4,--psm 6 -l ara native-resolution,ok,
aalam:p012,12,10,4a7148d12d92b56922ae9aac67d237a0dcad54a361a994d9272b11c45a7e4d6b,fa72b7e4fbbac9a84d8feca173969cf7c1a2b6c81a09a6f5060ee86f28409800,1597,0.9692,tesseract,tesseract 5.3.4,--psm 6 -l ara native-resolution,ok,
aalam:p013,13,11,36745f05a98949e3ec493d07cdf51a004c82b82731a68e063690c0837fa4ec33,ff0e98dc2a31002012e6aaafb85cba4342095f1db5f06fe28ab4e36a31610f73,1565,0.96,tesseract,tesseract 5.3.4,--psm 6 -l ara native-resolution,ok,
aalam:p014,14,12,cff78bfd334d1cdb5202f9e31ec46f2d3648320099550135f853756004aa7a52,ba3b8ca026e4185be2dafd713e38ceb6172166fae770ac5c754c1a9b6b54719a,1625,0.9416,tesseract,tesseract 5.3.4,--psm 6 -l ara native-resolution,ok,
aalam:p015,15,13,f3a04ce6a14089a2c7a70bba845fdccfdb3eb25a342980bf8ffd98c7cb12e2d2,333d6981244d63fb376156363bbf341bc2a9aab740c0e4155f9806a94d3b4e65,942,0.9159,tesseract,tesseract 5.3.4,--psm 6 -l ara native-resolution,ok,
aalam:p016,16,14,2c42bde4fef36edbab24c4e5cbe28ce6dbb4d87bc4ae469f5a30eee790d00d98,75d7852ea07c42fe6a506794012afd1c034e385094ee3bbe241f6d4661110e8c,1375,0.9368,tesseract,tesseract 5.3.4,--psm 6 -l ara native-resolution,ok,
aalam:p017,17,15,7adaa33894491b27d06bf7c2968477fcfbaea67f2d78200c91452be0b2cd0f2b,3d70516763c48057f8b262aadbcded318721d29d3de91398a8d1bc87a4c73e63,1602,0.9194,tesseract,tesseract 5.3.4,--psm 6 -l ara native-resolution,ok,
aalam:p018,18,16,6fa9a85d85aa02e1e678f8b6642c2d25abd4ab30f56ec5208a2c8f1bf1b16a6b,b2ab910f2a67cbf75b637edc01a8916f6d0e5bfd5fbe6dff73ee71f66179532d,1423,0.9442,tesseract,tesseract 5.3.4,--psm 6 -l ara native-resolution,ok,
aalam:p019,19,17,f9e2a705c41fc4b2234d1ecc38d89c50ea181f87e81ea71acafaada450020066,1b7432017c7ec32b588c823a6342cb9e86def3d296fd5ad3e8389ddb4250405d,1390,0.9269,tesseract,tesseract 5.3.4,--psm 6 -l ara native-resolution,ok,
aalam:p020,20,18,4360e6835c404c12ca8f12b47b3837306b743d32044b7e917f7ed8ad96c16122,a8c30678522216c661de855bec1567034df978f730ed5d2d701ed0ea980bebe0,1270,0.9385,tesseract,tesseract 5.3.4,--psm 6 -l ara native-resolution,ok,
aalam:p021,21,19,7c67ae3aeb8a336c57b9cf4548528c9411098fdd737362a7a0766e24d61cff88,3a8700212ade231c89f0cd2a82a100f5081e75f76965cd06e7bd57b8ee41bcc7,1481,0.9362,tesseract,tesseract 5.3.4,--psm 6 -l ara native-resolution,ok,
aalam:p022,22,20,3e10c5f8923b20dc8d004e2c036ee2f4ecb584f702ec90545faee349793d3a88,9f2d9939c20021c66ce28b37c900d75828d6762d334a2f8663b29e547b29569a,1404,0.896,tesseract,tesseract 5.3.4,--psm 6 -l ara native-resolution,ok,
aalam:p023,23,21,0203174a1ffd092d0ea6c412f05848d6535990fff1b96a25b3f71a8b3b834a45,9d1c11fc4ad090666312e4e16c768a939b2ae403c3a0e3462525f74cd3ae9bea,19,0.9375,tesseract,tesseract 5.3.4,--psm 6 -l ara native-resolution,ok,
aalam:p024,24,22,3e86e3b6edfbfbe5bfacf4d59c7ad3f15c2b482e1808140bc854b1ea8aebb9f2,e3b0c44298fc1c149afbf4c8996fb92427ae41e4649b934ca495991b7852b855,0,0.0,tesseract,tesseract 5.3.4,--psm 6 -l ara native-resolution,empty,yes
aalam:p025,25,23,65eaf05242468d3af6e89a25e252cca55342afdd61d4b8edbd3d7af08496610e,0ed357161ec91b5c00498dc27dfe64d78fe39cada1a1845ccb48ba98f846f7a0,467,0.9634,tesseract,tesseract 5.3.4,--psm 6 -l ara native-resolution,ok,
aalam:p026,26,24,3e86e3b6edfbfbe5bfacf4d59c7ad3f15c2b482e1808140bc854b1ea8aebb9f2,e3b0c44298fc1c149afbf4c8996fb92427ae41e4649b934ca495991b7852b855,0,0.0,tesseract,tesseract 5.3.4,--psm 6 -l ara native-resolution,empty,yes
aalam:p027,27,25,6cdb20526304821fa747c3ace4ed619835646fbb594f080e7cdeb3e77faa0ef4,e9f5e5f6439bb2aea65ca9c8b31953e7b0f4a4d3b17e6595d4fa4f0c70cb093f,791,0.9682,tesseract,tesseract 5.3.4,--psm 6 -l ara native-resolution,ok,
aalam:p028,28,26,e932abc66857de244cc0da08c71d1151c098e2539c0127c95b57d5ac09cdccf6,3674cc6f83d3c00edfdea5839a75438a5e412bb8f3e1c5da15661fd90f5afa2c,1489,0.9642,tesseract,tesseract 5.3.4,--psm 6 -l ara native-resolution,ok,
aalam:p029,29,27,e46eb6e5d6c1bfd9156bc23e3b5e9493479a875dd507f80e8e24425d872c977d,845d52d893164dbb7ebd440fa2c957e905deabca261bdc13789fecadd3e0a234,1439,0.979,tesseract,tesseract 5.3.4,--psm 6 -l ara native-resolution,ok,
aalam:p030,30,28,6b73985255475874a7bea7de329329bf6ed71a997dbedf6dd557d7cebd55bdde,9bf050b50a57ee5e793c1b78fd543f6aa3f77bbc04dce289ae3739d242168ba1,1466,0.9859,tesseract,tesseract 5.3.4,--psm 6 -l ara native-resolution,ok,
aalam:p031,31,29,1739d0c03e63ed3378b98fc1b38f983dae59002a6670c4671e4415f44635e2cd,fed3321fb2c17166d528102ebbb79356ca58809f61ca93cc8d173742df56e879,1416,0.9735,tesseract,tesseract 5.3.4,--psm 6 -l ara native-resolution,ok,
aalam:p032,32,30,8d43a740638c8cadede2a3673f12d87748b004610428dd3f11a9bc32e9fba5d9,008616a23fa5d3f2746e7ebe3010911d6ec39e13356ffdfa8570579764701346,1637,0.9613,tesseract,tesseract 5.3.4,--psm 6 -l ara native-resolution,ok,
aalam:p033,33,31,5fd858addc73cda76891ff455cf963f23168ce63a252169400cad32dec1610c1,b32caad0a1c11ed02ec6696d67406df4bfd29e65c7358df59cc3e3a0d4c7351a,457,0.9812,tesseract,tesseract 5.3.4,--psm 6 -l ara native-resolution,ok,
aalam:p034,34,32,3e86e3b6edfbfbe5bfacf4d59c7ad3f15c2b482e1808140bc854b1ea8aebb9f2,e3b0c44298fc1c149afbf4c8996fb92427ae41e4649b934ca495991b7852b855,0,0.0,tesseract,tesseract 5.3.4,--psm 6 -l ara native-resolution,empty,yes
aalam:p035,35,33,c8dcc9a56b7d9d79b15167223ceaf9895ce7523b0fc4a9135e323209f4af49af,7fb37f42748faf5b9e586af9c28cb5bbca50b7e6b34cc68ee5f8189f4f46a410,932,0.9499,tesseract,tesseract 5.3.4,--psm 6 -l ara native-resolution,ok,
aalam:p036,36,34,3fcc34d0356d04c07834018165411a9ee8edf528937f2e7dee7132f7d8ab1fdf,b2cc5edfcf39c7a9015d645177e57452e1d31916f84efe6f2855cb3c49267fab,1298,0.9666,tesseract,tesseract 5.3.4,--psm 6 -l ara native-resolution,ok,
aalam:p037,37,35,fddcf6e28d91372d8713b422194d761d59ae2870de2cf7169be33c26828c8402,bc74ca242e5a1cb4b1289359193fc69b711c9050ab768dccc73e121690628ae7,1517,0.9797,tesseract,tesseract 5.3.4,--psm 6 -l ara native-resolution,ok,
aalam:p038,38,36,4d21dff299fdddb9b486249a7c950d35b48f38262371b5d53d4ee533f562016b,b99b4f3a2d0f9ce81e805de972a74586adaeddd6390f1e44b5b7ba8f25ab9072,1539,0.9653,tesseract,tesseract 5.3.4,--psm 6 -l ara native-resolution,ok,
aalam:p039,39,37,437d3e8e9015035c2d017f640db8d773a5b315314be48aaae43aed3215c29727,d6bd6e805e57de33f9434e6a5a1a0b4c0a7ea152520dae685bdb55d01ee20cfb,1579,0.9753,tesseract,tesseract 5.3.4,--psm 6 -l ara native-resolution,ok,
aalam:p040,40,38,0e6b8cf3b24339527c395cdb093f9f9d756bc4467ba70818704ea7993436d2c8,7d65f0d3a17aefaaec83de25e267e81e6a1c4c8cb7df871bee77272fb58b2a04,1378,0.9751,tesseract,tesseract 5.3.4,--psm 6 -l ara native-resolution,ok,
aalam:p041,41,39,c4a78f90f343f3251d4d879a1387a593aa85f283c0d7f49061ab1f288bd708cb,17e14949915b9889ec1507e82e8d0375b7eef6deb615d21fa9640378211a24cc,1582,0.983,tesseract,tesseract 5.3.4,--psm 6 -l ara native-resolution,ok,
aalam:p042,42,40,ad45c8ab257a1a743018b3323e00dcc1636e9b90bbd0de74f2070ababe31ba83,828365086bc95531d4edf4e858c3ee55f4ddbb744ea1841f974ec7d3830d5a13,1436,0.9864,tesseract,tesseract 5.3.4,--psm 6 -l ara native-resolution,ok,
aalam:p043,43,41,5698ed5fb8fcad9c35d8f8626aa7d441473d4652e819e6f13fa66f81777893e1,6a6f640f3ff329ab952bb32f2c34017e1e42153297a4bd99c643165a0750b22c,1608,0.984,tesseract,tesseract 5.3.4,--psm 6 -l ara native-resolution,ok,
aalam:p044,44,42,885dee0f9297af5f5c0ca32dbdbb9c4cbf1e6d2835a91e8fb90478c4d8a851b0,70c23d0867183ad36a48bdc7cee03625548cc383fb551e9697992f906e386b23,1524,0.9799,tesseract,tesseract 5.3.4,--psm 6 -l ara native-resolution,ok,
aalam:p045,45,43,8648c9a9a6d9b1fba32a54a359f4204317756c97c2cb10dfa597489bae963d9e,ea963b291e283e4cb3d7b6bf2e7cb3f98edafac53745d0e6a4d03e19e6cebea3,1534,0.9636,tesseract,tesseract 5.3.4,--psm 6 -l ara native-resolution,ok,
aalam:p046,46,44,d0229848ae02f3532db832fba0629871617d5b289bd3c440894b25e669c02879,fff7ae311a03eb4ce55fc45246e646e7a5cc0e7fd7429aa3f60c74a932ca51fa,1529,0.9754,tesseract,tesseract 5.3.4,--psm 6 -l ara native-resolution,ok,
aalam:p047,47,45,ca1e46debf05b780a5a9089e6b61a1991ee997264ce0046b6ef10fd6ab1eda1a,2f0e7620ec70ae22b8919dab1fc4cef40bac4be045b3379f98f05a61b67741c7,1327,0.9759,tesseract,tesseract 5.3.4,--psm 6 -l ara native-resolution,ok,
aalam:p048,48,46,2f936fc877d22e6222a2fd8ed691fa3c311d6a08779890470fcef697bcedb20e,6a81c706248313110d6bef7115f47d61ad5b4e863a1805a61a0909f9f2d4ef9f,1633,0.9742,tesseract,tesseract 5.3.4,--psm 6 -l ara native-resolution,ok,
aalam:p049,49,47,e6a2fae2d0ad0a79aac7c5631f450b81e12c492f7380337f2d05969e9887cf56,08eb7774a87926f6beac5c05631a84263364c853404f868e83761ab8d5942263,1260,0.9741,tesseract,tesseract 5.3.4,--psm 6 -l ara native-resolution,ok,
aalam:p050,50,48,f6a081ea530391285bb4abe3d05cda765c8a619800b1221611e7ae30c3b6cd09,a55b575ff5496b88829ddfe97a197e68ce71d6453251e22f04fdcb46501ce6c6,289,0.966,tesseract,tesseract 5.3.4,--psm 6 -l ara native-resolution,ok,
aalam:p051,51,49,332aa2727092967c076a0b892638e2e42385baebebc74ac6647db130ce4e244b,a4d3a4d44d7b96653b079e8d747902e48e07623a9d3d645f5819025a505e3f56,797,0.9405,tesseract,tesseract 5.3.4,--psm 6 -l ara native-resolution,ok,
aalam:p052,52,50,929c43f33233863b059c138c83479eb3a0885c3b0bc00fb2e33403f2ddfbac4e,e60bf615a9ca549f9df104e230f7d5dbbfbd20513f9eae82cebf8c644b503d4a,1239,0.9772,tesseract,tesseract 5.3.4,--psm 6 -l ara native-resolution,ok,
aalam:p053,53,51,f6930eba64918161b48892df4f432a2ca7c9de54504504374613a8633d0747f3,04557e78bb45aafc0bb43d7784d080a6b1737b4757bd88ce03f27a9f0c974dd0,1373,0.9754,tesseract,tesseract 5.3.4,--psm 6 -l ara native-resolution,ok,
aalam:p054,54,52,701621985ceed2ddce013864a855856725317657592a4863fd2ffa0a1d38e6d7,4227a54eb7aee967314e877e730120695efa49b4bb83782f8f0a1c2007481c47,1519,0.9632,tesseract,tesseract 5.3.4,--psm 6 -l ara native-resolution,ok,
aalam:p055,55,53,089218c18ff29becdbcd90abb1583c588e7849444001925c18e6dbc4291886ef,6f318411cc0157ef7526af9524a3f577b816e58023d94a17c94b85557c7a0019,1419,0.981,tesseract,tesseract 5.3.4,--psm 6 -l ara native-resolution,ok,
aalam:p056,56,54,3ba3a5940a999d84450cbfa65f5d9ac470a9ab708766cdb532d748073a899d69,3befae71dfbc417cc1ddeeda81457ad0d458c8cf64e48dc1f02cc72d49d11e4e,1338,0.982,tesseract,tesseract 5.3.4,--psm 6 -l ara native-resolution,ok,
aalam:p057,57,55,2a26f85f7920fd5ff4f4e7e51c0725c6b3f26a3804065abcb09b2c80c3c6a86f,839f09c68e18fde3e19b4ea991c57be3fbb585e27cd4eea3dcfdf8a102aea4ed,1046,0.9603,tesseract,tesseract 5.3.4,--psm 6 -l ara native-resolution,ok,
aalam:p058,58,56,3e86e3b6edfbfbe5bfacf4d59c7ad3f15c2b482e1808140bc854b1ea8aebb9f2,e3b0c44298fc1c149afbf4c8996fb92427ae41e4649b934ca495991b7852b855,0,0.0,tesseract,tesseract 5.3.4,--psm 6 -l ara native-resolution,empty,yes
aalam:p059,59,57,6af8fedc81804ea391d61abb9e1223693c43ce0f1d270a2e365a10d1ac3eaf7a,21de29f157164e563905ee81eb72e0ee9d357aa36c35a1a07e6c74c16facdc82,887,0.9053,tesseract,tesseract 5.3.4,--psm 6 -l ara native-resolution,ok,
aalam:p060,60,58,df4b3c14214e660aabe4bd489e633acaa6e0d2dfc659ae1e3677b5bda90db8f7,ac801c8a8dbc8f2d39929c8ef0c58ef5e968a8992667c9ab931be2b6d674d00c,1524,0.9761,tesseract,tesseract 5.3.4,--psm 6 -l ara native-resolution,ok,
aalam:p061,61,59,e274461be811a8deea62e5e0956af087830be10bb05366e304fcdb4d95fb96b7,a8df5fcaeae8be1c833daf4eff49d85f50c93b7369fda02470c1326512a07fcb,1581,0.9825,tesseract,tesseract 5.3.4,--psm 6 -l ara native-resolution,ok,
aalam:p062,62,60,fa396a03743ee856daca7e1e2763a691f785e0a0fdad3b15b22b025253657c24,a57d7a92724484ed872021b27a0167653ae328ab7cae72c0706a3a7f981574b8,1494,0.978,tesseract,tesseract 5.3.4,--psm 6 -l ara native-resolution,ok,
aalam:p063,63,61,50fe95c77acd73961acec012de0bbd7c8900d5fbd7c968a1a2e2b20fa7d863a4,f39721f20ba8eb70236e5de074079315463e6f3a84ec66bb12c7cb6a51096490,904,0.9812,tesseract,tesseract 5.3.4,--psm 6 -l ara native-resolution,ok,
aalam:p064,64,62,3e86e3b6edfbfbe5bfacf4d59c7ad3f15c2b482e1808140bc854b1ea8aebb9f2,e3b0c44298fc1c149afbf4c8996fb92427ae41e4649b934ca495991b7852b855,0,0.0,tesseract,tesseract 5.3.4,--psm 6 -l ara native-resolution,empty,yes
aalam:p065,65,63,8ac31c40ff317801f575d8ff97e7af9e928e9a0c448d82414d811be8b1082558,2bf59b031c43598a75c253fe8d1e1ae5ea6c01efa88a3cd4acddf164217da2e8,888,0.926,tesseract,tesseract 5.3.4,--psm 6 -l ara native-resolution,ok,
aalam:p066,66,64,67117239cd710258f3f86b0e1c9d0843309216a97b249040dcc4070798219ded,c76ac8b879b891d9a7db6c1b889ff816fb3ba84e518d371ea96dc7f73c21e479,1477,0.9738,tesseract,tesseract 5.3.4,--psm 6 -l ara native-resolution,ok,
aalam:p067,67,65,c5f281a8b69cd8824d9bca628b1b753d72a04e0a990ab8c30b2640f0afaa75b4,aa265e45a91e5ea31e0b7e584036afd3846f82d957cb0003fcf2b28fbf30e128,1551,0.9797,tesseract,tesseract 5.3.4,--psm 6 -l ara native-resolution,ok,
aalam:p068,68,66,ff153192a6a728fa3cb7e15921fed7593dedf529b3f0a285ff93d110bc9e5ca3,de1e15b3eae0dbb4a836456e46cc43fb9337b639fd1657ccd3a7dfe63a8e8678,1455,0.9807,tesseract,tesseract 5.3.4,--psm 6 -l ara native-resolution,ok,
aalam:p069,69,67,56e4cd75604fccabbf7b88eef3925326fa16a5836a21803f35d4f4faee1b5ebc,e2604781b1a5d912dc26b8c4168181819c58591ee760509ce4d8d3d847dd3955,1466,0.9656,tesseract,tesseract 5.3.4,--psm 6 -l ara native-resolution,ok,
aalam:p070,70,68,86a527ed7f0ab00bcb25ba6cbb9d26f15fb2a8da40890925615e2165b9a97611,0281992756f0e2c1f769cf1e9c8fffc458c99bfb17890cc492611d3d36fe4e22,1446,0.9749,tesseract,tesseract 5.3.4,--psm 6 -l ara native-resolution,ok,
aalam:p071,71,69,caed8210eb06049e21968aec3343e8428cfd2c77adda6bef584649ade4a9ad73,7f1e9b98a59d3763d0ec493e64ee1f5789e592a1b84bc7d46866dc8fa55a0f6a,1432,0.9795,tesseract,tesseract 5.3.4,--psm 6 -l ara native-resolution,ok,
aalam:p072,72,70,a5d88bd3c82c505791ece3c0226b0394ec0932bc83e56053161c61dc59b70f3c,11baa9e14a3d2e1e57e4d61456b4bce1436483295ee391723031521cce8515bd,1387,0.9665,tesseract,tesseract 5.3.4,--psm 6 -l ara native-resolution,ok,
aalam:p073,73,71,193f1c4c2008cb21d5ab9f398853ac38de8f930fb3bd5d07aa5fa91e57b7d6ae,1f40d9052e8323d5376586cb4f455ea8f405a5efbfb792e8e34b58bcbd4c65b4,910,0.9352,tesseract,tesseract 5.3.4,--psm 6 -l ara native-resolution,ok,
aalam:p074,74,72,5829e9476c68120abfe2e882b1b928855c823bae714514bc01706651d394816b,6eb1d8f8f1cec3af4e27744bff25ecdfffeb0d3ea791a78693c6e8dd1f7927a3,1350,0.9746,tesseract,tesseract 5.3.4,--psm 6 -l ara native-resolution,ok,
aalam:p075,75,73,4f3ef5e05ec801ce3264910f471806ac783dd3efa7aef76541dded78777b11dc,b32561d5764f940e1d7d4596831fee362c44405b9cc5d9b281eae41e634178dc,1436,0.9702,tesseract,tesseract 5.3.4,--psm 6 -l ara native-resolution,ok,
aalam:p076,76,74,5a2e7fc79b8bb37dc81d2724e1a03e250af006fee564e0e584a75fa0d6f3e8f5,63ded018e2ff54ce01a872eb3b68674a5f602b7e7e684ee49f5d903b27835979,1510,0.9791,tesseract,tesseract 5.3.4,--psm 6 -l ara native-resolution,ok,
aalam:p077,77,75,13560915b66f0c95309ea2d1be412ae959585778bbffc22cd290d54a009cb946,222484af1483d3a1ab887218a23f46a1074a07db1bbc3d6c096a9de31ca6b26b,1484,0.9779,tesseract,tesseract 5.3.4,--psm 6 -l ara native-resolution,ok,
aalam:p078,78,76,965ea335ca0c3b5f8950c77fc28f5db896826f2b3f561222253d44754a46dbbc,818f3b3c90a118726e94da22c36dd662f22d6f7081e86bb2afa9db1267502c39,1430,0.9771,tesseract,tesseract 5.3.4,--psm 6 -l ara native-resolution,ok,
aalam:p079,79,77,4e92f73f841310a3053fa3c5042a83688cb1da89505cf095398623ef80b69ad2,2cfa08cba8c7df5e6e27103bd5e7e832723be353313a9cf56c3a920b7a1d8685,240,0.9637,tesseract,tesseract 5.3.4,--psm 6 -l ara native-resolution,ok,
aalam:p080,80,78,3e86e3b6edfbfbe5bfacf4d59c7ad3f15c2b482e1808140bc854b1ea8aebb9f2,e3b0c44298fc1c149afbf4c8996fb92427ae41e4649b934ca495991b7852b855,0,0.0,tesseract,tesseract 5.3.4,--psm 6 -l ara native-resolution,empty,yes
aalam:p081,81,79,3147e17fff043cd37320acf40c83295b67dd029dad0d82d5f4a133c06a0f2cf4,6d3d159a0090c6bbf2babb0215f82eefbe343bdebd4ac75d648dbb988d0fe8b1,826,0.9632,tesseract,tesseract 5.3.4,--psm 6 -l ara native-resolution,ok,
aalam:p082,82,80,046aa50092f4c7d70a6d010249d02a26458735290fc8fdbcf1cbf6e261676d5c,e6454febc825ae1262bfe35f4be4cf3c16c348a7428bfd202d46090b7005c611,1438,0.9865,tesseract,tesseract 5.3.4,--psm 6 -l ara native-resolution,ok,
aalam:p083,83,81,3acbecdd131d7ed2efc5db74e522451437ea99be8046b3f3b5f918aad23198b8,d4b064cced6c8dd26ad54604d140d13c14a4d496637df361c943df2794766d4b,1379,0.9833,tesseract,tesseract 5.3.4,--psm 6 -l ara native-resolution,ok,
aalam:p084,84,82,4ecb1a71b56506a149feb9fc9b348643050b4aae8e5e338efda9fd8ed6d29423,f7e135c9fd17cd7bf5bca18649e7a4ee60c4f631e0809033ca6c3af4bee189f1,1359,0.9749,tesseract,tesseract 5.3.4,--psm 6 -l ara native-resolution,ok,
aalam:p085,85,83,0605f03c09f4224c7dc72b40bea12da14aa746b76d779fb3990bdaf6d426f70f,a5ec8a32f73ac00c7730dd4970587ba8d8140645cd7cec474bbd92d8b63c84ac,1556,0.9784,tesseract,tesseract 5.3.4,--psm 6 -l ara native-resolution,ok,
aalam:p086,86,84,628a48ad313e569c686a8f649dcdf686d9ef08ed709c104a616e131d36256700,2506629ce58b1f481840d49c71ad86ca841b59b4fc70e6d3197f8a7440dd6d12,1589,0.9795,tesseract,tesseract 5.3.4,--psm 6 -l ara native-resolution,ok,
aalam:p087,87,85,506dab7230bd2f9e2f07331bb4ee91dba7febf007c5a8102385b0486f292255a,71750d32325820e42717c723dd1ca9f4da6a2c813c757af6d7d889ae7dc3ed91,1589,0.9801,tesseract,tesseract 5.3.4,--psm 6 -l ara native-resolution,ok,
aalam:p088,88,86,b47b748f1aae4f9b652640910a72632240417829fb016cae6cea3c66f1fdd6fd,e3560a34bc8d23bfd133ce1e4f77bdeef8b63315ba75b57e647fef1a5e4e4f1b,1052,0.9783,tesseract,tesseract 5.3.4,--psm 6 -l ara native-resolution,ok,
aalam:p089,89,87,fec3a1604a1cf88706cd2849a9fd2b333020a4d258a41126b6e712fe43eac1d1,fe8fe8a3f0c3f7687e4e18e6439f9a8bbcbcd7614532513e04cdafdd6ed749de,830,0.959,tesseract,tesseract 5.3.4,--psm 6 -l ara native-resolution,ok,
aalam:p090,90,88,769d997955127277dc98caed0f4881aab90c66588ce4e08e041565e1a2fcd11e,c6e64f358656da982954230140e5dbb2fce02c7ac75da6f9cfdde0e462770557,1410,0.9708,tesseract,tesseract 5.3.4,--psm 6 -l ara native-resolution,ok,
aalam:p091,91,89,0eeb9df4ee524a7c540c0cd07f1cddc27ed529e373277f75a2566799a0599d3d,54bc206f0df0e3a3594733c07c34c6aad8b3ed960fa72ac9c106ea6faaeb0123,1424,0.9538,tesseract,tesseract 5.3.4,--psm 6 -l ara native-resolution,ok,
aalam:p092,92,90,644dad26db3e91f368151a870f5d53735b0a81f28e42bf5635202deed3a12d3f,7262276af86c2b1ed1911cf42f450a458f8b0a3c786b682ec0da9d674e70017b,1306,0.9397,tesseract,tesseract 5.3.4,--psm 6 -l ara native-resolution,ok,
aalam:p093,93,91,29bed7b1f550dafeb3ab5c0add9a601b1135a7432778d9740342e7a4ec3f9b93,aaf618e97e93a525ba9a5049126f9500b5910346ee5ac37f6e7712912444ea1a,1469,0.9737,tesseract,tesseract 5.3.4,--psm 6 -l ara native-resolution,ok,
aalam:p094,94,92,0b503b1cc46fe3096999c9b02613496d965380380a20e42264fcc7b787c44e72,0566254f15d4586d3ceb5952d31d4b88b2c1121cfd6e2d9efc567ce3666cb3f5,1359,0.9642,tesseract,tesseract 5.3.4,--psm 6 -l ara native-resolution,ok,
aalam:p095,95,93,ca910ee995d95e2f5201ce135219609c017286b2c3f5645bebc57c606ab56cd3,e39a44104897463a95ddf1d6e057df4134adda259143b3a89912abac73623fc0,1373,0.976,tesseract,tesseract 5.3.4,--psm 6 -l ara native-resolution,ok,
aalam:p096,96,94,36d9dce64069a22f5f60d446cbf93a777919c4a566f57118e358ccb1cd80cd7f,163bf98d78db9897422e62eaae96704c98e17104eecf1c1a2a01ae6f6420c9dc,1515,0.9736,tesseract,tesseract 5.3.4,--psm 6 -l ara native-resolution,ok,
aalam:p097,97,95,497fa3867e07e5a17b7d215874af12667d03039754e8631952724c2a7966056a,a4ceb3e11868be635082828fa1e92088d95d322fc432bc83483959865af0a580,636,0.9675,tesseract,tesseract 5.3.4,--psm 6 -l ara native-resolution,ok,
aalam:p098,98,96,3e86e3b6edfbfbe5bfacf4d59c7ad3f15c2b482e1808140bc854b1ea8aebb9f2,e3b0c44298fc1c149afbf4c8996fb92427ae41e4649b934ca495991b7852b855,0,0.0,tesseract,tesseract 5.3.4,--psm 6 -l ara native-resolution,empty,yes
aalam:p099,99,97,1a43374157a6e0e931c18e3b6a4abaa70e0b50688b831b1f23a334a9f56e91ec,67f0ff794e27b3836cd76e129502c034725dc32de5f863f4635f8026712ccedf,857,0.9589,tesseract,tesseract 5.3.4,--psm 6 -l ara native-resolution,ok,
aalam:p100,100,98,bb6bc54f8f3e6cb59953daa1ea9cf38cdeedfd4f05b75708982f1f4c944eb8e0,b482313c60c40a083f823fa52bfb5e9ec208c440bbc40e0afd97fc61d793ba5b,1302,0.9653,tesseract,tesseract 5.3.4,--psm 6 -l ara native-resolution,ok,
aalam:p101,101,99,2f8823ebe4f3cdb378f397c82d0531ea3912e9068487ccf399fed66e67071e15,4971c8993b0f6e1cd3777eee1a54cdb78bed1efca5e77c68b52aacb9011a4885,1568,0.9561,tesseract,tesseract 5.3.4,--psm 6 -l ara native-resolution,ok,
aalam:p102,102,100,54b39e0a420889f25c3caf6fbb1dcc538a84958b4e7ccbea108815cc7e31070e,64bd795b67134281fffab1b68c4df64e401203376d4e71dc46e1fa6d712bd9df,1401,0.9596,tesseract,tesseract 5.3.4,--psm 6 -l ara native-resolution,ok,
aalam:p103,103,101,f9853d4aa161a3cc490ba3794f5b6f9d18db22be634ffcdabdf0ea4c740bcea4,25207db733e7e52f4f61dd9f44e82fbade3a509f3aa690f522e14ef325cbe5f9,1633,0.978,tesseract,tesseract 5.3.4,--psm 6 -l ara native-resolution,ok,
aalam:p104,104,102,c1c1810d6d2130f36acb73f6144db2973421c04a61ba95ee960d11391f6c1934,1bf87c7013b705eb90dce81a9695ac35ba202f66f34617491c89adb5fb170fd9,1600,0.9775,tesseract,tesseract 5.3.4,--psm 6 -l ara native-resolution,ok,
aalam:p105,105,103,159d9470d8882fba218447a7cd7d4b42f0514448c1b16297bf6f1f3840f41081,70b71c812e5affa6a88f11fadca63f4f8b1b108579d125e58016c47b90c077a0,1511,0.976,tesseract,tesseract 5.3.4,--psm 6 -l ara native-resolution,ok,
aalam:p106,106,104,801cb8d8086ce69c6b3d469710d08683726c71eea664384435ee0b9e60dc25bf,e8e1e97e7f2b7d21239d908e03cb4a114c8234a1dddbe10eaa93094776afa475,1603,0.9608,tesseract,tesseract 5.3.4,--psm 6 -l ara native-resolution,ok,
aalam:p107,107,105,b205aa053b15d247cd94f1fec91697ca1b908aa1190bf197027440af0cc3e419,9c23433f680bb7efa6e13d8cd113bcf3bbe6597dc1449664a77af04625a0b8f8,1618,0.9732,tesseract,tesseract 5.3.4,--psm 6 -l ara native-resolution,ok,
aalam:p108,108,106,1c7378dfb6fa5c874e7721fdc0cdce246decd13015d2b8c2537f77346150aff4,0de3d17cdf4931475ea5cae0ed13bbefc19f663114165dd4da88769c5c915f10,1465,0.982,tesseract,tesseract 5.3.4,--psm 6 -l ara native-resolution,ok,
aalam:p109,109,107,0fe0957bd1e606aa4d7950325a03e1c08d07b83f0eff157b8896fc46fb3364da,5ea14e238935a157cf296339a69f8a74b73ac15d2c49079c5f6c6dcdb6eb754a,1591,0.977,tesseract,tesseract 5.3.4,--psm 6 -l ara native-resolution,ok,
aalam:p110,110,108,c424db2a235d2b16c003de5b3be67eb0638c4afc62cf1c8afb47a58b434ad022,fc303dd50e03ff3da6a84eed9909761bbe99e4463f8c24aed2e838d9ac5a8e17,426,0.9457,tesseract,tesseract 5.3.4,--psm 6 -l ara native-resolution,ok,
aalam:p111,111,109,5135e45d4064651364999b4146c74996232eadaf33ebd21bef65ad09d057dcf0,33234e053ee666283bc3e81e23318108a6c588a1c06f941df7f517c0294f65f1,12,1.0,tesseract,tesseract 5.3.4,--psm 6 -l ara native-resolution,ok,
aalam:p112,112,110,428bcf48da61eadaf63c0d7613780a17129ed90d0ae1cbcdf5242faf5d369351,e3b0c44298fc1c149afbf4c8996fb92427ae41e4649b934ca495991b7852b855,0,0.0,tesseract,tesseract 5.3.4,--psm 6 -l ara native-resolution,empty,yes
aalam:p113,113,111,062dbaa2caf6004a8ed4324776a4826529f66b817768f6063b35251b27a712ab,e0d2c754432a34e3708bb9d5889cb9a04c38a66e511281e1c7ffb6e07e466ea5,801,0.9654,tesseract,tesseract 5.3.4,--psm 6 -l ara native-resolution,ok,
aalam:p114,114,112,16eaca17826340c8f1e121af16012f4b8cf8c95f9226865c5c25d087df5c8c9e,ddfaf2b14470281dec0b87869825c6d880f339ee74c2d8c857833d5af06f4e31,220,0.9722,tesseract,tesseract 5.3.4,--psm 6 -l ara native-resolution,ok,
aalam:p115,115,113,c43ff4a618e656df5ddb0ce610638267f86ada65667746e2ba9ae7957f2d791e,087a2e68315dff9f7024efb8faf5a09a7f828139af534557c5d6f9afb2a5e9f7,797,0.9192,tesseract,tesseract 5.3.4,--psm 6 -l ara native-resolution,ok,
aalam:p116,116,114,211f6c816ef5dced86f0e5a5d5fd25c12455dfee72492cfebb60b2be00fb2015,768123354a02caf01a56345ee6378b9181430b3361b0713481f2a72266f75b67,1397,0.9767,tesseract,tesseract 5.3.4,--psm 6 -l ara native-resolution,ok,
aalam:p117,117,115,24f8b4167e50cf17eede0f5da36326f71790e6e172e3336ee49017171c77449d,33826707d8a3ca6fd4044a6ac2afb71166bbf98aa231688ae717ee342c41e0cd,1529,0.9734,tesseract,tesseract 5.3.4,--psm 6 -l ara native-resolution,ok,
aalam:p118,118,116,44d2e2e7615ddbfcc7a91f4be59e611c95eaaa900d793b8811566b1db9b00bed,5510d39ef30b7463ccef35d4455e96a8ecf5a157a0c75a0d37eca1fbb0313e2b,1533,0.9803,tesseract,tesseract 5.3.4,--psm 6 -l ara native-resolution,ok,
aalam:p119,119,117,f5b69610bf67f0cdaad980d2c15a4b5953b1899f3acb96c570182ce66c0f1f4e,9a0f2192f8c839804ee50dab03a307565ac217c9a656f75c4dde910b50d20102,1524,0.9655,tesseract,tesseract 5.3.4,--psm 6 -l ara native-resolution,ok,
aalam:p120,120,118,b043ce4914e2211d15ce900929351592d2a78ca8f582073a398cf122bcf0a787,f8e74da60ae85b9e9db1451be7ee41812520a79f884499ef04d9de0063d9a2d1,1559,0.9736,tesseract,tesseract 5.3.4,--psm 6 -l ara native-resolution,ok,
aalam:p121,121,119,c8b756ac432db8e245a139e1814e5bd9ca608ebb355f18e16763361f4c763ddc,f323ce478ad41e1836658c413cbeeb72a22f0366251eb1e1de1cf922cda44408,1507,0.9758,tesseract,tesseract 5.3.4,--psm 6 -l ara native-resolution,ok,
aalam:p122,122,120,ebc32793294e3b527c68b1a27d0b0b105f58548df123836b6628e5274bc5ff5f,d3f1fd93c637c39678b9f0467eef5fa8735ef70b5bb0aa2c046125c8d3f3cfaf,648,0.9356,tesseract,tesseract 5.3.4,--psm 6 -l ara native-resolution,ok,
aalam:p123,123,121,e64282d36c824884dfbfd0d3804cbb40b88f3a792054b2a399caf7dd997cae86,5e01213be53da2dcb8ff42c28ce21f9787bb15336217f5ac0f3d1b40d20c5daf,815,0.9644,tesseract,tesseract 5.3.4,--psm 6 -l ara native-resolution,ok,
aalam:p124,124,122,d0c7ddab2976a4d7f44bd281b3f1c0ac04271c23d6422c34d6cd892959f6e920,905fe704e0d3a3e1ca9e8b05ba8ffb66dcbcf5c29ce7c674ea891730b1ad2915,1442,0.9792,tesseract,tesseract 5.3.4,--psm 6 -l ara native-resolution,ok,
aalam:p125,125,123,7fcca2bd1aedaec1aa87444def664db85c1c77131d364bd4fbae11e6c870d850,9126bc93174b5fd73f051a33b31a944a5073a8a9b514b1555e562074c1928a7d,1448,0.9782,tesseract,tesseract 5.3.4,--psm 6 -l ara native-resolution,ok,
aalam:p126,126,124,c55cc8d490c6f832eed3d01cb121ba2007e4993f6d4e4f4746bc57f2d0367ebe,e4df285a87d21d3cd5f0f99ca7359ddca779df6a5960d6e17d82573d43916737,1536,0.985,tesseract,tesseract 5.3.4,--psm 6 -l ara native-resolution,ok,
aalam:p127,127,125,476eff22eed4bb36aa18fac76fae1defad405bf8cd901085b0e4a454c1258673,d7ee2d3775b15cad51f2b223713ec08e0f58d97b5d3df4031ad4ef956ad32d1b,1307,0.9633,tesseract,tesseract 5.3.4,--psm 6 -l ara native-resolution,ok,
aalam:p128,128,126,977e60962d12203955bcb484b1bd234c86eb33b7e0107ea2eadac7e55596d8e4,db650e584a504151d08e81c5c93012fc910e7b06aa1943947404b258949c0257,1635,0.9808,tesseract,tesseract 5.3.4,--psm 6 -l ara native-resolution,ok,
aalam:p129,129,127,df8499d9415d0ca4103c45f3c32cfcc07ff88e96e8f84b1aa749bf716a9fbfa1,bd3870fdcf604f22e7b61797ea47ca4dd1cc8ed0d3a7a7de8f1d58cfdd32de0b,1346,0.9695,tesseract,tesseract 5.3.4,--psm 6 -l ara native-resolution,ok,
aalam:p130,130,128,304eac55ac1ab1c27b1b45d4667e49cd3579dec701265bfe7656792408448b30,68dbdd71877ff45bfc23192490745965613ef53e97240865bbeee42df05fc92f,1288,0.9848,tesseract,tesseract 5.3.4,--psm 6 -l ara native-resolution,ok,
aalam:p131,131,129,f5b94e090fa243f213188350db4de0583a0b76d8f1bf0e6a382bcda704190065,3ac99e394fc8489ce23a407bf01daeeeb31f6d63c8d6ea0de35f80a96e890ce2,1211,0.9739,tesseract,tesseract 5.3.4,--psm 6 -l ara native-resolution,ok,
aalam:p132,132,130,c40aacecdcbd2f93813f2b0fa5e9ad12aea89806be6f40d7f3e3764c1466a387,ab61b661163d5e7d7616dfb3fe28c3386e2b570a246511dc9418f874fc4184da,1278,0.9778,tesseract,tesseract 5.3.4,--psm 6 -l ara native-resolution,ok,
aalam:p133,133,131,220f95be4c0b8a41ef6e053673fea8c49d84c2bbd3a72c80558106add715c1a5,8e932cdbab204c0e6a32ab97a5e2d8936877d7e25a1a6a21868124cc2d86dd6f,1203,0.9657,tesseract,tesseract 5.3.4,--psm 6 -l ara native-resolution,ok,
aalam:p134,134,132,3e86e3b6edfbfbe5bfacf4d59c7ad3f15c2b482e1808140bc854b1ea8aebb9f2,e3b0c44298fc1c149afbf4c8996fb92427ae41e4649b934ca495991b7852b855,0,0.0,tesseract,tesseract 5.3.4,--psm 6 -l ara native-resolution,empty,yes
aalam:p135,135,133,f7230af1874000c2a2cd4fc16f900bc2cabd7cb6bd2c74992c7a460808257fe9,a7b9f74d66887f71c9beeab4169c4eeedf935a416fca9490b7e53b152b424231,870,0.9627,tesseract,tesseract 5.3.4,--psm 6 -l ara native-resolution,ok,
aalam:p136,136,134,067bc56f7ed28f6a09dbaddb8b5896797f59a9dceb467f882ff20d25a82d79b7,ab1f1193f670666878006f513e4f091f3c7e0b2b707668e805dbf3d5952bd6f7,1314,0.9805,tesseract,tesseract 5.3.4,--psm 6 -l ara native-resolution,ok,
aalam:p137,137,135,96ccec5e98383d766111c161be67d528e8cf3f0166a1d0d79b526350f3d3f66f,587f3a511ebe7509168982b6b5161475ae767d135b3ec3805b932c4253bd347d,1459,0.9736,tesseract,tesseract 5.3.4,--psm 6 -l ara native-resolution,ok,
aalam:p138,138,136,78f9cfd87242d5dc21bc39614e68b50cc329d8db29fd16450fec1a1218aab532,ea10c2e629d6245ef6b4ec345dfd3bf226e5f84fe523e5b8edaf44972a35c233,1453,0.9719,tesseract,tesseract 5.3.4,--psm 6 -l ara native-resolution,ok,
aalam:p139,139,137,1e8aaa203f37d3859f159065047d0f39e547ef6eddec4ff7de65f70e5c55984a,546f4e0a972dfd009edc3388c12e4026dec8a396943fd6e136f6bb288b5d1aef,1591,0.9832,tesseract,tesseract 5.3.4,--psm 6 -l ara native-resolution,ok,
aalam:p140,140,138,ca59a553fc2e34993fa3cf07d7edcfdd22ecc23e26a562674f191a95cb684ec0,7c18aaacf8ec5c7d8096a471346df966dcf73410dc569dd471484158197d41c7,1430,0.9401,tesseract,tesseract 5.3.4,--psm 6 -l ara native-resolution,ok,
aalam:p141,141,139,f3966e7480e8d723a9a93a33f2de90fe6e9752ab2151b3a843a1904e2e2935d3,7522696f5ccea1bcce4916da4b1026b548a075ca904b9c848cbb0fb6a9fad4fc,1331,0.9608,tesseract,tesseract 5.3.4,--psm 6 -l ara native-resolution,ok,
aalam:p142,142,140,7b16254a879af74e98a9268f8c301fbf231f7df87d6f608333f35f652b14639f,ad3a56ccf9d7f3ee72e732f05bacd9552f53e99a5170a98d538dd58002f4ed53,404,0.9758,tesseract,tesseract 5.3.4,--psm 6 -l ara native-resolution,ok,
aalam:p143,143,141,70e37ef3b254f63d54e129da69a2ea51ff16e16b9f3dd60c0224e980cf3a3e18,aa42c01e5928957d08774800201d81fa635d8dfc004ebd260cd03a0cd4d2dab9,782,0.9591,tesseract,tesseract 5.3.4,--psm 6 -l ara native-resolution,ok,
aalam:p144,144,142,3a13f36f1632344f3001e70dc26003c14b21dcf6908724c78871568843c69da3,b091bad3be8bc92ae503e056e71bbca1fd07229a8835c0e95a3b38b957126b6f,1491,0.9861,tesseract,tesseract 5.3.4,--psm 6 -l ara native-resolution,ok,
aalam:p145,145,143,3510759ad1f72b04ffde7e68b640ef77daef1450210281ef36aec36ebac96a31,8004a8ab20086d1808b74461b7461715d5990c076aa2133a2b84d230f616ace8,1464,0.9784,tesseract,tesseract 5.3.4,--psm 6 -l ara native-resolution,ok,
aalam:p146,146,144,28cd4f48bebaa685318ee5dc30cba5ad982a9c0d8f86e4b638ecc3c22ddd19c9,ba9b9f172bf2ae00e0c6831ff394504e7a93731d260d5b3bf84e92615d470081,1507,0.9605,tesseract,tesseract 5.3.4,--psm 6 -l ara native-resolution,ok,
aalam:p147,147,145,eb9ac5c653a3384a364abdd2745831e6d5f97d6a8b286ee51502e9deb67c9147,80681d3759fe3ebb43f52b6f2e3bbee3be6eab1f8fe7c688454e508b67e8b003,1424,0.9738,tesseract,tesseract 5.3.4,--psm 6 -l ara native-resolution,ok,
aalam:p148,148,146,85000a72045ce6e6e417a5884f4fa61d59d8a0948528316d1432cc2466df45f0,b2aec0afad788ad78ce46396456f35539847a5f262ed34258a97f0ebc51e4d40,1573,0.9825,tesseract,tesseract 5.3.4,--psm 6 -l ara native-resolution,ok,
aalam:p149,149,147,ef03471ca8516ae0667914fd1d6ad3d9fed7a0b35e448dc5a40667d6a6b6df05,5b80bf427544a6b1f3cda24a179f5d97edadf901b9b8030298c9bd5a838b3653,1566,0.9807,tesseract,tesseract 5.3.4,--psm 6 -l ara native-resolution,ok,
aalam:p150,150,148,7acd11455be5b7e63e1eb65280cc2b186b93ef7c169fa9af1978c7342140cd2b,4596fd1224f30cdd1fde2bdabe193afadd5924191886ac15ad32a8d210f2853e,1597,0.9849,tesseract,tesseract 5.3.4,--psm 6 -l ara native-resolution,ok,
aalam:p151,151,149,bb878f1c5e9e27321725c85dbb1009f3543c689b7ead33ba7cda627d07908cc0,8ec4d77cd42e31678c8fd6933d5b1f1ad549d2796a64f46cbc94b80bd4fad522,1560,0.976,tesseract,tesseract 5.3.4,--psm 6 -l ara native-resolution,ok,
aalam:p152,152,150,81d608605843ce386c6c109a833f5ded2c65a07d58f75f87503ac06860b1f074,9070ac794bbc1d9f7268aa328525e977835a30ecd8981415aa173acfb2cad69d,1574,0.9798,tesseract,tesseract 5.3.4,--psm 6 -l ara native-resolution,ok,
aalam:p153,153,151,2a6b19179aca35c9440ce9304211cd485795a1462ef81edef174d0be44f2b99d,16c381dccd017b27a6de0af99a6b3f5645e3e61d333813c37ed0d2b5ec55acc1,1509,0.9735,tesseract,tesseract 5.3.4,--psm 6 -l ara native-resolution,ok,
aalam:p154,154,152,60193a2ce8854fd692ce6a35d59266a06abfb2af43ef78012b3d0fb316b1510f,99bab5c95598c2d7115da3ad31ea8568d951fd8df15abeca7c7fb42c0aae434c,1563,0.9793,tesseract,tesseract 5.3.4,--psm 6 -l ara native-resolution,ok,
aalam:p155,155,153,324ee99ee69489c1f6fd410d16a7c42136847926dc5e90a1f21e79377840bf05,62d0ed4d88fd9fe13dc222878ae944a425ab6a9b5e4304cbf3c625c6233c11ea,1524,0.9763,tesseract,tesseract 5.3.4,--psm 6 -l ara native-resolution,ok,
aalam:p156,156,154,359f40f425947b25e9680fbd1f2c57ee59267be08cbc5073f27f8e445bc686ab,4c194fdc761a85951734574ea8394bafaaf87bb2489182da28bd24603c16e7de,1445,0.9758,tesseract,tesseract 5.3.4,--psm 6 -l ara native-resolution,ok,
aalam:p157,157,155,a672c8a342b8345b7749a87bd9d26f3324f5da5fe65c2e05850f34f4d7421614,1831d9c19f8b933eeb79e5f4b2459076c13061c4b9acf22889b317123b936fa5,1559,0.9753,tesseract,tesseract 5.3.4,--psm 6 -l ara native-resolution,ok,
aalam:p158,158,156,0d0cb225da7910501df7ba6c66803df1e663f3e61a741d0f55a25d0012316be2,0f86cf16e6fd14889631d71cf3154427935fe60638beb224b977766b7ed0544a,1566,0.9782,tesseract,tesseract 5.3.4,--psm 6 -l ara native-resolution,ok,
aalam:p159,159,157,ded601628bdabb0e028985f8ad55b5e38387b602a00a7bf73aba723a872b5aef,f122b72cc0c4d72df8ec24c8cdddd37d525044d45e50c76e882e2d1849e8dd25,1473,0.9843,tesseract,tesseract 5.3.4,--psm 6 -l ara native-resolution,ok,
aalam:p160,160,158,517e7f556f9147b88417d28fee6562e9a61a2ffb37545824f4d0867f4c85a8c8,5045e5687697059d624f4b11412afd5e77b39e1aca80cc6d014a72bd11a4edbf,465,0.9521,tesseract,tesseract 5.3.4,--psm 6 -l ara native-resolution,ok,
aalam:p161,161,159,d1a9215d17f3c76810758d9aafb9e15775d4228040f4cfba376808a28f4cf84e,1149df7eefdfd4f2bff7c4fecc3860a3f62e0ae40de514d8b215be11625cf486,721,0.9539,tesseract,tesseract 5.3.4,--psm 6 -l ara native-resolution,ok,
aalam:p162,162,160,55ecafaa2fa20653ee4494859b6fc615246ec8218b5fec80a3fa51d73f4d4d4b,66bf2bfab4770b358e222537a9db106f57e0bcbdca9503b5f2f5126196db9ddd,1531,0.9692,tesseract,tesseract 5.3.4,--psm 6 -l ara native-resolution,ok,
aalam:p163,163,161,a00ca6946e585c091ab1b15c885d43985fb580e37a1bd215952df0f909a686e9,ae1f7599b20cab05ab89bccd633e2c263b11cd9a99f76871b0e435a0a6ca8a00,1233,0.9783,tesseract,tesseract 5.3.4,--psm 6 -l ara native-resolution,ok,
aalam:p164,164,162,b3adc87f696c03f81ef4a38bec45cad39ac4b35367223236b70d17bd74a8b4a3,1d3c4ef4aba4cacfb96f2b8266083c12e346c7b58aa33086c659087eff2df744,1262,0.9695,tesseract,tesseract 5.3.4,--psm 6 -l ara native-resolution,ok,
aalam:p165,165,163,9afb9cbb22382d50469b87e1f88de0ad23bc8876738fc5e2f7cd24f39cd27b1a,ebc79b49a1bab734fd5c9882fa75c938b4c212c27dceb86d0c6f2d934dde709c,1528,0.981,tesseract,tesseract 5.3.4,--psm 6 -l ara native-resolution,ok,
aalam:p166,166,164,dd02bf6c1792ecf2c2411decb192e34383a085c6e86b0caf8691cd3db1da33df,dd026f73063d7cacc27b2d7ae5cf50c0cbcb0d56d24482b856334b304f909e8b,1508,0.9702,tesseract,tesseract 5.3.4,--psm 6 -l ara native-resolution,ok,
aalam:p167,167,165,3876ebfd74293c25a5f220f8bd66a95bbe473de5dffcfec2870b75e27f95a414,7cf051a07f80b9803310b06e4d9d187cccdc30f6d151c35d6fe24439625b6b5f,1618,0.9724,tesseract,tesseract 5.3.4,--psm 6 -l ara native-resolution,ok,
aalam:p168,168,166,6bdf7414c7fe54adcbf01ef05bef981f9d0cc256dc1d4e1ed6858054d7c52628,9db8cba9dec5c4b4717c75a333036e6067ab574747de3902ddd32d2c9f54407e,1321,0.9705,tesseract,tesseract 5.3.4,--psm 6 -l ara native-resolution,ok,
aalam:p169,169,167,23f87aac2dca1a548eae8ab507dfde2837afe6a4168c6a1d3960410b6f2ef7fc,1d66b75bd15119122032f139ed5980cd36ff8b8ebebb925b1583fde23dc85bb0,1536,0.9777,tesseract,tesseract 5.3.4,--psm 6 -l ara native-resolution,ok,
aalam:p170,170,168,c51ec5f0779631177fd961a1d94c08496d5e6b8e1362512d7dc109004a244d6b,f4a744f8e1958ace68e033a2cc64ac83b4a97bdc98847c043ed1af71fc55e4ac,821,0.978,tesseract,tesseract 5.3.4,--psm 6 -l ara native-resolution,ok,
aalam:p171,171,169,ec0e76f9de0f206236d782c0d3b231127302efb199e5cba3d86a2814c0ad579d,d732c316fc22eb22ebcdfb6bad9713b761d6dc6da36bc544c0be0eca9ea97cd5,926,0.9636,tesseract,tesseract 5.3.4,--psm 6 -l ara native-resolution,ok,
aalam:p172,172,170,d10f3118caa427ff9e665b59bfb06beb21fa6e8ac224638b208ddfe8f6c9e9fe,b2c96257ec1c470366c86b2e43a5c581f8b0593c5de9708514d55262c7fc1a08,1455,0.9799,tesseract,tesseract 5.3.4,--psm 6 -l ara native-resolution,ok,
aalam:p173,173,171,7fd4709acfa1b114afa1a096987f42eaeef2a4b5c33a50f5567640a559d4834c,407efc87fba2d85338cf905bc6bb18e35d8da8a1fb22a061b7e7c4e73bcb592d,1610,0.9849,tesseract,tesseract 5.3.4,--psm 6 -l ara native-resolution,ok,
aalam:p174,174,172,876ef752152bfc7e1be98be4f7f879f4234e3cf057cacdbcd076b5da4d2a6c02,26c7e1b219d2e8a19e093bd3b3bf5371e654356b76ab9a84d3ef197acfd8c654,1456,0.9776,tesseract,tesseract 5.3.4,--psm 6 -l ara native-resolution,ok,
aalam:p175,175,173,c6f484556d638ce8dfe432cd3eaf74b4a5cd9a5092b85904000b4b0d0c9e768b,798eceb5dbfeb2ba70e582c8c1a4bc9bcfc1dd5264ce106bba403946e384e6ab,1506,0.9777,tesseract,tesseract 5.3.4,--psm 6 -l ara native-resolution,ok,
aalam:p176,176,174,2b124ebb4d034bc9360cfedaac552cb45aea9c0a66bd6bac9e38a774a9139ad1,9cb378bf9bfd350e071934359572d5f3e8ef1d7314265bb8e72de520cda00665,1459,0.9579,tesseract,tesseract 5.3.4,--psm 6 -l ara native-resolution,ok,
aalam:p177,177,175,b0c66eea70ae9434df28c0ff1f96d22c34cc5e8375c1a04050b60e59336a7073,447cae83ad596dd76e4fcbafdf899ec1869513de457ee31d4cb17e08913931dd,539,0.9201,tesseract,tesseract 5.3.4,--psm 6 -l ara native-resolution,ok,
aalam:p178,178,176,3e86e3b6edfbfbe5bfacf4d59c7ad3f15c2b482e1808140bc854b1ea8aebb9f2,e3b0c44298fc1c149afbf4c8996fb92427ae41e4649b934ca495991b7852b855,0,0.0,tesseract,tesseract 5.3.4,--psm 6 -l ara native-resolution,empty,yes
aalam:p179,179,177,5726d9364f8ef480f734f09e21b96995c808c10813b2e9d8ebe2d45805b96f2a,c6f8450cdddbf81cf6c8118737386c8616fa00ff4ff7d7f76b22331f1d6aa13f,622,0.9557,tesseract,tesseract 5.3.4,--psm 6 -l ara native-resolution,ok,
aalam:p180,180,178,a1c4c2e58f7c1df43aa58572a6dbc1b1035d6afc3558a648e55170ec17892148,15ba9e874ef2aebd39f6e38499370bc8d5def39e6f2b68f4b43adb095005602d,1516,0.9761,tesseract,tesseract 5.3.4,--psm 6 -l ara native-resolution,ok,
aalam:p181,181,179,3ab1edae4e7112e23c39491049f3ef96ad6fa4444836bc9372da02b565cf5835,341d43544148dcb826df9fd66eb74ab571bde6fdd248d30efa9321c4187ed1d6,1463,0.9809,tesseract,tesseract 5.3.4,--psm 6 -l ara native-resolution,ok,
aalam:p182,182,180,0851b64405cd2aadd1f081372ddc5a45796a227831b9bd1301a870e5f1319e17,f6fcb4ebc82a9d05756909872b0f8c96f82486d3f2f8c507f0aab26835b90e07,1447,0.9692,tesseract,tesseract 5.3.4,--psm 6 -l ara native-resolution,ok,
aalam:p183,183,181,12ef5d79ee846fcea8140b3d9ff5e6e81c42cdb7632c72d121090d3f412c2492,0f9245104790cb204002ddb87cf2689c954085db8151b832f7f02757a9e1ae81,1450,0.9765,tesseract,tesseract 5.3.4,--psm 6 -l ara native-resolution,ok,
aalam:p184,184,182,dace2e994514ec0eb6cd0f3819324b46ef3eadcacf95ec5a620509bce3e7205b,5e34aef14000531b988ac70c1076e158f48180aa974ca7b01a0182c6fac62a7d,1486,0.9438,tesseract,tesseract 5.3.4,--psm 6 -l ara native-resolution,ok,
aalam:p185,185,183,6eee1af08620b89befc438e7374df49c60bb9504052cead4a2665afbb88252f9,b91fee7379c51c3a965f668ca35d1e4ba915414a9cf404ad9c0844024592f3b7,1450,0.9523,tesseract,tesseract 5.3.4,--psm 6 -l ara native-resolution,ok,
aalam:p186,186,184,8b9a4b29db1d2d356bab4480090879511c807c59ab0abed7ca6e9f35861d5f10,a1fccbc12ffaf697e75e79193fc8846dc9784a2b0036337eeee65e2d4d216a72,1521,0.9682,tesseract,tesseract 5.3.4,--psm 6 -l ara native-resolution,ok,
aalam:p187,187,185,8ae0b0526e337a6b752c51e16a47fe810f052bebd2e53f7342194612df5ad7fb,ae6800e8df1749330c2792efd8ab75d05fb35aa4647f9336636513fbe24cf5b5,1583,0.9739,tesseract,tesseract 5.3.4,--psm 6 -l ara native-resolution,ok,
aalam:p188,188,186,3e86e3b6edfbfbe5bfacf4d59c7ad3f15c2b482e1808140bc854b1ea8aebb9f2,e3b0c44298fc1c149afbf4c8996fb92427ae41e4649b934ca495991b7852b855,0,0.0,tesseract,tesseract 5.3.4,--psm 6 -l ara native-resolution,empty,yes
aalam:p189,189,187,e64f2a67390cd04f506a095a8ee3d7d737062a572d34092c89fa24f2b8d408b5,f1eef2d07296af40bc40594f377fabf4d28e3b8f0edc5f3df146b2693202ed3f,660,0.9279,tesseract,tesseract 5.3.4,--psm 6 -l ara native-resolution,ok,
aalam:p190,190,188,7ad55f12659dd56defd38e77169f31add514e5f8593b5ff7a75371b69e882f8c,1e0acc26bd05edaf6eefb2152bc2738b35296e8ab44c0161edb92716202b47ec,1517,0.9768,tesseract,tesseract 5.3.4,--psm 6 -l ara native-resolution,ok,
aalam:p191,191,189,6389fc4a642b49cb43f12f7c95567d45605c709fa62aa2bb5b184d9a45337596,bec23feccb98025836ac0411a0a6fbbcac4df195c0b558ac8c240831c1c466d4,1559,0.969,tesseract,tesseract 5.3.4,--psm 6 -l ara native-resolution,ok,
aalam:p192,192,190,2f06197fb27e963f0952021398d250458ddd3c3c61127e2539b8b076cbd3e18e,8dfc42f8ce322182cf2202c7083966a304a1368599485a4c85eb935a20f2e997,1285,0.9745,tesseract,tesseract 5.3.4,--psm 6 -l ara native-resolution,ok,
aalam:p193,193,191,0d38faec6ac1c3e73c88046596ff35db814dfc8f7ee9fc790341dea440a96833,17f94ce92a91123c9f400b41ca1fa744e35889658da5860afaee821617b4ef8f,1364,0.9693,tesseract,tesseract 5.3.4,--psm 6 -l ara native-resolution,ok,
aalam:p194,194,192,d558b351da30bab17ae08256e8872ad4a9aefbcf944182e69ea8d5ccea9c68e4,f170dc266ae0b4c04ca366883bbc3164deabecc8d68ea30479c48899fca73d35,935,0.9804,tesseract,tesseract 5.3.4,--psm 6 -l ara native-resolution,ok,
aalam:p195,195,193,455a6b9636bf6ec542ff171e1f0439ebabe997dcecec5fcd7704d90447c39866,aa8fd9a2d1a4e5aac7fe8c5ee20a1895140136529cfbd651326722db861ea4ea,782,0.9639,tesseract,tesseract 5.3.4,--psm 6 -l ara native-resolution,ok,
aalam:p196,196,194,b0268a866b5104ffb77e22739121659f39a519e30af1533b68b54c8de53bdb02,608f4b5644c274c7e36b59f21ecd64fe0c747252b4c4eb3b5a301999ca443b94,1574,0.9784,tesseract,tesseract 5.3.4,--psm 6 -l ara native-resolution,ok,
aalam:p197,197,195,23f25b02d5875e51df7b0f49b102aac2de6e342097716a606929251b395d25f8,7221463d426177c4614962fa35a6292d539fb1a4af791e5b1bdf1b0b0de5abb8,1471,0.9803,tesseract,tesseract 5.3.4,--psm 6 -l ara native-resolution,ok,
aalam:p198,198,196,f7e6f237edc6968f7ba817dcd87100fc88e431392404653f4dbc7ed0ba5c458b,7f551e1c4d3088b70ab3f125ae967c92023d93d6269782134866b905185ad56d,1616,0.9745,tesseract,tesseract 5.3.4,--psm 6 -l ara native-resolution,ok,
aalam:p199,199,197,5f2bdc850d902504ed583078a1fd87f0a8a49517116b8260904d5572539d3f70,e1e6b358e250dcf0f22ed81235f8a90dbf1c667ad229a726c02677ab88b7b99d,1588,0.987,tesseract,tesseract 5.3.4,--psm 6 -l ara native-resolution,ok,
aalam:p200,200,198,5061873e02ba9ccfe00cb0c67e2f6b0f69713751edba1ccab272b0db742c1d3a,8dc59baf9451bc98d281b55525945d5125a1723a4538798ef150711cb16bc8e5,1396,0.9816,tesseract,tesseract 5.3.4,--psm 6 -l ara native-resolution,ok,
aalam:p201,201,199,03e1f417c13183a9327cf58b55c1bc6d87f6cea230b336798e5ce8e2baf3b393,cd55a1cae1f21675e7d14ad633c5c65cc50365248476f066dac8ec12580340cd,1561,0.9822,tesseract,tesseract 5.3.4,--psm 6 -l ara native-resolution,ok,
aalam:p202,202,200,770f55af3f79acf3902e99a46452c28545b1e363cea88906642f72fd30a38951,f14b9b2a93ff419b794874d58c642b4f6ea02fb4b526ef546f729c2ae8100c53,1321,0.97,tesseract,tesseract 5.3.4,--psm 6 -l ara native-resolution,ok,
aalam:p203,203,201,dca2a95b8ecd0fff3bb8af38a8740fb0afb1f75529e47fd9c0300c7e231abce8,63662c3fefb2f07e3ff00a33735c186597d1f9e2eacc45a78b62c4c213011bde,1551,0.982,tesseract,tesseract 5.3.4,--psm 6 -l ara native-resolution,ok,
aalam:p204,204,202,0097b8fadd49c50f8f25eb126ed76cb6fc7de6e81c8d76435b88a53ce946b2bf,94037b6286f1fa8e5a8b77f828efea7bd677b754389be8ed767e36fcd2be4213,1549,0.9759,tesseract,tesseract 5.3.4,--psm 6 -l ara native-resolution,ok,
aalam:p205,205,203,75a8fe63ca3d714312386bad11466b673498e188e69bc12bc07892ed86504991,1ed11ae03fca114f16a36aebf4b1290a1459ac9f6387152f5e6c8521c1f87b6d,1535,0.9811,tesseract,tesseract 5.3.4,--psm 6 -l ara native-resolution,ok,
aalam:p206,206,204,f6317c09dffe0245dea29ad11d552324a22c9ecf94229c2879442c74e4749e3e,88e83195d76268d2e39b6a9d381cd18001c67f2f0ac905597f5c89775f01cfc5,1551,0.9796,tesseract,tesseract 5.3.4,--psm 6 -l ara native-resolution,ok,
aalam:p207,207,205,fe4f99b027b71627930de70e274cb99ed29f058348d3348da16af2b3e88830ea,37434e1fb232ca3ee7a0ed35715fc4f8b2897bb305503e61362bb7e192acb580,1513,0.9744,tesseract,tesseract 5.3.4,--psm 6 -l ara native-resolution,ok,
aalam:p208,208,206,9b9ac6aa5bec7faeaa0eb808ed53aa90c44bb87a5326bfd5fdb734b4c7ed75ad,3e4a7da62464a2f385beb81c70abd9e90ee7be7a7bf39a819e09f8953244d023,1297,0.9633,tesseract,tesseract 5.3.4,--psm 6 -l ara native-resolution,ok,
aalam:p209,209,207,5c10bbd6858ff6125cb8a71ef0e649a2660db2419bc4f2dd57db334345645a4b,cc3bb1afb8fcd99f86c808bd28d97e17168305a647727a870bc2c7ee7c73486e,1400,0.9809,tesseract,tesseract 5.3.4,--psm 6 -l ara native-resolution,ok,
aalam:p210,210,208,51b682adc004c391b9327bce08978f400805189ffce7233a6c68fb2955f9b75d,6c714110dc56d32ed4c92fc7b1c70949adb3b8cf8056c57397d4b9b779d99ea7,1563,0.9793,tesseract,tesseract 5.3.4,--psm 6 -l ara native-resolution,ok,
aalam:p211,211,209,ccde471a59653202c9b7d93c7273ca8c5f0ada2c12d17a14e311a78a7d1062ad,1dad449f276767098b172b8d0b43665fd8217d409897c74b8399d9562bb5a2a3,1495,0.9534,tesseract,tesseract 5.3.4,--psm 6 -l ara native-resolution,ok,
aalam:p212,212,210,e0e8e7b7164f26981ef534d942a70d010c1e4bedacb2640e8ef8e7ce4b2677a4,ea1f90d83dc90d7bf40554b733b884cf7269f7e978088b4a2d78923c72107512,1333,0.9827,tesseract,tesseract 5.3.4,--psm 6 -l ara native-resolution,ok,
aalam:p213,213,211,3bc90c9c847fa0cd007dc1f004451c180d31071364154d8e1108c798e20e1ac7,863cbdc3afc000afd5f813ea33e8e841faa8ddd7c87231e2f712962e0d5772be,1228,0.9753,tesseract,tesseract 5.3.4,--psm 6 -l ara native-resolution,ok,
aalam:p214,214,212,524c84a3cbb0d9cf1c3ea999889bd0b20d0be3695e3bae932b87ae4bd0f8a734,9f1bbb42462d20ea5c95bbc1aea662564fa7b6ecfeef312865dd58cbb9a3a8ba,1492,0.9838,tesseract,tesseract 5.3.4,--psm 6 -l ara native-resolution,ok,
aalam:p215,215,213,37804e02c64d93c3b667006a52f373a17937171692c0b6aae93b46646df48bee,3cd2a10eb220306b0a0f66902f210080bf2f2f88536aca63d25981280f1433a6,1425,0.9684,tesseract,tesseract 5.3.4,--psm 6 -l ara native-resolution,ok,
aalam:p216,216,214,7d94ae32af52e88fd4f78a2bf7a8994073fc245ddbf38376e0a6984d77da1351,7ce25ec9a08834e10cafb7432c842e5d52bef3aea7933009ea53527c2e8b284b,1380,0.9702,tesseract,tesseract 5.3.4,--psm 6 -l ara native-resolution,ok,
aalam:p217,217,215,460f0242d71cf05ebbfd19a269369f3963c8c2cf8308d2e504a0f96cfd97d1c1,5912ac37aaadb790a681f90c27c8fa839570aae8ca7bd7f9e22a5d3463cec3b4,1591,0.9306,tesseract,tesseract 5.3.4,--psm 6 -l ara native-resolution,ok,
aalam:p218,218,216,c0de9187ac928a050ca910b67be27b9095c13f40afc9351a2e9a5e7e092a22e7,38605296ee39dbe7008a7655663d87bd5a8c608bbb0fea7698812850d6500934,1382,0.9789,tesseract,tesseract 5.3.4,--psm 6 -l ara native-resolution,ok,
aalam:p219,219,217,9de7abc5c093de1390e4a6977aa7d013bcf30b37390ac416fca6cf68af78e68c,af6ce1ae095cc54edcc7cd6173947f4a8d2a841d5e0eb50775e12e2e46a085b7,1507,0.9797,tesseract,tesseract 5.3.4,--psm 6 -l ara native-resolution,ok,
aalam:p220,220,218,26e22726c123ddfd13261be528f2722b922f240fcfeba575bff1ad353f06dab8,9a87891a79ec7f947841d75700ec298454b51f65801ce1ea04ffafe861055df6,1393,0.978,tesseract,tesseract 5.3.4,--psm 6 -l ara native-resolution,ok,
aalam:p221,221,219,8b5463e1464c972fca67cf02b55987b3249c5bb3afd5f54d63619583b6229a72,0a5fe9eadcd42e18c52b3675d15052a78fba125c5be5730cbceb12ac21b77c95,1459,0.9683,tesseract,tesseract 5.3.4,--psm 6 -l ara native-resolution,ok,
aalam:p222,222,220,81729c7983b24597475818eabf8b2dd04fa51f4263593e85f00aa99f3c50068d,fddf8ed779de86984f629c4a4e84c66b7d4c89d61f5447890556801294d8c2a9,1393,0.9719,tesseract,tesseract 5.3.4,--psm 6 -l ara native-resolution,ok,
aalam:p223,223,221,f0cb97889d6c603dc601a9921a0051cfc7714655da15d033de46c18244ee9e29,889267acf057328ce342789e421bcccdeaa6a81c32e98497bbc3fcd55f2937cf,1291,0.9671,tesseract,tesseract 5.3.4,--psm 6 -l ara native-resolution,ok,
aalam:p224,224,222,9ad4380660eab8d09ede4f0d2c9dea9ccd24f643719c715e076bdc6fd5595cb6,05512d8aaea407f594f0bd7ba32af521e0ff349e93e7857dde0b417bd9487f2c,1364,0.9592,tesseract,tesseract 5.3.4,--psm 6 -l ara native-resolution,ok,
aalam:p225,225,223,4a71844280fa0dcce82fda086658235226bd05370b62ec293058ac8894949c9c,3db1fc7ca3ad3f217f0b911f944dce186a133b279f4ce705352e9b3526c21c82,417,0.9769,tesseract,tesseract 5.3.4,--psm 6 -l ara native-resolution,ok,
aalam:p226,226,224,4f8c468e817f9198343f0c6d04a4d07743dfd158856237d5e17f2611b2351e67,e3b0c44298fc1c149afbf4c8996fb92427ae41e4649b934ca495991b7852b855,0,0.0,tesseract,tesseract 5.3.4,--psm 6 -l ara native-resolution,empty,yes
aalam:p227,227,225,c8ed8870e0efa1a7a62372c5f1adb9d3f03c36f83d29d0e0361bd9e4a8faa195,62460989ef85e159a600d61b10ea386f5fe623b63a1aa59531377cd43027d087,865,0.9467,tesseract,tesseract 5.3.4,--psm 6 -l ara native-resolution,ok,
aalam:p228,228,226,88c40a5dc093dcefcd5e475d10d1fd785b227b8d834ed3824181b68cc271a172,2a6ec2ce2610403b1755d9e7dfd0e510b59d3835335f78aec90c153094ae0ef7,1456,0.9708,tesseract,tesseract 5.3.4,--psm 6 -l ara native-resolution,ok,
aalam:p229,229,227,f811b81c4698a98ad15ada120c6858c2f407fc866d813b6d481844d52498a4c3,64f0266d7c0dc77ccca812de4a5f23cd74850adde4746ff9f126f4bcf59d2ec2,1201,0.9727,tesseract,tesseract 5.3.4,--psm 6 -l ara native-resolution,ok,
aalam:p230,230,228,f5e91bcdd620b0eb4760c5dc94449c9461d5130df67ee6a8bfc59cb36bfe913f,4dd5dae567173b1e9dedf75664fb76736b30f9918cc0a1b5a5ee783f39f9c872,1493,0.9845,tesseract,tesseract 5.3.4,--psm 6 -l ara native-resolution,ok,
aalam:p231,231,229,0911ff2985ae1c6dc2075db403c830d506f5f83ba500acf97fcfbde198c2b4de,8d562465734c464b5c29af3bc544d48bc6a4a9b7db9e1a22eca72303773f9f28,1464,0.9795,tesseract,tesseract 5.3.4,--psm 6 -l ara native-resolution,ok,
aalam:p232,232,230,cc3752101b904db52d35f147165bc935c17c5ab6dcf42aa54e67a4aed9cf73e6,52af61e97bfdcfb2832cc214941bbd895f70188eca75abf5dc44cc8ec1433c8f,1516,0.9777,tesseract,tesseract 5.3.4,--psm 6 -l ara native-resolution,ok,
aalam:p233,233,231,a1a64b5cf0e2caf84afde663d61caccb2ccf4dd57a4b165a654aa67fe1210dc6,0741be94414a23e5b2d2b036a89bea0403b57ece71ec374695c2ea2ee96df3ce,1540,0.9597,tesseract,tesseract 5.3.4,--psm 6 -l ara native-resolution,ok,
aalam:p234,234,232,53735b67e565de7d4894f9a49799b3b5701f0a23fd50f119a44d3b4f0a342974,567b1e182ebabedabbd5e60c2bac5dd7dbd0e328c231ffcaa28866e811eaf11e,1354,0.9755,tesseract,tesseract 5.3.4,--psm 6 -l ara native-resolution,ok,
aalam:p235,235,233,722e1f6d85e575c78a0f44620f301cb193f693cf867715a2a45c6d24c6bd7fff,1a7436f9adb4a9446a972263bb6d2a05f8596cc2e32032bccc8be65ea8518c02,1187,0.9775,tesseract,tesseract 5.3.4,--psm 6 -l ara native-resolution,ok,
aalam:p236,236,234,4d9000eb5cd1fdcd4f920839444a9b08b8716e03a72fa342eb831460bcb7b7c3,1b296524e5d6dcd5828104727d707745d573f2d77eb190cf4d06bfd8ca009354,1521,0.9549,tesseract,tesseract 5.3.4,--psm 6 -l ara native-resolution,ok,
aalam:p237,237,235,9055018af5bcea9be44d1c96167bb5c428fbce902cb7a011a68a347fa19e0a46,b340f0d3e7fb92f24864507df340ca721af60b52baa49aa9f9f5a110bd6d7ef0,405,0.9729,tesseract,tesseract 5.3.4,--psm 6 -l ara native-resolution,ok,
aalam:p238,238,236,3e86e3b6edfbfbe5bfacf4d59c7ad3f15c2b482e1808140bc854b1ea8aebb9f2,e3b0c44298fc1c149afbf4c8996fb92427ae41e4649b934ca495991b7852b855,0,0.0,tesseract,tesseract 5.3.4,--psm 6 -l ara native-resolution,empty,yes
aalam:p239,239,237,5948b4e876ca9d4908c50237ba23db6d3eee0589a3bfe3989ce970d9f223064b,2aa32268216254080ac47814bbb65420c3255b65d3e369443ac9129e293d0d60,739,0.9554,tesseract,tesseract 5.3.4,--psm 6 -l ara native-resolution,ok,
aalam:p240,240,238,185b5d0e1ee4540d0116eb7e16e06c436d5000faf17a26f2a0980ab89fe7c7bb,24aa80d710632ba0138abfa50a2d980bb7880964cdde0dfb51c11613d5b00167,1473,0.9786,tesseract,tesseract 5.3.4,--psm 6 -l ara native-resolution,ok,
aalam:p241,241,239,b6419c477215c9066e33520dd83dc5922f2b6aa9523f0610d397c636c30f260c,49e391c9b7f352c409039a771befc476e0d93281ac1365ae080b4c49bbd6e8c8,1576,0.987,tesseract,tesseract 5.3.4,--psm 6 -l ara native-resolution,ok,
aalam:p242,242,240,8be15cadae19c2b6df1592e3ae2c7fa8ac5373c0284ecc6128a1721159e10975,11664eb34d26dfdaf7cc95e07c35a20ec7e685c7552e06287d0920c2bdcdb991,1325,0.9642,tesseract,tesseract 5.3.4,--psm 6 -l ara native-resolution,ok,
aalam:p243,243,241,8cf65fbf5fb580b460e9ab0d5cf41440c5a73a9bb24249a2c9ebe24bbdf3901b,3d3027543a57cb085060b60ffb6afd5ac07cc161fe28a419ebf75a7d848801b5,1643,0.9676,tesseract,tesseract 5.3.4,--psm 6 -l ara native-resolution,ok,
aalam:p244,244,242,b986227cb7dc34b278277631deb329635f8d5e097c82113b8ed91ff50b37df8f,6b18843caca5be72aedc74b8974041ae74dcc32ad9b4712bdb7f3920c831d4a1,1247,0.9793,tesseract,tesseract 5.3.4,--psm 6 -l ara native-resolution,ok,
aalam:p245,245,243,63e1c42c05f5985f175b90e2c5966e4fcd20e642e5518f96784a59a4488f9ca7,3ef7061458e00569bf69b828896405eded18c2cef691a9d7d1cf6c174d1c9e52,756,0.9543,tesseract,tesseract 5.3.4,--psm 6 -l ara native-resolution,ok,
aalam:p246,246,244,b7959c0dea8e12ad7bb0b1eb1f4bb020ba9c1c4fe9082ae2c2fa388ecd7e585b,9152ccf6e18c981b1873db74419f554ebe775e8f85ff7ffbd5b8a660a1041b36,1598,0.9818,tesseract,tesseract 5.3.4,--psm 6 -l ara native-resolution,ok,
aalam:p247,247,245,88e539e30be8cca7c56d618d8e51c369d0b2dcef57d317e55204a2b00566bbda,448a5baa5d35d8121511aa5a6ebc4e764dec82b8467bbe9baec1f74a2585722a,1636,0.9809,tesseract,tesseract 5.3.4,--psm 6 -l ara native-resolution,ok,
aalam:p248,248,246,4ea56e5f989eec8cdd4c2b2015423f88fb9192522d88831900b4715f67d47543,7b5048efde90fbb7e7080d187839064ea03ac75f7469ce945329635a873c2ef1,1620,0.9805,tesseract,tesseract 5.3.4,--psm 6 -l ara native-resolution,ok,
aalam:p249,249,247,73d7b698f4ccaf3f44b9c970555e1ffaa52524a43a37567051ea8af68e9b61a9,5f7e20f937bff1ce1370b2957beb7cd271c03d4f7673d3baeecfa9b1ae1e540f,1647,0.9794,tesseract,tesseract 5.3.4,--psm 6 -l ara native-resolution,ok,
aalam:p250,250,248,cfe81640b287bc6b3fcd67b524c5d7d42e79212e8368a9c784aa53a0b5166fe8,b9e3934482ce7934ef9add09a465fc480ddab4c3204a92f858dfcedc46ea3e14,1568,0.9753,tesseract,tesseract 5.3.4,--psm 6 -l ara native-resolution,ok,
aalam:p251,251,249,13c1eae7545a7efa0881aa1adb98afc31f3206bb34e641a476c85162ba617bb4,4d0e25f8bc89fb3884e67fe8573576d242a52b0440f7c0d6b976d3dacf2bfce0,1607,0.9819,tesseract,tesseract 5.3.4,--psm 6 -l ara native-resolution,ok,
aalam:p252,252,250,768ccb555b07e5dcfcf69956ff8eccf1004aa746be2785d176c2bcfb638b2310,a9d1c928f43439432b3c81787ef8bc6d3e4dea5b018392628660ec7dabd058a8,1493,0.9757,tesseract,tesseract 5.3.4,--psm 6 -l ara native-resolution,ok,
aalam:p253,253,251,e2973d3db3db89307fa2c1f848274dcbb5d8124c41db9a487a7c3db92c986f47,f1b1473c6dacf37daa63be8cece38ee197ca658ff949dc2ae8a63882bf1f820e,1618,0.9773,tesseract,tesseract 5.3.4,--psm 6 -l ara native-resolution,ok,
aalam:p254,254,252,1716fefbf9f379b726594177929e371912ce5d75ce68442ef7ca8e3d05ac3809,5f3bbfe8beb714ce9a2a08ea3a68a33f578c9741943975f2a3aeaf931dbce8b8,649,0.968,tesseract,tesseract 5.3.4,--psm 6 -l ara native-resolution,ok,
aalam:p255,255,253,316d670e7c091dc27e1a73f7b9ee47bd44993cec8c073361f5438754a25c94f8,b7cc59a39763aa109396ac255c36345c881e9a94fbfab44d8453b60f9546d30d,873,0.9555,tesseract,tesseract 5.3.4,--psm 6 -l ara native-resolution,ok,
aalam:p256,256,254,57b4b4dd99ab546be29a4d4b1996a6e2ffc4e878d61cf49ebc87c3220531b676,87dc736a302cffbc5b1a9167b283ac875ba15469cfbe7a1aec16717cb9e8c58c,1395,0.9827,tesseract,tesseract 5.3.4,--psm 6 -l ara native-resolution,ok,
aalam:p257,257,255,a2eba6a6dc6e18886e9427b2403d6f06b395269a87eafa8a4f6357a5da36f008,77aa830b7f8c2b9805e85ca9d584f3694b5c39905d1f8d020d5f62003d76b523,1509,0.9839,tesseract,tesseract 5.3.4,--psm 6 -l ara native-resolution,ok,
aalam:p258,258,256,68cfde2b715c1ded1cddc64f3f312dff85a5e2b27ea43fa83c73d3fd6d77aea5,9370c48a395d281d0b7281bf564a8f4c2c4e72b4fc5578126bd9c17613de4a3b,1477,0.9815,tesseract,tesseract 5.3.4,--psm 6 -l ara native-resolution,ok,
aalam:p259,259,257,3aac935b8e153677922cec3cb8eda366fad77f4bf68f2ed208cf7ef29aa2dfc2,c20597e226a6aac089c3366766b1b3efcf166f15f0459b2740253e5db47d7371,1257,0.9808,tesseract,tesseract 5.3.4,--psm 6 -l ara native-resolution,ok,
aalam:p260,260,258,499339728479b5d0ad17e32bbe07d5dbaed93f07f89f8b265368a958dfe5dd6e,9d7120b2f993afaefc0272e7cf724bf44e5b6b80f37d78682da23a4a3a5ae502,1390,0.9791,tesseract,tesseract 5.3.4,--psm 6 -l ara native-resolution,ok,
aalam:p261,261,259,c27178917f0ed98f6959ab44f27b50e6fd15e6c0b12de70cbf440b8420f3b329,a1e354ad1afc6773e18dea17b4fe93e9aff32c64b7f8e9d8bb2187de454e960b,1516,0.9842,tesseract,tesseract 5.3.4,--psm 6 -l ara native-resolution,ok,
aalam:p262,262,260,00f3f8a657902e610f92ba913cf0d5e85d83c4ffebe602348b6f790320b0b716,6d00dc4911488ee432bede00ea6cf42e8b49ad0467858f43e1533da104bcf8b6,1526,0.9741,tesseract,tesseract 5.3.4,--psm 6 -l ara native-resolution,ok,
aalam:p263,263,261,046037ca39dcd09f3aaf384f3dc72a04d60f467a40a61778f614213be5b04e43,c935cab607fe8769f03ddad2120193f153395815a3b53252b28b3f3509136b91,1433,0.9739,tesseract,tesseract 5.3.4,--psm 6 -l ara native-resolution,ok,
aalam:p264,264,262,bcc25d1a64165bd02591f5b9683db364a60c7fe897e1ba40c13b1aa73591ab1b,9babfd18e38a83335787235a3aa4abeb8b26e14a603c2868f2f3a0bd28468b7d,1253,0.9708,tesseract,tesseract 5.3.4,--psm 6 -l ara native-resolution,ok,
aalam:p265,265,263,01a9c23d9bd89ed0b4c125eaebf40a92dc62e83527b17c6fd425d6835f212423,6b4cda4b3b7adb697636fe8599ef0c9bc65c7e8aa9cc4e430c97515d6f776313,1373,0.9762,tesseract,tesseract 5.3.4,--psm 6 -l ara native-resolution,ok,
aalam:p266,266,264,eb4a986ee1d362e251e8fe6ac6b5e5f4e68e1528772708990adcb9e5da837a7d,90b3dbb78536b1863a69a786ac06e97625076ed3d05259458e0e784f867b283d,1595,0.951,tesseract,tesseract 5.3.4,--psm 6 -l ara native-resolution,ok,
aalam:p267,267,265,74edb690dd11c3ca12e1088733081d32150e696c1ba4fdc5ddaa7b83128f1c68,f08ead8932970117fcde59651c911bc429eb6c35104426008e5e5baf4a788b9b,1305,0.9742,tesseract,tesseract 5.3.4,--psm 6 -l ara native-resolution,ok,
aalam:p268,268,266,50223a0d695524ac063db0dd4ceebf1ed66d16057fd698f655dc9c2bdabc62ce,4db566aa1d99298265943be01fcfe5edce84a3919dab69d8b5cf50eafbd4b184,1365,0.9752,tesseract,tesseract 5.3.4,--psm 6 -l ara native-resolution,ok,
aalam:p269,269,267,2c85eb681394572b9e13f4d8ee79f859c52b625a8daca921b0374efd5cc4d731,9b70a99f3a09c070c0bab27846e37026b801a6b3d1f31f2a1ad6a996a95b0570,1506,0.9524,tesseract,tesseract 5.3.4,--psm 6 -l ara native-resolution,ok,
aalam:p270,270,268,acc47e96c8e8a0c7ab10bde9b4165888a21a2ff1d7041e49fcc14c86fde0637d,2d53901ea481b846204b7b4dde1b9c11621d02043218d13eca7235772d3eab87,1447,0.9745,tesseract,tesseract 5.3.4,--psm 6 -l ara native-resolution,ok,
aalam:p271,271,269,589a889a5209e35b4101e7c14c78bb0b5442b310b7c218207bde067b5bce40d6,d6bc5f396e6e43a3967be3e484d00309f9de716d386b8bc9654dabf594a91fc0,1334,0.9558,tesseract,tesseract 5.3.4,--psm 6 -l ara native-resolution,ok,
aalam:p272,272,270,e8c3101388c952255bf55ecf9a257c2683002459a605cd3376c0342e9df1cbbd,f72eb691d891dfc9c3a713ae01dfcb6466350498d45f7e2bed384bcf14f69650,1430,0.9616,tesseract,tesseract 5.3.4,--psm 6 -l ara native-resolution,ok,
aalam:p273,273,271,19641df8a899a2d2f3f002d0b96419e527c7d4b70c16cf3e4ba8ad03d51097b4,739a40c9dd052d742a155efaecf1bba7de80a2f0fbaeaba88c43e5f580547e7d,990,0.9596,tesseract,tesseract 5.3.4,--psm 6 -l ara native-resolution,ok,
aalam:p274,274,272,c7c95830f90cb75a9d322ed00c53b3d7b19beb91762de60d385f01219d71a6be,1b3d291f13f0b101a24962f4b10cf13d988693fb550f98eb6cd8655a6efbb776,1593,0.9809,tesseract,tesseract 5.3.4,--psm 6 -l ara native-resolution,ok,
aalam:p275,275,273,c9eedfa5af0ab55c24348ec120614fbdb5d0f1c631dd3233e116b28ba7e67a38,1b8a349929c9ae290d7458abb70dc15c39d976ce39eaa7e54ca61aaac5a6d6a1,1491,0.9853,tesseract,tesseract 5.3.4,--psm 6 -l ara native-resolution,ok,
aalam:p276,276,274,2190daa648e315f1f9334a11ed20d680e2b60b9e0dae0e8c31a5c365453a566c,8164274ba183de22beceee358078db0c028e6a6b34eb609ff0348e8919b4feab,1408,0.9829,tesseract,tesseract 5.3.4,--psm 6 -l ara native-resolution,ok,
aalam:p277,277,275,4cf8cc324d746445fd697eba4f64d42143bb01b36e110196c208354af80fb400,300ce056fd5dea1380afb4779835e6c6995088c1c1ae5464f66097af9648a8bd,1243,0.962,tesseract,tesseract 5.3.4,--psm 6 -l ara native-resolution,ok,
aalam:p278,278,276,3e86e3b6edfbfbe5bfacf4d59c7ad3f15c2b482e1808140bc854b1ea8aebb9f2,e3b0c44298fc1c149afbf4c8996fb92427ae41e4649b934ca495991b7852b855,0,0.0,tesseract,tesseract 5.3.4,--psm 6 -l ara native-resolution,empty,yes
aalam:p279,279,277,9b682d73154a0fffa142cae848a9dc9d7d53e1ba9a0823a6d36b9e614dc6f50f,22a04a11247f0693135378f381f39663880cd0927a4952dbb427cddccae3ab95,838,0.9391,tesseract,tesseract 5.3.4,--psm 6 -l ara native-resolution,ok,
aalam:p280,280,278,23464a64e770e62b57cf28d869a488129ee66f351ab191613b0f30237a93b45c,737da4ab2b028d295b3b46bd33b6e1afe5abdf7be83d4bb586636b4d19a85e19,1381,0.9572,tesseract,tesseract 5.3.4,--psm 6 -l ara native-resolution,ok,
aalam:p281,281,279,3f8316fb3a8f6f724ba256b66f289863eb4e47e2f4c5ad89076f3a510e3d245d,25337ed28248e376bd316cb0858efff075d5bcbe3f4c4fcb0fff8cd3ed6e5559,1565,0.9762,tesseract,tesseract 5.3.4,--psm 6 -l ara native-resolution,ok,
aalam:p282,282,280,fef29da5098320debe4c9414f01ae19ba961df3b31117cd43fe39235672b73aa,167304339fe8dd741547d54ff0916710518b8d10505fd653789e787881cf7a4b,1547,0.9674,tesseract,tesseract 5.3.4,--psm 6 -l ara native-resolution,ok,
aalam:p283,283,281,d04f1ebb550d6e9852cd5b16dabd79f2838e992703071cebd5ee993f1ae8683e,53d1c99b05f16b5c4704b2e2948854c0e02472e006148d903f216af0bd4ced22,1467,0.9646,tesseract,tesseract 5.3.4,--psm 6 -l ara native-resolution,ok,
aalam:p284,284,282,181da4e989947b9e2706dcf25216dba80618a44f9e1bcb522d4bda7b7bd510c7,e3b0c44298fc1c149afbf4c8996fb92427ae41e4649b934ca495991b7852b855,0,0.0,tesseract,tesseract 5.3.4,--psm 6 -l ara native-resolution,empty,yes
aalam:p285,285,283,5b3db89189fe9297ca73ec0052b0c91fa1ae461d3069f8b3e283872331012a6c,a64c89309c70789374ee460b14925ba9ba0534b411fe587a6330e3874138e6ba,24,1.0,tesseract,tesseract 5.3.4,--psm 6 -l ara native-resolution,ok,
aalam:p286,286,284,3e86e3b6edfbfbe5bfacf4d59c7ad3f15c2b482e1808140bc854b1ea8aebb9f2,e3b0c44298fc1c149afbf4c8996fb92427ae41e4649b934ca495991b7852b855,0,0.0,tesseract,tesseract 5.3.4,--psm 6 -l ara native-resolution,empty,yes
aalam:p287,287,285,d011488e5834cb328cb21a055ddbc072d5785198bf39eb8f10043b0ab17356c2,a2707682ebbbd8bf7369da08ff88deb2e4fc6988ff8d77c49afc4e4dd2efce45,462,0.9574,tesseract,tesseract 5.3.4,--psm 6 -l ara native-resolution,ok,
aalam:p288,288,286,3e86e3b6edfbfbe5bfacf4d59c7ad3f15c2b482e1808140bc854b1ea8aebb9f2,e3b0c44298fc1c149afbf4c8996fb92427ae41e4649b934ca495991b7852b855,0,0.0,tesseract,tesseract 5.3.4,--psm 6 -l ara native-resolution,empty,yes
aalam:p289,289,287,d8d6272cfa72be45b46a8c9f581e8a59c1ed98006410d42c991c9eb59b96b07a,d478f29240ed9ab9bc640fc28ffe763993bc605a6b8bd2f7515a44ce83a9a608,606,0.951,tesseract,tesseract 5.3.4,--psm 6 -l ara native-resolution,ok,
aalam:p290,290,288,97ac5b1b833a8dbe608e00ec364e8f1c3a78c9ed10525c422954303fb6ba0022,331b9ca56eddfe770ca77eb1d9319e5dbea5e9d93487d93c18d8f369f3e22cf8,1257,0.9729,tesseract,tesseract 5.3.4,--psm 6 -l ara native-resolution,ok,
aalam:p291,291,289,c6014786dfa5da4cae84c8039846d2d79f3a10aadd6b619fe0544992bd97ccae,a38bd2bb8686ca7ade5c5b95a7bac758bc8e16cd9ea5abf97f595b76acfea33f,1474,0.9802,tesseract,tesseract 5.3.4,--psm 6 -l ara native-resolution,ok,
aalam:p292,292,290,d7d539d8bbb0053095cf5fcce26f0afb48e1739a8b1ede3a1ba36ed17d619f5e,27e0358d9fb99ba4ab68a4475c4a8ed28b0886d5b43f5202ae21eaf995b360f7,1393,0.9688,tesseract,tesseract 5.3.4,--psm 6 -l ara native-resolution,ok,
aalam:p293,293,291,1c619e8afc33add3f567da11612afd11986e9be2c1193c2f9f99fd39a0bc43cb,e89f48da8de0800c216a184e9f19114b05533826c5b7d6429a45b55d8b04d454,1451,0.9791,tesseract,tesseract 5.3.4,--psm 6 -l ara native-resolution,ok,
aalam:p294,294,292,3f61be9f8e58670a557a1a78e807fdc7a4769d710d17970d8b40a7bfd093a92e,777e5c9281df2b335d4171d3279244adb8be899e7788dd13a3edba4cc3d45319,1483,0.9779,tesseract,tesseract 5.3.4,--psm 6 -l ara native-resolution,ok,
aalam:p295,295,293,41e7c73921dc8dd0e6987949b2fdeaa553dde1db2eb781eff01c9697eb47d968,326382b1fee137e70845ebb3bda72ee1919f0fa8be6a07bbfdd80176adfa88ea,1102,0.9241,tesseract,tesseract 5.3.4,--psm 6 -l ara native-resolution,ok,
aalam:p296,296,294,3e86e3b6edfbfbe5bfacf4d59c7ad3f15c2b482e1808140bc854b1ea8aebb9f2,e3b0c44298fc1c149afbf4c8996fb92427ae41e4649b934ca495991b7852b855,0,0.0,tesseract,tesseract 5.3.4,--psm 6 -l ara native-resolution,empty,yes
aalam:p297,297,295,fba40d23da278e2f8f142473160f26f1d285c236916fe37f2997d00352f675f3,e10950f09d66bc1dbdc9872cf6d8e2c33ad9f8252318920f7a1e5cb979bcc69d,876,0.9434,tesseract,tesseract 5.3.4,--psm 6 -l ara native-resolution,ok,
aalam:p298,298,296,29ad64a5c57b4f9aaa3b675d9e789ed54bb5339180b175211a210f32100b023c,e76d31eed3b2ad399a88a4d0f0a4aaac90667248a9036b1755aedf620272c3b1,1439,0.9541,tesseract,tesseract 5.3.4,--psm 6 -l ara native-resolution,ok,
aalam:p299,299,297,8dc61a2a5c7362e19a6ca3453a630387da92ec6926660064234e2a041cc47f3f,32480ab7ba0b8fe1818584b33c0a843585eb87bf63c71999b92f2b01674a96db,1521,0.9753,tesseract,tesseract 5.3.4,--psm 6 -l ara native-resolution,ok,
aalam:p300,300,298,290f0803040eb76f81edc08eb12072130712d9c140ce9ebbd46cb0b3b6cbec31,fc58634b80d2431a5a876f9a9c22d7640ca59922cf32408c38a1a6912fdd18a0,1470,0.9699,tesseract,tesseract 5.3.4,--psm 6 -l ara native-resolution,ok,
aalam:p301,301,299,70282186b2c10f1b7d00a8d49bd905fb97a39092edcdd7eeb7ef3dff006f849e,c2a44dbaf2c8bf40bcfb744124a310818d611524bf182eee5cec2c2f54bdab1f,761,0.9145,tesseract,tesseract 5.3.4,--psm 6 -l ara native-resolution,ok,
aalam:p302,302,300,3e86e3b6edfbfbe5bfacf4d59c7ad3f15c2b482e1808140bc854b1ea8aebb9f2,e3b0c44298fc1c149afbf4c8996fb92427ae41e4649b934ca495991b7852b855,0,0.0,tesseract,tesseract 5.3.4,--psm 6 -l ara native-resolution,empty,yes
aalam:p303,303,301,6133b7d895eac3336275ac6bbbefd8be1b6c0a63bdfc0530f2de2fdd38e0cb5a,579e8dc89960136403c3acd313310dbfac4641b00c772521877f277fe20eaf63,947,0.9402,tesseract,tesseract 5.3.4,--psm 6 -l ara native-resolution,ok,
aalam:p304,304,302,0b5eb9d20bc4d042a5d4de6bb48a56ca74693cd3688f410c20fe2c7d2f87a90c,c76b2314b64e94a309788ecb144d4e893d1bac40fdd180f80d9a8f7084fda0a0,1413,0.9837,tesseract,tesseract 5.3.4,--psm 6 -l ara native-resolution,ok,
aalam:p305,305,303,02b1f6de3a5ec8e5ef4f19d1821bfdce5c7340b6ad21a9b96d95c15efe7cef0e,d9878dfb39f97ec064804cbc93923d04a9580bc10c1219985dc67b5c731de6bc,1546,0.9604,tesseract,tesseract 5.3.4,--psm 6 -l ara native-resolution,ok,
aalam:p306,306,304,13adaf67257489f9c2f33a78075c1dd5a0a1939d04d2d582c46c54d7a1ae5060,b027e91b2931a04416352e40074ca72b8ebc7bd8d993cc47b9738364d383cc96,1610,0.9372,tesseract,tesseract 5.3.4,--psm 6 -l ara native-resolution,ok,
aalam:p307,307,305,5c732c61c14797168a132d9d88f66b4c3710fc4dfbe8f1c3318c05739c53dd14,b5c3c6e1c16a289bd56aa2c1886552cc9a692e46c5bcfda1a7cb06a93087ee27,1380,0.9534,tesseract,tesseract 5.3.4,--psm 6 -l ara native-resolution,ok,
aalam:p308,308,306,ca05f2acd91d68c6b39ecb0648dd611689e7a481100705d6a9b73c087409dd7b,0a3d963d0bb1888ab29ee880edf4eaf49d29381a36b0f8660d292741d06f2339,885,0.9643,tesseract,tesseract 5.3.4,--psm 6 -l ara native-resolution,ok,
aalam:p309,309,307,6461efccb36cc9726c01a2b353e21bc2f86806d3e439ef2175eb1a94e87eff43,545c5735395ce278ef059e823b8a3ccdc71964995a604e6dc00687c1902ee471,876,0.9535,tesseract,tesseract 5.3.4,--psm 6 -l ara native-resolution,ok,
aalam:p310,310,308,5992ba045179270fa7331146a145397e191f13d5df9132c649ca45ac89cf720a,a6acd3c8cd4a824d992aefdb17e58712881f52d959b0f7f79e29884063deaa5f,1533,0.9707,tesseract,tesseract 5.3.4,--psm 6 -l ara native-resolution,ok,
aalam:p311,311,309,6560a90b282ae2541f0cd963ef6f8a3988f78ded598be501b0d86ad0da889811,ae827a8d9c221f5b7195f811e9499e650375388924b2c4f7e9778067bef04ede,1526,0.9719,tesseract,tesseract 5.3.4,--psm 6 -l ara native-resolution,ok,
aalam:p312,312,310,def7b47f7e3c552c83f19ef697650247c160d2d104b65a664b99d8352170ae94,296dfedb2f7bdf6a8af864905538b3514dac8942fbe836d0f06765ace5eea893,1475,0.9636,tesseract,tesseract 5.3.4,--psm 6 -l ara native-resolution,ok,
aalam:p313,313,311,19e1841e0a1f7bb7f434ea054b9fd08a2f6023673c65310c516daa6617a4a0b4,f4c25dd415f9607b6b26f3413cbe51c7375533008b061d3f80b0910089c6a9de,1419,0.9703,tesseract,tesseract 5.3.4,--psm 6 -l ara native-resolution,ok,
aalam:p314,314,312,8b0e4cffabf32a1ee69a9739412e8d0987e2b37a07eabc2fd04d16069112aa8a,cc4eb07ad3977c1b2b7c0ea1f00515961d0140420709fc1025f6fed9c5848e3a,1310,0.9784,tesseract,tesseract 5.3.4,--psm 6 -l ara native-resolution,ok,
aalam:p315,315,313,c5bab1254e2f1126b83ca505db4a6a92d343b5a4d0b5feeb734d34d1b92da5ed,c9bc7e053225d9a9b46885ca5ea83ce6c49ca18061eb31d4c093526fee4d772b,1571,0.9778,tesseract,tesseract 5.3.4,--psm 6 -l ara native-resolution,ok,
aalam:p316,316,314,a0b693d5da880f6cba93b458d82a17f4a1fa9ccbcb65dd836ca83c8e7ad9657d,8080369f7a6beb5b8b2f3b8d0e15b71475a622e90287417be10407bd973d771c,1403,0.9542,tesseract,tesseract 5.3.4,--psm 6 -l ara native-resolution,ok,
aalam:p317,317,315,98880f698f21e2eb011ac2ea0e48e84adc384c96d331e83159e212135910ab05,66e6a6af1d6b4779a3d5f936795252301747af3685e5fd9db30636bc262d0f7b,1424,0.9385,tesseract,tesseract 5.3.4,--psm 6 -l ara native-resolution,ok,
aalam:p318,318,316,ebe2a6cd988eb1325b34d6456936544f8998297459dfeaa5ab41c5b9f5425d87,fca81bd40a6dfcc16de8baaf532338289c924f4c435d8437da15559c931b798a,1406,0.9589,tesseract,tesseract 5.3.4,--psm 6 -l ara native-resolution,ok,
aalam:p319,319,317,e60cf846ebc2bf9052e73b9748284aa995005e8f940d5bf6a6a40a64926d0fe3,99a6e18f08d017e59bfcb78d084fcef9e6fb63a25e1ebc7adf700f190576af12,1386,0.9402,tesseract,tesseract 5.3.4,--psm 6 -l ara native-resolution,ok,
aalam:p320,320,318,b1c15c0844b1ea096ec7c3fa12883c1acaf18488035279201c49eb835215abf4,ae22e2b9cc3582f68e5bde9fcca7d8c44952e6e5df541c667918ee3b3dc8640c,253,0.9512,tesseract,tesseract 5.3.4,--psm 6 -l ara native-resolution,ok,
aalam:p321,321,319,1273a9eeafcaec320b2c78186353bf98d4aff8fcad9be05081f4b2b29408a9fe,7ed4e6d17873eb139d39c1e3100879705b18429c40a0dc576cf3e294bc28e210,772,0.9553,tesseract,tesseract 5.3.4,--psm 6 -l ara native-resolution,ok,
aalam:p322,322,320,e50cf7781ba42af301caf51dbe9c1befe7e55b7bb6ab73477be6c2e321b65962,76f85945fbedc3e170d330f4566eb984ae43f6fa10abb53ecc34780f9bbe0b8e,1299,0.9693,tesseract,tesseract 5.3.4,--psm 6 -l ara native-resolution,ok,
aalam:p323,323,321,240e263c247420d64e36de1b8258897090de5bae54d19ae6538628296b35d8bf,ed09704713d515f132a1cc571b8bb9ceb19adfd35bdad68ef71f787d05b45e56,1395,0.9506,tesseract,tesseract 5.3.4,--psm 6 -l ara native-resolution,ok,
aalam:p324,324,322,d9246d530fdc5128c1f8e818ab9719f72c104abdca357f0295a6e6d7f6eddca0,6dde8c04baa4268e5f5728c070fc6527c577ef1fefd1e90de70029489ff09010,1426,0.9623,tesseract,tesseract 5.3.4,--psm 6 -l ara native-resolution,ok,
aalam:p325,325,323,1af46ee5885e85cd41ac909a58da826f2a68b339a59a5db14cd23dbf9e21f271,de5cf5d4fdd165761448916d7cdab5e36b7de890670cf3c18ad194f9be9b4035,1301,0.9583,tesseract,tesseract 5.3.4,--psm 6 -l ara native-resolution,ok,
aalam:p326,326,324,662086b6b1c35ffbe0d87918466a68843534f23eb5f231b0228c8e561c88400e,990045ee909793e24d640aead6794259bea6681068781ab9cb877047c87d7776,1665,0.9766,tesseract,tesseract 5.3.4,--psm 6 -l ara native-resolution,ok,
aalam:p327,327,325,4249564220c4b4b551ebc9cb0d7b340cd7b234468f06e0dbbdd1e54c6fcaf055,275bd805740084e7c270426a0b1b72a00775dd04e91d99f7ba3e22eba639c828,303,0.9347,tesseract,tesseract 5.3.4,--psm 6 -l ara native-resolution,ok,
aalam:p328,328,326,3e86e3b6edfbfbe5bfacf4d59c7ad3f15c2b482e1808140bc854b1ea8aebb9f2,e3b0c44298fc1c149afbf4c8996fb92427ae41e4649b934ca495991b7852b855,0,0.0,tesseract,tesseract 5.3.4,--psm 6 -l ara native-resolution,empty,yes
aalam:p329,329,327,8d39aaa41498990d8b98c50092317b87fc785e0d94e10d84e0f51216dde37764,274245599c3c8ef5322c3afa0706605695718dd405543f272196e51f0c21c915,809,0.968,tesseract,tesseract 5.3.4,--psm 6 -l ara native-resolution,ok,
aalam:p330,330,328,c428174f01d62e754d6633ceca5b8392c17a2ec274d4aaf549f3947ae73fe828,515dd95c3148c26fb97a55688b3a370413b7136cc71d615fe49931ef0b6a7a02,1535,0.9677,tesseract,tesseract 5.3.4,--psm 6 -l ara native-resolution,ok,
aalam:p331,331,329,16e8ab2bf4919f8dc2fe76639fc352f51e194b7089775045e43ea1ae981a5d18,ddc956d470119325ec6c4be6f12339bc3ef6a4927fc7bc1eee5878724467e9c0,1595,0.9803,tesseract,tesseract 5.3.4,--psm 6 -l ara native-resolution,ok,
aalam:p332,332,330,383467239121052bb2906f40ca290e093d31af5c168d7019c74603d5997dad4c,a0aa5b2efa3d41a6eba6b8ee8647e3e7ca47ca099a7c7e4ff5ba3f58d21165ba,1550,0.9644,tesseract,tesseract 5.3.4,--psm 6 -l ara native-resolution,ok,
aalam:p333,333,331,90310a8e049cd0a4027c7e7b6bc124b7e15334ef3273636810251a0a6d121db5,17f185577752861263302dbb27d3ad25394537aa72906e000fcfa54582ea48cb,1384,0.965,tesseract,tesseract 5.3.4,--psm 6 -l ara native-resolution,ok,
aalam:p334,334,332,4b7320bc4ca15f509fc83c971f858aff094b6b0b0e5cf8dcb177b4e397e6de30,f2553f09d4aacdcd30eddb2d41cbd074d4a826f4ec88926f6726827c0c77fc92,1211,0.9721,tesseract,tesseract 5.3.4,--psm 6 -l ara native-resolution,ok,
aalam:p335,335,333,7dc67b9f5be033b8c51c5684bcaadb932c235e0af4631087f7e47faeea9064a1,d33c57d3e022646517c24d9a76289e5fb425b04c6686ea9f7bfc8bac2b94c5d4,723,0.9595,tesseract,tesseract 5.3.4,--psm 6 -l ara native-resolution,ok,
aalam:p336,336,334,2502e560223c202844fc8fefd527e14106ef3282617c17e782baae59f42bb66e,a130d2231d3ea9effcc2b0262abbb73170f29f81e0f9991eacb9e2c71762079e,1572,0.9679,tesseract,tesseract 5.3.4,--psm 6 -l ara native-resolution,ok,
aalam:p337,337,335,7e7a3d8ab9a635b55214ded4ae2d1f5b25da75add4199ee531ac87daf4f97ca0,3ce69df769d696b75e0bddb60652f45f47b1bc6d8c54ec4cdb2dfa44504d6163,1536,0.9774,tesseract,tesseract 5.3.4,--psm 6 -l ara native-resolution,ok,
aalam:p338,338,336,2fe181104693168bf726d9a12f582ef9715c1cc742f82819cc6df7fd11644eba,941419a9f11c47353a2a83ad87eed1aff15ac058acc76a057db85211c732223a,1256,0.9491,tesseract,tesseract 5.3.4,--psm 6 -l ara native-resolution,ok,
aalam:p339,339,337,2160c6c9a154c04bf51928e0a0b972c16e98454ad93a3ad3bb7225cd2ff6620a,47873b6b9e818172025bdd174911b70eefe3740235dbc5d0205692c6b90fb68b,1576,0.971,tesseract,tesseract 5.3.4,--psm 6 -l ara native-resolution,ok,
aalam:p340,340,338,ffa4b5f5dc708ac32f7491865f78633fef25239edb6c041b3809265d6d66bc96,14baab1dcc384a38a552297e8ab387f7214f5bef1cc14c42bc60d191e8407346,1443,0.9637,tesseract,tesseract 5.3.4,--psm 6 -l ara native-resolution,ok,
aalam:p341,341,339,12ef0504a9a4341c3f6c997f9cb8776536d635d0271aa26dd44c06712b5dde55,34f05e66ac0122f666acbae4e03a2fe4249e00f990d8b70b91a29a1e5a59cd93,1462,0.9826,tesseract,tesseract 5.3.4,--psm 6 -l ara native-resolution,ok,
aalam:p342,342,340,6e874046e44002d7e03b9703d2ddb0ff7cdb4280e782125039c06880ece165a3,b2eaa7b54f1f501463ef2f33f56d47478b13936caa1cac5f2484683f4a61a2cc,435,0.9213,tesseract,tesseract 5.3.4,--psm 6 -l ara native-resolution,ok,
aalam:p343,343,341,885333f78c8a7a291ae3f6642e398287d4e1f4c1ffd39389216e0ba151603e23,c46a69f65808e7c182d591442433da5b0bd8bbfe778b9ebb94e807289e7e4440,951,0.967,tesseract,tesseract 5.3.4,--psm 6 -l ara native-resolution,ok,
aalam:p344,344,342,29593a8796e469e556a8bc2c4608f3d48ae98972d929cfda4f32662f6698f863,68acd071e2f6243166c090c386afb2e79a55418eb564d73559c38bfc535817a3,1593,0.9589,tesseract,tesseract 5.3.4,--psm 6 -l ara native-resolution,ok,
aalam:p345,345,343,db5242baebfd7091ffb94f93ad524fb53b3e07825d6310ccdbef9579aee613d5,f5ced845bd2df884557450e32d677c4c40750d82cee63748cdba88db801e51c6,1585,0.9631,tesseract,tesseract 5.3.4,--psm 6 -l ara native-resolution,ok,
aalam:p346,346,344,4eb7c3e4b3412943c4b5dffcf50bfe00d165fa472c54cee7604cd2fb998e8b33,22795b8e738e9833f2487083e96ab61d8a3b9fc8b28da8f24c374d94313dd8a2,355,0.9418,tesseract,tesseract 5.3.4,--psm 6 -l ara native-resolution,ok,
aalam:p347,347,345,193e05e01d926ffbc91da16a07b1a77d9ef9483660d20f1b40f22a8c79072f5a,6a1355e3f6e01ec313d38fd5a4915f73e1bb2b316d2d1625e9b5a91ec4060a8d,875,0.9638,tesseract,tesseract 5.3.4,--psm 6 -l ara native-resolution,ok,
aalam:p348,348,346,21d9333980d8c5e3bdd6fc187cc60305290e3b13f907f91e89ffcc893aa882f3,bfe790e1eec567aa9f8ebc665cdef8696d3190c278db91a3a3bea49969c0c08d,1506,0.9666,tesseract,tesseract 5.3.4,--psm 6 -l ara native-resolution,ok,
aalam:p349,349,347,eda0e7d9c3fb65352a0831be09748742005e87899e7277211af4c3bec44fbd60,d008ef124a83010ad029ac9da8f275a53b76e06c49d61404836e685ee17fe958,1371,0.9515,tesseract,tesseract 5.3.4,--psm 6 -l ara native-resolution,ok,
aalam:p350,350,348,d1836eed91a40e2aabb906b2b71b484dedaf23770e8e3059c35bf7301313eea0,7aae4f7dfb165e1d7c62994b4fb7f78b34767899750c7e2c5036c8e08a405d78,232,0.9684,tesseract,tesseract 5.3.4,--psm 6 -l ara native-resolution,ok,
aalam:p351,351,349,27d434bf9ded618aaaacde252675acdb8a89aab4a04854b760054301cae01977,8fd89a781995e2c0532391a0df9b4fbb6fbf44a222b1a9c12accddab23daa9f5,784,0.9516,tesseract,tesseract 5.3.4,--psm 6 -l ara native-resolution,ok,
aalam:p352,352,350,c0b339a45cdd261661691e1b4c78ff100063f7bf1a054367bd73580ec8293afe,1606aa1866f20e63471f46c83b18ba2ca6abef500553ae1062e45220d0b97ccb,1409,0.9734,tesseract,tesseract 5.3.4,--psm 6 -l ara native-resolution,ok,
aalam:p353,353,351,55fed7d0b123b67b9825d0fbcbf725fa4828749168e30c09df186d65cc206260,3036b049c69b4b5f8507d8dfc0507af5152ec1175dde826e5a10254f6b8b2901,1405,0.9784,tesseract,tesseract 5.3.4,--psm 6 -l ara native-resolution,ok,
aalam:p354,354,352,e19f48949e3e982ed4a1ab25c05eb9389a085d05e4a527ee73f03be39a321a57,e65d4d44594518214ad5e963992b489824610ab87d2298ee71c7497a096e229a,1364,0.9752,tesseract,tesseract 5.3.4,--psm 6 -l ara native-resolution,ok,
aalam:p355,355,353,b368734f7daa3b223c47bb3d780484ea398394abd63fc875c141b495195e9540,15b0a293b7700cfa51b0d0cc05c5985c480173ceb24d1acd9a61fea833dabe4f,1493,0.9821,tesseract,tesseract 5.3.4,--psm 6 -l ara native-resolution,ok,
aalam:p356,356,354,a5db70476ad7d0dff52532341b553b5be2e87081c0e46f93f51d99374ecf8cd4,c020c1bc7f02c7e34bc4896cbd689a00a7cc11843fa9107899a55772912686bb,816,0.9759,tesseract,tesseract 5.3.4,--psm 6 -l ara native-resolution,ok,
aalam:p357,357,355,c2a53bed9886687eb1b95c914ef2d6580c042701a298cf21641d7cb64bfaba63,e82695eaee33baa68b759d71554b864d4d732988050c5f6f46cad000af7f1a07,892,0.9574,tesseract,tesseract 5.3.4,--psm 6 -l ara native-resolution,ok,
aalam:p358,358,356,815da6ae16fcd13d465aeedef5a2d0d9503658b3198d2895f11e7bc899a087e2,466556bd41a2a9b09668984607291c123ee1c4a30eacb12757bd3be030f8c1d3,1471,0.9548,tesseract,tesseract 5.3.4,--psm 6 -l ara native-resolution,ok,
aalam:p359,359,357,4bf05e1c539f8e4efabd9eff968751011ace631fa4e63f43b79585b9174397b6,6fa9f9a1de1ffbdbb2c7fd40c5ff8678fff2acd7da5d4adfc9fad698e498aa2b,1497,0.9766,tesseract,tesseract 5.3.4,--psm 6 -l ara native-resolution,ok,
aalam:p360,360,358,ca0ed27a2d03d2228946d6764ce23bf82b316943c38e0957d1fe55a02f75da63,370acd456ce5711b8d26854507b5741319bb3750820abeb20f38e0547687d9cd,1671,0.9517,tesseract,tesseract 5.3.4,--psm 6 -l ara native-resolution,ok,
aalam:p361,361,359,5998fd084ed97b56b5ae7d4878d14e7158a899a22952378d0a63f6fefa3ccb70,44d3020f1223a50e05a6ab87cb7ccfc95520e0aa6f6129608275748af52b242f,1510,0.9573,tesseract,tesseract 5.3.4,--psm 6 -l ara native-resolution,ok,
aalam:p362,362,360,8b83df42766f22ec6f8dbe41800d7f01f32623ffc122fa9176137d6820c4c697,b7852bf6adb0b8b69f66ee84cfa44b1f0a26f6dbb30687510b769a76c5cd6709,525,0.9443,tesseract,tesseract 5.3.4,--psm 6 -l ara native-resolution,ok,
aalam:p363,363,361,7f96a6920419a8a40a89905302eaf60f3210ed9e0620cb6864efa013cd4289d5,b5d856dff03d8957b15206b27ea0f3d649f45b85e254b8affa43f46e4b9c49bb,775,0.9495,tesseract,tesseract 5.3.4,--psm 6 -l ara native-resolution,ok,
aalam:p364,364,362,3d21acb3a62a9d5276901dddde5d1efdc398db73e5e3752f8120f61a03a959c3,dce4968243a14c2a0411952f5e3417c6606805eb849acc0e33fe54467d26935d,1569,0.9855,tesseract,tesseract 5.3.4,--psm 6 -l ara native-resolution,ok,
aalam:p365,365,363,7ab74d0d633d01eb6046dcd200f4e303cfe272939167b2143252883a127efba5,a6bf852ec351034350c409d93a74c0dcffd3a85a467698819ca87deee434b10d,1461,0.9728,tesseract,tesseract 5.3.4,--psm 6 -l ara native-resolution,ok,
aalam:p366,366,364,4d033bb6b7261193fdb0db3e4298604aa986f8a7c1414385ddb5b5ebaa6f7cb4,f90f2bc7d9dd14fb3d93f487e452253e2989b1edead6491d506cfd8b2387d330,1526,0.9799,tesseract,tesseract 5.3.4,--psm 6 -l ara native-resolution,ok,
aalam:p367,367,365,609fbb6afc4c4512361bc769ebd6d2a299d6708f019ff78385b95d3408a56812,e4c7c1516f7a50182b9788ecc699249d222bc28524e3878d53cd238c1d91ad4c,1530,0.9529,tesseract,tesseract 5.3.4,--psm 6 -l ara native-resolution,ok,
aalam:p368,368,366,85880b360cac9e43ffc7c395f9fabd7bbf5157800181a3e3b6ef32c98710ee82,6ee8f8bf6c310375dcccd695e98a08a4dacfc69cee5e083dbbdd8435ca28db57,1377,0.9587,tesseract,tesseract 5.3.4,--psm 6 -l ara native-resolution,ok,
aalam:p369,369,367,7e4964e1e89cfab586213b92fa72dcda087e74354f1164d73b2769de4a250884,e5f509987d6dd1ef4efb7b4eef94b37db728712e96d87128733eb2ee7efea6d2,281,0.9422,tesseract,tesseract 5.3.4,--psm 6 -l ara native-resolution,ok,
aalam:p370,370,368,3e86e3b6edfbfbe5bfacf4d59c7ad3f15c2b482e1808140bc854b1ea8aebb9f2,e3b0c44298fc1c149afbf4c8996fb92427ae41e4649b934ca495991b7852b855,0,0.0,tesseract,tesseract 5.3.4,--psm 6 -l ara native-resolution,empty,yes
aalam:p371,371,369,4fb86c739ff7a96d94d44121d31d47f252a4cc120fab4541f387640e21fa5488,b3358d84512fce9705c199562b60a56b2cd4c9b6149fdc7563ec1150129525f2,940,0.9445,tesseract,tesseract 5.3.4,--psm 6 -l ara native-resolution,ok,
aalam:p372,372,370,339275c2f9dd5ea977e2d1dac4b89f1a34b9392571d91b2d7a968b2bddc52199,93f13e0e8df043631e677ffe9ec67fba14b54f1155fc14af8ede2e0c74e45448,1359,0.9761,tesseract,tesseract 5.3.4,--psm 6 -l ara native-resolution,ok,
aalam:p373,373,371,fb09b6bba092331fedf286b5174ceda30999c7670834538c6282c8f155b3e3cc,492338e34a08598b7df5b4c628cc1f1d590a03a71f3eeb5961417ae373f6c575,233,0.9632,tesseract,tesseract 5.3.4,--psm 6 -l ara native-resolution,ok,
aalam:p374,374,372,3e86e3b6edfbfbe5bfacf4d59c7ad3f15c2b482e1808140bc854b1ea8aebb9f2,e3b0c44298fc1c149afbf4c8996fb92427ae41e4649b934ca495991b7852b855,0,0.0,tesseract,tesseract 5.3.4,--psm 6 -l ara native-resolution,empty,yes
aalam:p375,375,373,6c65dedce90b3363705223d0bd2e94a9606ef3d2d01b1c2cbfbca4dab94f906b,a5cb616f7b4c170c2a81b0506f859022d3a1f6d680bad3727e95900aaad45924,797,0.967,tesseract,tesseract 5.3.4,--psm 6 -l ara native-resolution,ok,
aalam:p376,376,374,82928d4992fea2c2db1b9b9ba321c946aff5a8ab8e6e77b4c5d247df895ddfdf,c6c4d2fc4014820bdd02e53d7edd7a13465196934a7616e9e9e3a7e48b966814,1568,0.9689,tesseract,tesseract 5.3.4,--psm 6 -l ara native-resolution,ok,
aalam:p377,377,375,30ef93bae337c0d6a3e5357823109d15156ab42ecf0d06471ee0aa3586682f4c,de30db84f8767b5a58a87147e2577cd7cc892d31d1cf089ac41139a5a83f4a1b,236,0.9536,tesseract,tesseract 5.3.4,--psm 6 -l ara native-resolution,ok,
aalam:p378,378,376,3e86e3b6edfbfbe5bfacf4d59c7ad3f15c2b482e1808140bc854b1ea8aebb9f2,e3b0c44298fc1c149afbf4c8996fb92427ae41e4649b934ca495991b7852b855,0,0.0,tesseract,tesseract 5.3.4,--psm 6 -l ara native-resolution,empty,yes
aalam:p379,379,377,2fa59fc2ea63646b51eeebea10d480d35fd00841258381a51ccbeaa8aa88de1e,3519a7e0d99665d1eb81191389d4516144c80da83cb4bc3822a8b20dd15a31a0,465,0.592,tesseract,tesseract 5.3.4,--psm 6 -l ara native-resolution,ok,
aalam:p380,380,378,77f447ae35ba0c858bb35eb739366ecab032d829c00167d9837eed9b79b2e669,b5989272d95cb5802d95cf77c5c3396c7a58345639cfa510cc166dbe171b6588,1116,0.4701,tesseract,tesseract 5.3.4,--psm 6 -l ara native-resolution,ok,yes
aalam:p381,381,379,25d8bd2eb09765c56bf982a35ea03f3bec74af286fedba8da3a81c9f6d6596ae,a0606e0b2a704f6a83fd1cb9a40f1b3fa23a800b389c42707312711663eb4647,622,0.6389,tesseract,tesseract 5.3.4,--psm 6 -l ara native-resolution,ok,
aalam:p382,382,380,50d719a6d14916a874792a538862165ad0bf10c06bb490c11b8b9347b8ea533b,bfaefe6c4238339e821178beb784b0e652ebcf52035321e166bd067bbf245d65,112,0.5402,tesseract,tesseract 5.3.4,--psm 6 -l ara native-resolution,ok,
aalam:p383,383,381,3e86e3b6edfbfbe5bfacf4d59c7ad3f15c2b482e1808140bc854b1ea8aebb9f2,e3b0c44298fc1c149afbf4c8996fb92427ae41e4649b934ca495991b7852b855,0,0.0,tesseract,tesseract 5.3.4,--psm 6 -l ara native-resolution,empty,yes
aalam:p384,384,382,1d4fbd9e2d95467f19d4da2fb56c412c0095c543fbdf2235e35c2a3149e261a2,e3b0c44298fc1c149afbf4c8996fb92427ae41e4649b934ca495991b7852b855,0,0.0,tesseract,tesseract 5.3.4,--psm 6 -l ara native-resolution,ocr_timeout,yes
