onset,terminus,vertex.id
-22,Inf,1
-22,Inf,2
-40,Inf,3
-40,Inf,4
-26,Inf,5
-26,Inf,6
-Inf,Inf,7
-Inf,Inf,8
-Inf,Inf,9
-Inf,Inf,10
-Inf,Inf,11
-Inf,-75,12
-Inf,Inf,13
-Inf,-70,14
-48,Inf,15
-Inf,Inf,16
-20,Inf,17
-20,Inf,18
-17,Inf,19
-17,Inf,20
-Inf,Inf,21
-188,Inf,22
-11,Inf,23
-11,Inf,24
-42,Inf,25
-42,Inf,26
-18,Inf,27
-18,Inf,28
-7,Inf,29
-7,Inf,30
-5,Inf,31
-5,Inf,32
-Inf,Inf,33
-127,Inf,34
-Inf,Inf,35
-Inf,Inf,36
-Inf,Inf,37
-Inf,Inf,38
-Inf,Inf,39
-19,Inf,40
-19,Inf,41
-1,Inf,42
-1,Inf,43
-8,Inf,44
-8,Inf,45
-Inf,Inf,46
-Inf,Inf,47
-92,Inf,48
-92,Inf,49
-Inf,Inf,50
-11,Inf,51
-272,Inf,52
-272,Inf,53
6,Inf,54
6,Inf,55
-143,Inf,56
-143,Inf,57
-Inf,Inf,58
-Inf,Inf,59
-200,Inf,60
-68,Inf,61
10,Inf,62
10,Inf,63
-4,Inf,64
-4,Inf,65
-Inf,Inf,66
-15,Inf,67
-15,Inf,68
-Inf,Inf,69
-5,Inf,70
-1,Inf,71
-1,Inf,72
-Inf,1428,73
-Inf,Inf,74
-Inf,Inf,75
-Inf,Inf,76
-Inf,Inf,77
-Inf,Inf,78
-Inf,Inf,79
-Inf,Inf,80
-Inf,Inf,81
-Inf,Inf,82
-Inf,Inf,83
-150,Inf,84
-150,557,85
-52,Inf,86
-52,Inf,87
11,Inf,88
11,Inf,89
-22,Inf,90
-22,Inf,91
-37,Inf,92
-37,Inf,93
-37,Inf,94
-22,Inf,95
-22,Inf,96
2,Inf,97
2,Inf,98
-29,Inf,99
-29,Inf,100
3,Inf,101
3,Inf,102
17,Inf,103
17,Inf,104
-Inf,Inf,105
-14,Inf,106
-19,Inf,107
-19,Inf,108
-181,Inf,109
-181,Inf,110
-61,Inf,111
-61,Inf,112
-174,Inf,113
-174,Inf,114
7,Inf,115
7,Inf,116
-89,Inf,117
-Inf,Inf,118
-89,Inf,119
2,Inf,120
-Inf,Inf,121
-Inf,Inf,122
2,Inf,123
-22,Inf,124
-22,Inf,125
-21,Inf,126
-21,Inf,127
7,Inf,128
7,Inf,129
23,Inf,130
23,Inf,131
-Inf,3,132
-Inf,3,133
20,Inf,134
20,Inf,135
-342,Inf,136
-342,Inf,137
23,1304,138
23,Inf,139
-Inf,28,140
-Inf,Inf,141
28,Inf,142
-300,Inf,143
-34,Inf,144
-34,Inf,145
-88,Inf,146
-88,Inf,147
-88,Inf,148
29,Inf,149
29,Inf,150
29,Inf,151
-Inf,-21,152
-Inf,Inf,153
-21,Inf,154
34,Inf,155
34,Inf,156
-7,Inf,157
-7,Inf,158
27,Inf,159
27,Inf,160
21,Inf,161
21,Inf,162
-62,Inf,163
-62,Inf,164
-Inf,Inf,165
-Inf,Inf,166
-Inf,37,167
43,Inf,168
43,Inf,169
49,Inf,170
-Inf,Inf,171
2,Inf,172
2,Inf,173
-69,Inf,174
-69,Inf,175
-Inf,Inf,176
-78,Inf,177
31,Inf,178
31,Inf,179
31,Inf,180
9,Inf,181
9,Inf,182
-106,Inf,183
-106,Inf,184
-Inf,Inf,185
-Inf,Inf,186
-Inf,Inf,187
-Inf,Inf,188
-Inf,Inf,189
-Inf,Inf,190
-Inf,-475,191
-Inf,16,192
-Inf,Inf,193
-Inf,Inf,194
-Inf,Inf,195
-327,Inf,196
42,Inf,197
-Inf,Inf,198
38,Inf,199
24,Inf,200
24,Inf,201
42,Inf,202
42,Inf,203
-Inf,Inf,204
-Inf,Inf,205
41,Inf,206
41,Inf,207
56,Inf,208
56,Inf,209
-328,Inf,210
-328,Inf,211
56,Inf,212
56,Inf,213
55,Inf,214
55,Inf,215
-319,Inf,216
-319,Inf,217
-Inf,Inf,218
-Inf,Inf,219
1,Inf,220
1,Inf,221
52,Inf,222
52,Inf,223
17,Inf,224
17,Inf,225
66,Inf,226
66,Inf,227
31,Inf,228
31,Inf,229
10,Inf,230
10,Inf,231
-Inf,49,232
-Inf,253,233
-Inf,253,234
-285,Inf,235
-285,Inf,236
4,Inf,237
4,Inf,238
50,Inf,239
50,Inf,240
50,Inf,241
-Inf,Inf,242
-Inf,Inf,243
-Inf,Inf,244
-Inf,Inf,245
-26,Inf,246
-Inf,31,247
-Inf,Inf,248
56,Inf,249
56,Inf,250
-Inf,Inf,251
70,Inf,252
46,126,253
46,Inf,254
35,Inf,255
35,Inf,256
63,Inf,257
73,Inf,258
73,Inf,259
71,Inf,260
71,Inf,261
-294,Inf,262
-294,Inf,263
50,Inf,264
50,Inf,265
-Inf,Inf,266
-Inf,Inf,267
84,Inf,268
65,Inf,269
65,Inf,270
-Inf,Inf,271
-Inf,0,272
-Inf,225,273
-Inf,Inf,274
-Inf,43,275
-Inf,64,276
-Inf,64,277
55,Inf,278
60,Inf,279
60,Inf,280
83,Inf,281
83,Inf,282
-Inf,81,283
-Inf,81,284
-Inf,Inf,285
64,Inf,286
15,Inf,287
15,Inf,288
62,Inf,289
62,Inf,290
87,Inf,291
87,Inf,292
77,Inf,293
77,819,294
-1736,Inf,295
-1736,Inf,296
-5,Inf,297
-5,Inf,298
-5,520,299
-Inf,90,300
-Inf,Inf,301
91,Inf,302
91,Inf,303
23,Inf,304
23,Inf,305
50,Inf,306
50,Inf,307
76,Inf,308
72,Inf,309
72,Inf,310
-113,Inf,311
-113,Inf,312
69,Inf,313
69,Inf,314
-Inf,Inf,315
-Inf,17,316
83,Inf,317
83,Inf,318
90,Inf,319
90,Inf,320
-Inf,Inf,321
-Inf,Inf,322
119,Inf,323
119,Inf,324
119,Inf,325
119,Inf,326
105,Inf,327
105,Inf,328
-Inf,84,329
-Inf,1519,330
115,Inf,331
50,Inf,332
50,Inf,333
119,Inf,334
119,Inf,335
-Inf,Inf,336
105,Inf,337
-Inf,Inf,338
-Inf,91,339
100,Inf,340
100,Inf,341
113,Inf,342
-Inf,Inf,343
-Inf,Inf,344
125,Inf,345
125,Inf,346
-Inf,Inf,347
-161,Inf,348
-Inf,Inf,349
-Inf,Inf,350
-Inf,107,351
-Inf,107,352
112,Inf,353
112,Inf,354
111,Inf,355
111,Inf,356
105,Inf,357
126,Inf,358
126,Inf,359
-Inf,Inf,360
84,459,361
136,Inf,362
136,Inf,363
136,Inf,364
101,Inf,365
101,Inf,366
101,Inf,367
-Inf,1707,368
-Inf,1,369
118,Inf,370
118,Inf,371
91,1189,372
91,Inf,373
127,391,374
-Inf,Inf,375
122,Inf,376
122,Inf,377
-Inf,Inf,378
130,Inf,379
100,Inf,380
100,Inf,381
132,Inf,382
115,Inf,383
115,Inf,384
141,Inf,385
141,Inf,386
71,627,387
71,627,388
-Inf,Inf,389
136,Inf,390
136,Inf,391
90,Inf,392
90,Inf,393
-Inf,55,394
-Inf,Inf,395
-Inf,Inf,396
134,686,397
134,714,398
102,Inf,399
102,Inf,400
139,Inf,401
139,Inf,402
150,Inf,403
150,Inf,404
129,Inf,405
129,Inf,406
-556,Inf,407
-556,Inf,408
-556,Inf,409
-556,1136,410
-Inf,Inf,411
117,345,412
117,345,413
137,Inf,414
137,Inf,415
153,Inf,416
137,814,417
137,Inf,418
-Inf,Inf,419
-Inf,Inf,420
-Inf,Inf,421
-Inf,Inf,422
117,Inf,423
117,Inf,424
115,Inf,425
115,Inf,426
153,Inf,427
135,Inf,428
135,Inf,429
157,Inf,430
157,Inf,431
89,Inf,432
89,Inf,433
-Inf,Inf,434
-Inf,Inf,435
125,Inf,436
125,Inf,437
-Inf,-187,438
126,Inf,439
132,Inf,440
132,Inf,441
-Inf,Inf,442
147,1742,443
151,Inf,444
-Inf,Inf,445
-Inf,Inf,446
-Inf,Inf,447
-Inf,Inf,448
49,Inf,449
49,Inf,450
-Inf,Inf,451
111,Inf,452
-Inf,Inf,453
134,Inf,454
134,Inf,455
163,Inf,456
163,Inf,457
112,Inf,458
112,480,459
112,Inf,460
137,Inf,461
137,Inf,462
137,Inf,463
154,877,464
154,877,465
49,Inf,466
49,Inf,467
144,Inf,468
144,Inf,469
-Inf,Inf,470
-Inf,Inf,471
-Inf,791,472
-Inf,Inf,473
169,799,474
169,799,475
-Inf,Inf,476
170,Inf,477
98,Inf,478
98,Inf,479
174,Inf,480
174,Inf,481
-Inf,Inf,482
-Inf,Inf,483
-Inf,Inf,484
-Inf,Inf,485
105,Inf,486
105,Inf,487
-Inf,Inf,488
150,Inf,489
129,Inf,490
129,Inf,491
129,Inf,492
-Inf,Inf,493
-Inf,Inf,494
-Inf,Inf,495
-Inf,Inf,496
-Inf,Inf,497
-Inf,Inf,498
-Inf,Inf,499
-Inf,Inf,500
-Inf,Inf,501
181,Inf,502
181,Inf,503
175,1603,504
-Inf,1603,505
133,Inf,506
133,Inf,507
160,Inf,508
160,Inf,509
-Inf,Inf,510
154,Inf,511
154,Inf,512
52,Inf,513
52,Inf,514
177,Inf,515
177,Inf,516
168,Inf,517
168,Inf,518
-Inf,Inf,519
-Inf,Inf,520
-Inf,186,521
186,Inf,522
130,Inf,523
130,Inf,524
172,Inf,525
172,Inf,526
154,Inf,527
154,Inf,528
-Inf,Inf,529
-Inf,Inf,530
-Inf,Inf,531
-17,Inf,532
-17,Inf,533
183,Inf,534
183,Inf,535
202,Inf,536
202,Inf,537
213,Inf,538
213,Inf,539
-Inf,1033,540
-Inf,-187,541
-Inf,-187,542
-Inf,Inf,543
-Inf,Inf,544
-133,Inf,545
195,Inf,546
195,Inf,547
210,Inf,548
210,Inf,549
188,Inf,550
223,Inf,551
209,Inf,552
209,Inf,553
-Inf,Inf,554
210,Inf,555
184,Inf,556
184,Inf,557
-Inf,Inf,558
-Inf,Inf,559
171,Inf,560
171,Inf,561
171,Inf,562
-Inf,Inf,563
-Inf,Inf,564
205,Inf,565
205,Inf,566
158,Inf,567
227,Inf,568
227,Inf,569
195,Inf,570
195,Inf,571
210,Inf,572
-Inf,Inf,573
-Inf,Inf,574
219,Inf,575
219,Inf,576
-Inf,Inf,577
224,Inf,578
224,Inf,579
-Inf,Inf,580
-Inf,1266,581
137,Inf,582
-Inf,Inf,583
-364,Inf,584
-364,Inf,585
-Inf,Inf,586
-Inf,Inf,587
-Inf,Inf,588
62,Inf,589
237,Inf,590
237,Inf,591
148,Inf,592
148,Inf,593
213,Inf,594
213,Inf,595
-Inf,Inf,596
-Inf,Inf,597
191,Inf,598
-Inf,Inf,599
217,Inf,600
-Inf,Inf,601
-Inf,Inf,602
-Inf,Inf,603
220,Inf,604
220,Inf,605
245,Inf,606
245,Inf,607
-Inf,Inf,608
-Inf,Inf,609
-Inf,Inf,610
-Inf,148,611
-Inf,148,612
-Inf,Inf,613
-Inf,Inf,614
-Inf,Inf,615
201,Inf,616
201,Inf,617
-Inf,Inf,618
191,Inf,619
191,Inf,620
-412,Inf,621
224,Inf,622
-412,Inf,623
249,Inf,624
249,Inf,625
175,Inf,626
175,Inf,627
175,Inf,628
175,Inf,629
147,Inf,630
147,Inf,631
-Inf,242,632
-Inf,242,633
184,Inf,634
-Inf,Inf,635
247,Inf,636
247,Inf,637
-Inf,Inf,638
163,Inf,639
223,Inf,640
223,Inf,641
223,1371,642
234,Inf,643
166,Inf,644
166,Inf,645
210,Inf,646
210,Inf,647
-Inf,253,648
-Inf,253,649
238,Inf,650
238,Inf,651
230,Inf,652
230,Inf,653
-Inf,1360,654
-Inf,Inf,655
247,Inf,656
247,Inf,657
175,1068,658
175,1068,659
175,1068,660
107,Inf,661
163,Inf,662
-2031,Inf,663
-2031,Inf,664
-2031,Inf,665
-Inf,Inf,666
-195,Inf,667
130,Inf,668
130,Inf,669
-Inf,Inf,670
-Inf,Inf,671
261,Inf,672
261,Inf,673
242,Inf,674
242,Inf,675
244,Inf,676
244,Inf,677
244,Inf,678
-Inf,Inf,679
-Inf,Inf,680
-Inf,Inf,681
258,Inf,682
-Inf,Inf,683
179,Inf,684
179,Inf,685
-Inf,Inf,686
252,Inf,687
252,Inf,688
251,Inf,689
251,Inf,690
261,Inf,691
261,Inf,692
268,Inf,693
268,Inf,694
-Inf,Inf,695
-Inf,Inf,696
212,Inf,697
212,Inf,698
233,Inf,699
233,Inf,700
233,Inf,701
181,Inf,702
270,Inf,703
270,940,704
-Inf,Inf,705
-Inf,Inf,706
252,Inf,707
252,Inf,708
-Inf,Inf,709
261,Inf,710
162,Inf,711
162,Inf,712
-Inf,Inf,713
-Inf,Inf,714
-151,Inf,715
280,Inf,716
280,Inf,717
265,Inf,718
265,Inf,719
244,Inf,720
244,Inf,721
-Inf,Inf,722
276,1752,723
258,Inf,724
258,Inf,725
260,Inf,726
-Inf,277,727
-Inf,277,728
295,Inf,729
295,Inf,730
279,Inf,731
279,Inf,732
287,Inf,733
287,Inf,734
-Inf,Inf,735
-Inf,Inf,736
-Inf,Inf,737
-Inf,167,738
-Inf,Inf,739
-Inf,Inf,740
258,Inf,741
-Inf,Inf,742
191,Inf,743
191,Inf,744
-Inf,254,745
-Inf,Inf,746
-Inf,254,747
289,556,748
295,Inf,749
295,Inf,750
-264,Inf,751
-264,Inf,752
-Inf,Inf,753
91,Inf,754
91,Inf,755
51,483,756
51,Inf,757
184,Inf,758
184,Inf,759
301,Inf,760
301,Inf,761
-Inf,Inf,762
-Inf,Inf,763
-Inf,Inf,764
291,Inf,765
291,Inf,766
-Inf,Inf,767
-Inf,Inf,768
-Inf,76,769
-Inf,Inf,770
305,Inf,771
305,Inf,772
-Inf,Inf,773
-Inf,Inf,774
-Inf,Inf,775
291,Inf,776
291,Inf,777
-Inf,Inf,778
-Inf,Inf,779
240,Inf,780
240,Inf,781
303,Inf,782
303,Inf,783
309,Inf,784
309,Inf,785
-3002,Inf,786
289,Inf,787
108,Inf,788
90,Inf,789
90,Inf,790
319,745,791
319,745,792
317,Inf,793
317,Inf,794
-Inf,273,795
-Inf,Inf,796
293,314,797
-Inf,Inf,798
-Inf,305,799
-Inf,305,800
317,Inf,801
317,Inf,802
272,Inf,803
272,Inf,804
-Inf,333,805
-Inf,Inf,806
-Inf,333,807
-Inf,Inf,808
-Inf,309,809
-Inf,309,810
315,Inf,811
315,Inf,812
-Inf,Inf,813
-Inf,Inf,814
287,Inf,815
287,Inf,816
-Inf,329,817
-Inf,Inf,818
-Inf,329,819
294,1617,820
294,1617,821
309,Inf,822
287,Inf,823
287,Inf,824
-Inf,Inf,825
100,Inf,826
100,Inf,827
317,Inf,828
317,476,829
329,Inf,830
329,Inf,831
202,Inf,832
202,Inf,833
-Inf,Inf,834
329,Inf,835
328,Inf,836
328,Inf,837
-Inf,Inf,838
-Inf,Inf,839
345,Inf,840
345,Inf,841
344,Inf,842
344,Inf,843
305,Inf,844
305,Inf,845
323,Inf,846
297,Inf,847
297,Inf,848
322,Inf,849
359,Inf,850
359,Inf,851
349,Inf,852
349,Inf,853
337,Inf,854
-Inf,Inf,855
-Inf,Inf,856
-Inf,Inf,857
-Inf,330,858
-Inf,330,859
-31,Inf,860
-31,Inf,861
330,Inf,862
330,Inf,863
-Inf,Inf,864
-Inf,Inf,865
357,Inf,866
357,Inf,867
351,Inf,868
351,Inf,869
-Inf,Inf,870
-Inf,Inf,871
-Inf,Inf,872
227,Inf,873
-Inf,Inf,874
-Inf,Inf,875
-Inf,Inf,876
-Inf,Inf,877
-Inf,Inf,878
-Inf,Inf,879
339,Inf,880
246,Inf,881
351,Inf,882
351,Inf,883
-Inf,Inf,884
382,Inf,885
382,Inf,886
367,Inf,887
367,Inf,888
367,Inf,889
360,Inf,890
360,Inf,891
-Inf,Inf,892
-Inf,168,893
378,Inf,894
378,Inf,895
-Inf,Inf,896
-Inf,Inf,897
-Inf,Inf,898
371,Inf,899
372,Inf,900
372,Inf,901
340,Inf,902
-Inf,Inf,903
-Inf,Inf,904
359,Inf,905
359,Inf,906
359,Inf,907
359,Inf,908
380,Inf,909
380,Inf,910
379,Inf,911
379,Inf,912
387,Inf,913
399,Inf,914
399,Inf,915
309,Inf,916
391,Inf,917
395,Inf,918
395,Inf,919
395,Inf,920
-Inf,Inf,921
322,Inf,922
322,Inf,923
331,Inf,924
331,Inf,925
367,Inf,926
367,Inf,927
403,Inf,928
403,Inf,929
332,Inf,930
-Inf,352,931
-Inf,Inf,932
393,Inf,933
367,Inf,934
367,Inf,935
365,Inf,936
365,Inf,937
-Inf,Inf,938
395,Inf,939
395,Inf,940
400,Inf,941
400,Inf,942
384,Inf,943
384,Inf,944
-Inf,1269,945
399,Inf,946
399,Inf,947
399,730,948
-Inf,Inf,949
-Inf,Inf,950
-Inf,Inf,951
375,Inf,952
401,Inf,953
401,Inf,954
406,Inf,955
406,Inf,956
359,Inf,957
359,Inf,958
-Inf,Inf,959
365,Inf,960
365,Inf,961
365,Inf,962
416,Inf,963
416,Inf,964
-Inf,164,965
-Inf,Inf,966
413,Inf,967
-Inf,414,968
-Inf,414,969
-Inf,414,970
-Inf,Inf,971
359,Inf,972
-Inf,Inf,973
415,Inf,974
415,Inf,975
415,Inf,976
415,Inf,977
420,Inf,978
420,Inf,979
367,Inf,980
367,Inf,981
420,Inf,982
401,Inf,983
401,Inf,984
324,Inf,985
324,Inf,986
399,Inf,987
399,Inf,988
408,Inf,989
408,Inf,990
403,Inf,991
-Inf,Inf,992
403,Inf,993
-Inf,424,994
-Inf,1722,995
405,Inf,996
295,Inf,997
295,Inf,998
436,Inf,999
436,Inf,1000
400,585,1001
400,585,1002
422,Inf,1003
422,Inf,1004
426,Inf,1005
426,Inf,1006
426,Inf,1007
-Inf,Inf,1008
-561,Inf,1009
427,Inf,1010
-Inf,407,1011
423,Inf,1012
423,Inf,1013
398,Inf,1014
398,Inf,1015
437,Inf,1016
437,Inf,1017
-Inf,406,1018
-Inf,406,1019
447,Inf,1020
447,Inf,1021
436,Inf,1022
436,Inf,1023
434,Inf,1024
434,Inf,1025
370,Inf,1026
370,Inf,1027
381,Inf,1028
380,Inf,1029
441,Inf,1030
443,Inf,1031
443,Inf,1032
416,Inf,1033
416,Inf,1034
443,751,1035
443,751,1036
349,Inf,1037
349,871,1038
380,Inf,1039
451,654,1040
451,654,1041
443,792,1042
443,792,1043
-Inf,Inf,1044
-Inf,Inf,1045
418,Inf,1046
418,Inf,1047
440,Inf,1048
440,Inf,1049
440,Inf,1050
440,Inf,1051
434,Inf,1052
434,Inf,1053
441,Inf,1054
-Inf,Inf,1055
-Inf,429,1056
456,Inf,1057
456,Inf,1058
404,Inf,1059
404,Inf,1060
465,Inf,1061
465,Inf,1062
459,Inf,1063
459,Inf,1064
455,Inf,1065
427,Inf,1066
427,Inf,1067
476,Inf,1068
476,Inf,1069
267,Inf,1070
267,Inf,1071
267,Inf,1072
-Inf,357,1073
441,Inf,1074
478,Inf,1075
456,Inf,1076
456,1080,1077
388,Inf,1078
388,Inf,1079
469,Inf,1080
469,Inf,1081
473,1805,1082
473,1805,1083
483,Inf,1084
483,Inf,1085
-Inf,462,1086
-Inf,462,1087
478,Inf,1088
-Inf,Inf,1089
-Inf,Inf,1090
265,Inf,1091
265,Inf,1092
469,Inf,1093
469,Inf,1094
442,Inf,1095
475,Inf,1096
475,Inf,1097
-Inf,Inf,1098
-Inf,465,1099
477,Inf,1100
477,Inf,1101
-Inf,435,1102
429,Inf,1103
470,Inf,1104
492,Inf,1105
492,Inf,1106
367,Inf,1107
367,Inf,1108
410,Inf,1109
410,Inf,1110
496,Inf,1111
478,Inf,1112
478,1611,1113
504,Inf,1114
482,Inf,1115
469,Inf,1116
469,Inf,1117
469,Inf,1118
448,968,1119
478,Inf,1120
478,Inf,1121
475,Inf,1122
475,Inf,1123
489,Inf,1124
489,Inf,1125
477,Inf,1126
477,Inf,1127
-Inf,Inf,1128
-Inf,Inf,1129
-1758,Inf,1130
-Inf,Inf,1131
-Inf,Inf,1132
453,Inf,1133
453,Inf,1134
431,Inf,1135
500,Inf,1136
500,Inf,1137
505,Inf,1138
505,Inf,1139
429,Inf,1140
414,Inf,1141
414,Inf,1142
505,Inf,1143
-Inf,Inf,1144
510,Inf,1145
510,Inf,1146
505,Inf,1147
505,Inf,1148
510,Inf,1149
510,Inf,1150
492,1183,1151
-Inf,Inf,1152
-Inf,Inf,1153
505,Inf,1154
499,Inf,1155
499,Inf,1156
499,Inf,1157
507,891,1158
-Inf,Inf,1159
483,Inf,1160
-Inf,Inf,1161
491,Inf,1162
491,Inf,1163
479,Inf,1164
520,678,1165
482,Inf,1166
482,Inf,1167
-Inf,490,1168
-Inf,490,1169
-Inf,501,1170
-Inf,501,1171
-Inf,1304,1172
517,Inf,1173
517,Inf,1174
505,Inf,1175
-Inf,97,1176
-Inf,97,1177
-Inf,Inf,1178
490,Inf,1179
490,Inf,1180
519,Inf,1181
519,Inf,1182
522,Inf,1183
522,Inf,1184
-Inf,Inf,1185
-Inf,Inf,1186
517,Inf,1187
517,Inf,1188
517,Inf,1189
517,Inf,1190
517,Inf,1191
517,Inf,1192
-Inf,Inf,1193
525,Inf,1194
526,Inf,1195
526,Inf,1196
459,Inf,1197
459,Inf,1198
366,Inf,1199
366,Inf,1200
527,Inf,1201
527,Inf,1202
524,Inf,1203
524,Inf,1204
475,Inf,1205
475,Inf,1206
510,Inf,1207
510,Inf,1208
-Inf,Inf,1209
526,Inf,1210
269,Inf,1211
269,Inf,1212
-Inf,450,1213
-Inf,450,1214
400,Inf,1215
400,Inf,1216
533,Inf,1217
533,Inf,1218
524,Inf,1219
524,Inf,1220
503,Inf,1221
503,Inf,1222
531,Inf,1223
531,Inf,1224
-Inf,Inf,1225
520,Inf,1226
-Inf,Inf,1227
-Inf,520,1228
-1665,Inf,1229
-Inf,485,1230
-Inf,485,1231
-473,Inf,1232
-473,Inf,1233
531,Inf,1234
531,Inf,1235
-Inf,Inf,1236
517,Inf,1237
517,Inf,1238
533,Inf,1239
533,Inf,1240
526,Inf,1241
526,Inf,1242
-Inf,Inf,1243
534,Inf,1244
541,Inf,1245
541,Inf,1246
521,Inf,1247
521,Inf,1248
-Inf,Inf,1249
-Inf,Inf,1250
-Inf,Inf,1251
-Inf,821,1252
-Inf,821,1253
-Inf,Inf,1254
-Inf,Inf,1255
521,1038,1256
521,1038,1257
-6252,Inf,1258
545,Inf,1259
545,Inf,1260
66,Inf,1261
66,Inf,1262
542,Inf,1263
542,Inf,1264
527,Inf,1265
527,Inf,1266
545,Inf,1267
545,Inf,1268
417,Inf,1269
417,Inf,1270
446,Inf,1271
417,Inf,1272
417,Inf,1273
419,Inf,1274
419,Inf,1275
532,Inf,1276
506,Inf,1277
506,Inf,1278
554,Inf,1279
554,Inf,1280
-Inf,Inf,1281
-Inf,Inf,1282
-Inf,Inf,1283
538,Inf,1284
538,Inf,1285
437,Inf,1286
512,Inf,1287
512,Inf,1288
-Inf,963,1289
549,Inf,1290
547,Inf,1291
547,Inf,1292
379,Inf,1293
379,Inf,1294
-Inf,547,1295
549,Inf,1296
549,Inf,1297
555,Inf,1298
555,Inf,1299
489,Inf,1300
541,Inf,1301
563,Inf,1302
532,Inf,1303
532,Inf,1304
545,Inf,1305
540,Inf,1306
540,Inf,1307
454,Inf,1308
454,Inf,1309
-Inf,Inf,1310
521,Inf,1311
573,735,1312
546,Inf,1313
546,Inf,1314
569,Inf,1315
569,Inf,1316
567,Inf,1317
567,Inf,1318
-Inf,575,1319
-Inf,575,1320
-Inf,575,1321
566,Inf,1322
566,Inf,1323
-Inf,Inf,1324
6,Inf,1325
6,Inf,1326
566,Inf,1327
566,Inf,1328
507,Inf,1329
590,Inf,1330
590,Inf,1331
107,Inf,1332
589,Inf,1333
589,Inf,1334
-Inf,Inf,1335
549,Inf,1336
549,Inf,1337
549,Inf,1338
364,Inf,1339
559,Inf,1340
559,Inf,1341
-Inf,Inf,1342
557,Inf,1343
-Inf,Inf,1344
510,Inf,1345
-Inf,Inf,1346
487,Inf,1347
553,Inf,1348
553,Inf,1349
597,Inf,1350
597,Inf,1351
-Inf,456,1352
-Inf,456,1353
587,Inf,1354
587,Inf,1355
556,Inf,1356
562,Inf,1357
513,Inf,1358
597,Inf,1359
597,Inf,1360
434,434,1361
434,434,1362
-Inf,570,1363
-Inf,570,1364
594,Inf,1365
594,Inf,1366
447,1128,1367
-Inf,Inf,1368
447,724,1369
603,Inf,1370
603,Inf,1371
584,Inf,1372
580,Inf,1373
580,Inf,1374
-2085,Inf,1375
-2085,Inf,1376
537,Inf,1377
-Inf,Inf,1378
600,Inf,1379
570,Inf,1380
570,Inf,1381
605,Inf,1382
605,Inf,1383
605,Inf,1384
605,Inf,1385
580,Inf,1386
580,Inf,1387
515,Inf,1388
515,Inf,1389
546,Inf,1390
546,Inf,1391
-Inf,1511,1392
610,Inf,1393
545,Inf,1394
545,Inf,1395
605,Inf,1396
618,Inf,1397
568,Inf,1398
568,Inf,1399
-Inf,Inf,1400
-Inf,Inf,1401
-Inf,Inf,1402
610,Inf,1403
475,Inf,1404
609,Inf,1405
609,Inf,1406
597,Inf,1407
597,Inf,1408
616,Inf,1409
616,Inf,1410
617,Inf,1411
617,Inf,1412
602,1018,1413
602,Inf,1414
623,Inf,1415
623,Inf,1416
604,Inf,1417
624,Inf,1418
-Inf,Inf,1419
-Inf,Inf,1420
546,Inf,1421
537,Inf,1422
537,Inf,1423
537,Inf,1424
610,Inf,1425
610,Inf,1426
610,Inf,1427
606,Inf,1428
606,Inf,1429
623,Inf,1430
623,Inf,1431
442,Inf,1432
582,Inf,1433
582,582,1434
-Inf,Inf,1435
-Inf,606,1436
-Inf,606,1437
567,Inf,1438
567,Inf,1439
610,Inf,1440
610,Inf,1441
442,442,1442
442,442,1443
631,Inf,1444
631,Inf,1445
-Inf,Inf,1446
-Inf,Inf,1447
637,Inf,1448
364,Inf,1449
636,Inf,1450
636,Inf,1451
-Inf,588,1452
-Inf,588,1453
-Inf,Inf,1454
-Inf,Inf,1455
562,Inf,1456
562,Inf,1457
592,Inf,1458
601,Inf,1459
603,Inf,1460
644,Inf,1461
482,Inf,1462
482,Inf,1463
515,Inf,1464
515,Inf,1465
628,Inf,1466
628,Inf,1467
640,Inf,1468
640,Inf,1469
632,Inf,1470
646,Inf,1471
646,Inf,1472
-Inf,Inf,1473
538,Inf,1474
-Inf,Inf,1475
605,Inf,1476
605,Inf,1477
605,Inf,1478
638,Inf,1479
638,Inf,1480
646,Inf,1481
646,Inf,1482
636,Inf,1483
624,Inf,1484
624,Inf,1485
638,Inf,1486
638,Inf,1487
639,Inf,1488
587,Inf,1489
587,Inf,1490
-Inf,Inf,1491
599,Inf,1492
604,Inf,1493
604,Inf,1494
659,Inf,1495
641,Inf,1496
641,Inf,1497
-Inf,395,1498
-Inf,395,1499
653,Inf,1500
657,Inf,1501
524,Inf,1502
524,Inf,1503
409,Inf,1504
409,Inf,1505
-Inf,Inf,1506
-Inf,Inf,1507
639,Inf,1508
639,Inf,1509
646,Inf,1510
667,Inf,1511
647,Inf,1512
647,Inf,1513
650,Inf,1514
650,Inf,1515
605,Inf,1516
-Inf,252,1517
-Inf,252,1518
559,Inf,1519
559,Inf,1520
615,615,1521
615,615,1522
615,615,1523
623,Inf,1524
623,Inf,1525
623,Inf,1526
623,Inf,1527
-Inf,Inf,1528
-Inf,Inf,1529
605,Inf,1530
-Inf,655,1531
671,Inf,1532
664,Inf,1533
664,Inf,1534
658,Inf,1535
658,Inf,1536
657,Inf,1537
659,Inf,1538
657,Inf,1539
654,Inf,1540
654,Inf,1541
668,Inf,1542
-Inf,Inf,1543
-Inf,Inf,1544
-Inf,Inf,1545
-Inf,Inf,1546
639,Inf,1547
639,Inf,1548
646,Inf,1549
672,Inf,1550
672,Inf,1551
657,Inf,1552
657,Inf,1553
673,Inf,1554
673,Inf,1555
669,Inf,1556
669,Inf,1557
554,Inf,1558
554,Inf,1559
674,Inf,1560
674,Inf,1561
659,Inf,1562
648,Inf,1563
-Inf,Inf,1564
556,Inf,1565
611,Inf,1566
611,Inf,1567
503,Inf,1568
503,Inf,1569
664,Inf,1570
664,Inf,1571
538,Inf,1572
538,Inf,1573
538,Inf,1574
669,Inf,1575
669,Inf,1576
687,Inf,1577
687,Inf,1578
666,Inf,1579
666,Inf,1580
666,Inf,1581
-Inf,749,1582
631,Inf,1583
631,Inf,1584
631,Inf,1585
618,Inf,1586
618,Inf,1587
-Inf,Inf,1588
681,Inf,1589
465,Inf,1590
465,Inf,1591
636,Inf,1592
636,Inf,1593
681,Inf,1594
681,Inf,1595
694,Inf,1596
695,Inf,1597
680,Inf,1598
680,Inf,1599
641,Inf,1600
641,Inf,1601
669,Inf,1602
669,Inf,1603
686,Inf,1604
686,Inf,1605
-Inf,-558,1606
532,Inf,1607
532,Inf,1608
532,Inf,1609
693,Inf,1610
693,Inf,1611
678,Inf,1612
678,Inf,1613
685,Inf,1614
685,Inf,1615
-Inf,Inf,1616
709,Inf,1617
709,Inf,1618
685,Inf,1619
707,1053,1620
707,1053,1621
673,Inf,1622
673,Inf,1623
710,Inf,1624
-Inf,Inf,1625
695,Inf,1626
695,Inf,1627
695,Inf,1628
714,Inf,1629
714,Inf,1630
709,Inf,1631
709,Inf,1632
654,Inf,1633
654,Inf,1634
654,Inf,1635
-Inf,Inf,1636
-Inf,Inf,1637
724,Inf,1638
724,Inf,1639
722,Inf,1640
722,Inf,1641
725,Inf,1642
725,Inf,1643
724,Inf,1644
724,Inf,1645
686,Inf,1646
714,Inf,1647
714,Inf,1648
-Inf,Inf,1649
728,Inf,1650
184,Inf,1651
184,Inf,1652
-Inf,Inf,1653
729,Inf,1654
682,Inf,1655
682,Inf,1656
671,Inf,1657
701,Inf,1658
701,Inf,1659
624,Inf,1660
624,Inf,1661
-Inf,Inf,1662
727,Inf,1663
709,Inf,1664
709,Inf,1665
746,Inf,1666
746,Inf,1667
743,Inf,1668
743,Inf,1669
737,Inf,1670
737,Inf,1671
-Inf,Inf,1672
-Inf,Inf,1673
440,Inf,1674
440,Inf,1675
727,727,1676
727,727,1677
-Inf,Inf,1678
-Inf,Inf,1679
741,Inf,1680
741,Inf,1681
729,Inf,1682
729,Inf,1683
729,1232,1684
750,Inf,1685
750,Inf,1686
724,Inf,1687
741,Inf,1688
752,Inf,1689
728,Inf,1690
742,1313,1691
742,1313,1692
741,Inf,1693
741,Inf,1694
750,1207,1695
750,Inf,1696
750,Inf,1697
750,Inf,1698
-3533,Inf,1699
721,Inf,1700
746,Inf,1701
721,Inf,1702
-Inf,583,1703
-Inf,583,1704
-Inf,Inf,1705
749,Inf,1706
749,Inf,1707
755,Inf,1708
755,Inf,1709
-Inf,Inf,1710
755,946,1711
755,946,1712
734,Inf,1713
734,Inf,1714
-Inf,1456,1715
-Inf,1456,1716
762,Inf,1717
762,Inf,1718
749,Inf,1719
749,Inf,1720
770,Inf,1721
756,Inf,1722
756,Inf,1723
700,1007,1724
700,1007,1725
727,Inf,1726
768,Inf,1727
769,Inf,1728
774,974,1729
750,Inf,1730
750,Inf,1731
-Inf,Inf,1732
-Inf,Inf,1733
759,Inf,1734
759,Inf,1735
759,Inf,1736
678,Inf,1737
678,Inf,1738
-Inf,-232,1739
-Inf,-232,1740
743,Inf,1741
743,Inf,1742
709,Inf,1743
709,Inf,1744
681,Inf,1745
681,Inf,1746
681,Inf,1747
755,Inf,1748
755,Inf,1749
755,Inf,1750
778,Inf,1751
778,Inf,1752
521,Inf,1753
521,Inf,1754
-Inf,638,1755
-412,Inf,1756
731,Inf,1757
731,Inf,1758
757,Inf,1759
771,Inf,1760
-Inf,Inf,1761
-Inf,632,1762
779,Inf,1763
-Inf,Inf,1764
763,Inf,1765
763,Inf,1766
757,Inf,1767
757,Inf,1768
778,Inf,1769
778,Inf,1770
772,Inf,1771
-Inf,Inf,1772
-Inf,757,1773
-Inf,757,1774
763,Inf,1775
763,Inf,1776
772,Inf,1777
-Inf,767,1778
-Inf,767,1779
-Inf,Inf,1780
776,Inf,1781
-Inf,Inf,1782
791,Inf,1783
784,Inf,1784
784,Inf,1785
734,1537,1786
734,1537,1787
736,Inf,1788
736,Inf,1789
791,Inf,1790
791,1518,1791
59,Inf,1792
59,Inf,1793
-Inf,800,1794
771,Inf,1795
771,Inf,1796
762,Inf,1797
797,Inf,1798
783,Inf,1799
783,Inf,1800
778,Inf,1801
778,Inf,1802
779,Inf,1803
779,Inf,1804
-Inf,Inf,1805
776,Inf,1806
797,Inf,1807
797,Inf,1808
743,Inf,1809
743,Inf,1810
763,Inf,1811
763,Inf,1812
784,Inf,1813
802,Inf,1814
804,Inf,1815
804,Inf,1816
751,Inf,1817
751,Inf,1818
798,Inf,1819
-Inf,Inf,1820
776,Inf,1821
675,Inf,1822
675,Inf,1823
797,Inf,1824
797,Inf,1825
797,Inf,1826
430,Inf,1827
430,Inf,1828
791,Inf,1829
813,Inf,1830
749,Inf,1831
749,Inf,1832
-Inf,Inf,1833
816,Inf,1834
816,Inf,1835
793,Inf,1836
793,Inf,1837
793,Inf,1838
790,Inf,1839
805,Inf,1840
795,Inf,1841
795,Inf,1842
802,Inf,1843
802,Inf,1844
811,Inf,1845
811,Inf,1846
-Inf,Inf,1847
-Inf,Inf,1848
823,Inf,1849
823,Inf,1850
-337,Inf,1851
-Inf,Inf,1852
-Inf,758,1853
-Inf,758,1854
818,Inf,1855
818,Inf,1856
-Inf,Inf,1857
721,Inf,1858
721,Inf,1859
721,Inf,1860
-1512,Inf,1861
-1512,Inf,1862
823,Inf,1863
823,Inf,1864
808,Inf,1865
808,Inf,1866
828,Inf,1867
827,1312,1868
827,Inf,1869
811,Inf,1870
811,Inf,1871
811,Inf,1872
493,Inf,1873
493,Inf,1874
832,Inf,1875
-Inf,Inf,1876
-Inf,Inf,1877
673,Inf,1878
673,Inf,1879
673,Inf,1880
-Inf,804,1881
828,Inf,1882
828,Inf,1883
804,Inf,1884
804,Inf,1885
773,Inf,1886
813,Inf,1887
813,Inf,1888
-Inf,Inf,1889
830,Inf,1890
823,Inf,1891
839,Inf,1892
839,Inf,1893
813,Inf,1894
813,Inf,1895
814,Inf,1896
821,Inf,1897
821,Inf,1898
762,Inf,1899
-Inf,834,1900
-Inf,834,1901
826,Inf,1902
826,Inf,1903
843,Inf,1904
-Inf,Inf,1905
-Inf,-187,1906
-Inf,Inf,1907
-Inf,-187,1908
834,Inf,1909
834,Inf,1910
843,Inf,1911
843,Inf,1912
-Inf,Inf,1913
-Inf,Inf,1914
755,Inf,1915
755,755,1916
825,Inf,1917
825,Inf,1918
815,Inf,1919
815,Inf,1920
797,Inf,1921
797,Inf,1922
855,Inf,1923
855,Inf,1924
855,Inf,1925
776,Inf,1926
776,Inf,1927
-Inf,835,1928
813,Inf,1929
813,Inf,1930
-Inf,Inf,1931
-Inf,790,1932
860,Inf,1933
860,Inf,1934
858,Inf,1935
858,Inf,1936
833,Inf,1937
833,Inf,1938
-Inf,Inf,1939
-Inf,832,1940
854,Inf,1941
854,Inf,1942
841,Inf,1943
853,1613,1944
853,1613,1945
808,Inf,1946
-Inf,Inf,1947
-Inf,Inf,1948
792,Inf,1949
861,Inf,1950
861,Inf,1951
632,1408,1952
632,Inf,1953
807,Inf,1954
849,Inf,1955
868,Inf,1956
669,Inf,1957
669,Inf,1958
839,Inf,1959
839,Inf,1960
-Inf,870,1961
-Inf,Inf,1962
870,Inf,1963
870,Inf,1964
870,Inf,1965
795,914,1966
-6584,1267,1967
-6584,1267,1968
863,Inf,1969
863,Inf,1970
836,Inf,1971
836,Inf,1972
832,Inf,1973
680,Inf,1974
680,Inf,1975
471,Inf,1976
471,Inf,1977
860,Inf,1978
860,Inf,1979
867,Inf,1980
867,Inf,1981
874,Inf,1982
874,Inf,1983
862,Inf,1984
862,Inf,1985
365,Inf,1986
365,Inf,1987
871,Inf,1988
867,Inf,1989
867,Inf,1990
860,Inf,1991
860,Inf,1992
833,Inf,1993
833,Inf,1994
733,Inf,1995
733,Inf,1996
878,Inf,1997
875,Inf,1998
875,Inf,1999
-Inf,881,2000
-Inf,881,2001
870,Inf,2002
870,Inf,2003
-Inf,Inf,2004
-Inf,Inf,2005
884,Inf,2006
874,Inf,2007
874,Inf,2008
874,Inf,2009
874,Inf,2010
-Inf,871,2011
-Inf,882,2012
-Inf,882,2013
832,Inf,2014
875,Inf,2015
875,Inf,2016
856,Inf,2017
856,Inf,2018
863,Inf,2019
863,Inf,2020
-Inf,Inf,2021
865,Inf,2022
881,Inf,2023
827,Inf,2024
879,1742,2025
892,Inf,2026
849,Inf,2027
889,Inf,2028
889,Inf,2029
889,Inf,2030
884,Inf,2031
884,Inf,2032
868,Inf,2033
868,Inf,2034
855,1504,2035
889,Inf,2036
889,Inf,2037
889,Inf,2038
889,Inf,2039
727,Inf,2040
727,Inf,2041
888,Inf,2042
888,Inf,2043
888,Inf,2044
888,Inf,2045
757,Inf,2046
757,Inf,2047
-Inf,Inf,2048
-Inf,Inf,2049
-Inf,Inf,2050
-Inf,Inf,2051
-Inf,Inf,2052
834,Inf,2053
-Inf,Inf,2054
-Inf,834,2055
87,Inf,2056
87,Inf,2057
839,Inf,2058
-Inf,Inf,2059
855,Inf,2060
855,Inf,2061
-Inf,Inf,2062
-Inf,Inf,2063
-Inf,826,2064
847,Inf,2065
847,Inf,2066
898,Inf,2067
900,Inf,2068
900,Inf,2069
899,Inf,2070
899,Inf,2071
-Inf,Inf,2072
-Inf,Inf,2073
853,Inf,2074
853,Inf,2075
853,Inf,2076
-Inf,Inf,2077
-Inf,Inf,2078
-Inf,Inf,2079
-Inf,882,2080
-Inf,882,2081
-Inf,882,2082
-Inf,Inf,2083
-Inf,Inf,2084
890,Inf,2085
896,Inf,2086
862,Inf,2087
889,Inf,2088
910,Inf,2089
910,Inf,2090
-Inf,896,2091
843,Inf,2092
892,Inf,2093
-Inf,Inf,2094
832,Inf,2095
-Inf,Inf,2096
-Inf,Inf,2097
905,Inf,2098
905,Inf,2099
888,Inf,2100
888,Inf,2101
905,Inf,2102
-Inf,Inf,2103
885,Inf,2104
885,Inf,2105
885,Inf,2106
890,Inf,2107
470,Inf,2108
899,Inf,2109
899,Inf,2110
913,Inf,2111
913,Inf,2112
899,1171,2113
919,Inf,2114
919,Inf,2115
919,Inf,2116
913,Inf,2117
913,Inf,2118
921,Inf,2119
921,Inf,2120
856,Inf,2121
856,Inf,2122
856,Inf,2123
-Inf,Inf,2124
914,Inf,2125
914,Inf,2126
898,Inf,2127
898,Inf,2128
918,1420,2129
920,Inf,2130
920,Inf,2131
-Inf,900,2132
-Inf,900,2133
-Inf,900,2134
916,1521,2135
916,Inf,2136
903,Inf,2137
860,Inf,2138
892,Inf,2139
899,Inf,2140
899,Inf,2141
884,Inf,2142
884,Inf,2143
896,Inf,2144
896,Inf,2145
900,1624,2146
900,1624,2147
931,Inf,2148
931,Inf,2149
-Inf,910,2150
931,Inf,2151
931,Inf,2152
926,Inf,2153
914,Inf,2154
-Inf,536,2155
-Inf,536,2156
931,Inf,2157
931,Inf,2158
-Inf,Inf,2159
-Inf,Inf,2160
-Inf,Inf,2161
904,Inf,2162
904,Inf,2163
-3533,Inf,2164
933,Inf,2165
933,Inf,2166
909,Inf,2167
909,Inf,2168
909,Inf,2169
909,Inf,2170
-Inf,Inf,2171
-Inf,Inf,2172
-Inf,Inf,2173
-Inf,Inf,2174
-Inf,Inf,2175
937,Inf,2176
937,Inf,2177
-Inf,Inf,2178
-Inf,Inf,2179
-Inf,Inf,2180
939,Inf,2181
939,Inf,2182
930,Inf,2183
930,Inf,2184
217,Inf,2185
217,Inf,2186
892,Inf,2187
941,Inf,2188
941,Inf,2189
944,Inf,2190
944,Inf,2191
930,Inf,2192
-Inf,882,2193
939,Inf,2194
939,Inf,2195
939,Inf,2196
942,Inf,2197
-Inf,Inf,2198
-Inf,Inf,2199
-Inf,Inf,2200
889,Inf,2201
889,Inf,2202
948,Inf,2203
857,Inf,2204
-Inf,Inf,2205
-Inf,Inf,2206
-Inf,Inf,2207
910,Inf,2208
910,Inf,2209
944,Inf,2210
-Inf,Inf,2211
-Inf,Inf,2212
910,Inf,2213
925,1028,2214
925,Inf,2215
953,953,2216
953,953,2217
-Inf,Inf,2218
898,Inf,2219
898,Inf,2220
952,Inf,2221
952,Inf,2222
946,Inf,2223
946,Inf,2224
-Inf,Inf,2225
-Inf,Inf,2226
895,Inf,2227
895,Inf,2228
-Inf,Inf,2229
-Inf,Inf,2230
-Inf,Inf,2231
853,Inf,2232
853,Inf,2233
-368,Inf,2234
-Inf,Inf,2235
-Inf,Inf,2236
918,1390,2237
959,Inf,2238
957,Inf,2239
957,Inf,2240
947,Inf,2241
947,Inf,2242
949,1183,2243
949,Inf,2244
579,Inf,2245
938,Inf,2246
819,Inf,2247
819,Inf,2248
-Inf,Inf,2249
896,Inf,2250
937,Inf,2251
937,Inf,2252
937,Inf,2253
930,Inf,2254
930,Inf,2255
888,Inf,2256
888,Inf,2257
928,Inf,2258
928,Inf,2259
905,Inf,2260
-Inf,Inf,2261
958,Inf,2262
483,Inf,2263
483,Inf,2264
963,Inf,2265
970,Inf,2266
972,Inf,2267
972,Inf,2268
968,Inf,2269
968,Inf,2270
-Inf,959,2271
974,Inf,2272
966,Inf,2273
966,Inf,2274
916,Inf,2275
916,Inf,2276
-Inf,Inf,2277
-Inf,Inf,2278
969,Inf,2279
979,Inf,2280
979,Inf,2281
979,Inf,2282
972,Inf,2283
979,Inf,2284
975,Inf,2285
970,Inf,2286
970,Inf,2287
-Inf,Inf,2288
-Inf,Inf,2289
-Inf,Inf,2290
872,Inf,2291
872,Inf,2292
981,Inf,2293
972,Inf,2294
972,Inf,2295
917,Inf,2296
917,Inf,2297
939,Inf,2298
988,Inf,2299
988,Inf,2300
-Inf,Inf,2301
-Inf,909,2302
-Inf,Inf,2303
772,Inf,2304
979,Inf,2305
979,Inf,2306
990,Inf,2307
990,Inf,2308
965,Inf,2309
965,Inf,2310
-Inf,Inf,2311
916,Inf,2312
916,Inf,2313
990,Inf,2314
990,Inf,2315
976,Inf,2316
976,Inf,2317
846,Inf,2318
-Inf,Inf,2319
-Inf,Inf,2320
975,Inf,2321
846,Inf,2322
994,Inf,2323
994,Inf,2324
969,Inf,2325
-Inf,Inf,2326
-Inf,Inf,2327
799,Inf,2328
799,Inf,2329
-Inf,865,2330
-Inf,865,2331
966,Inf,2332
966,Inf,2333
843,Inf,2334
844,Inf,2335
844,Inf,2336
976,Inf,2337
976,Inf,2338
962,Inf,2339
962,Inf,2340
988,Inf,2341
988,Inf,2342
-Inf,Inf,2343
-Inf,Inf,2344
981,Inf,2345
981,Inf,2346
1003,Inf,2347
1003,Inf,2348
1004,Inf,2349
1004,Inf,2350
996,Inf,2351
937,Inf,2352
573,Inf,2353
573,Inf,2354
1009,Inf,2355
1009,Inf,2356
-Inf,Inf,2357
-Inf,932,2358
994,Inf,2359
994,Inf,2360
-Inf,Inf,2361
1010,Inf,2362
-Inf,Inf,2363
-Inf,Inf,2364
-Inf,Inf,2365
-Inf,Inf,2366
989,Inf,2367
989,Inf,2368
903,Inf,2369
1016,Inf,2370
1016,Inf,2371
1009,Inf,2372
1009,Inf,2373
1014,Inf,2374
1014,Inf,2375
1016,Inf,2376
1016,Inf,2377
1003,Inf,2378
1003,Inf,2379
989,Inf,2380
1007,Inf,2381
1007,Inf,2382
948,Inf,2383
1019,Inf,2384
1014,Inf,2385
1014,Inf,2386
1016,Inf,2387
994,Inf,2388
994,Inf,2389
912,Inf,2390
912,Inf,2391
-Inf,Inf,2392
1008,Inf,2393
1008,Inf,2394
966,Inf,2395
1007,Inf,2396
1026,Inf,2397
1026,Inf,2398
-1705,Inf,2399
-1705,Inf,2400
1000,Inf,2401
1000,Inf,2402
1004,Inf,2403
1004,Inf,2404
-Inf,Inf,2405
-Inf,1010,2406
-Inf,Inf,2407
1029,Inf,2408
-Inf,Inf,2409
-Inf,Inf,2410
1029,Inf,2411
990,Inf,2412
990,Inf,2413
1030,Inf,2414
1030,Inf,2415
1033,1074,2416
907,Inf,2417
1028,Inf,2418
1028,Inf,2419
1030,Inf,2420
1030,Inf,2421
954,Inf,2422
1018,1073,2423
-Inf,Inf,2424
-Inf,Inf,2425
1030,Inf,2426
1030,Inf,2427
1032,Inf,2428
1032,Inf,2429
951,Inf,2430
951,Inf,2431
-Inf,Inf,2432
1043,Inf,2433
1043,Inf,2434
1038,Inf,2435
-Inf,Inf,2436
1007,Inf,2437
1007,Inf,2438
1042,Inf,2439
1042,Inf,2440
998,Inf,2441
998,Inf,2442
998,Inf,2443
-Inf,Inf,2444
904,Inf,2445
904,Inf,2446
1052,Inf,2447
1052,Inf,2448
1042,Inf,2449
1023,Inf,2450
1042,Inf,2451
1042,Inf,2452
1042,Inf,2453
1047,Inf,2454
1047,Inf,2455
1049,Inf,2456
1049,Inf,2457
1052,Inf,2458
1052,Inf,2459
1053,Inf,2460
1053,Inf,2461
1030,Inf,2462
1030,Inf,2463
-Inf,Inf,2464
-Inf,Inf,2465
-Inf,Inf,2466
1007,Inf,2467
1007,Inf,2468
1036,Inf,2469
1010,Inf,2470
1010,Inf,2471
1049,Inf,2472
1049,Inf,2473
906,Inf,2474
846,Inf,2475
846,Inf,2476
1046,Inf,2477
1046,Inf,2478
795,Inf,2479
795,Inf,2480
1040,Inf,2481
1040,Inf,2482
1040,Inf,2483
1043,Inf,2484
1043,Inf,2485
1056,Inf,2486
1056,Inf,2487
993,Inf,2488
993,Inf,2489
1035,Inf,2490
1035,Inf,2491
1004,Inf,2492
1004,Inf,2493
1056,Inf,2494
1056,Inf,2495
1017,Inf,2496
1017,Inf,2497
1017,Inf,2498
700,Inf,2499
-Inf,Inf,2500
-Inf,1068,2501
-Inf,1068,2502
1059,Inf,2503
1059,Inf,2504
1021,Inf,2505
1056,Inf,2506
1056,Inf,2507
1067,Inf,2508
1067,Inf,2509
1067,Inf,2510
1067,Inf,2511
1068,Inf,2512
1068,Inf,2513
1065,Inf,2514
1065,Inf,2515
1047,Inf,2516
1047,Inf,2517
1073,Inf,2518
1073,Inf,2519
1034,Inf,2520
1044,Inf,2521
1044,Inf,2522
914,931,2523
938,Inf,2524
938,Inf,2525
1079,Inf,2526
1079,Inf,2527
1073,Inf,2528
1073,Inf,2529
1067,Inf,2530
1075,Inf,2531
1075,Inf,2532
1079,Inf,2533
1079,Inf,2534
-Inf,1082,2535
-Inf,1082,2536
903,Inf,2537
903,Inf,2538
1080,Inf,2539
1080,Inf,2540
1043,Inf,2541
1043,Inf,2542
-Inf,Inf,2543
888,Inf,2544
1079,Inf,2545
1079,Inf,2546
1065,Inf,2547
1065,Inf,2548
1086,Inf,2549
1070,Inf,2550
1085,Inf,2551
1085,Inf,2552
-Inf,Inf,2553
1023,Inf,2554
1065,Inf,2555
1065,Inf,2556
1088,Inf,2557
1088,Inf,2558
1091,Inf,2559
1091,Inf,2560
1084,Inf,2561
1084,Inf,2562
1086,Inf,2563
1086,Inf,2564
1082,Inf,2565
1082,Inf,2566
732,Inf,2567
732,Inf,2568
-Inf,Inf,2569
1087,Inf,2570
1087,Inf,2571
1088,Inf,2572
1094,Inf,2573
1094,Inf,2574
1087,Inf,2575
1087,Inf,2576
1087,Inf,2577
1087,1087,2578
1087,Inf,2579
1085,Inf,2580
1085,Inf,2581
1004,Inf,2582
1004,Inf,2583
1031,Inf,2584
1031,Inf,2585
1095,Inf,2586
1095,Inf,2587
1399,Inf,2588
1091,Inf,2589
1091,Inf,2590
1092,Inf,2591
1092,Inf,2592
1090,Inf,2593
1090,Inf,2594
1099,Inf,2595
-Inf,1375,2596
1075,Inf,2597
1075,Inf,2598
1028,Inf,2599
1099,Inf,2600
1102,Inf,2601
1102,Inf,2602
1107,Inf,2603
1107,Inf,2604
-Inf,Inf,2605
-Inf,Inf,2606
1086,Inf,2607
1115,Inf,2608
1115,Inf,2609
1112,Inf,2610
1116,Inf,2611
1116,Inf,2612
1100,Inf,2613
-Inf,Inf,2614
1030,Inf,2615
1030,Inf,2616
1081,Inf,2617
1081,Inf,2618
1081,Inf,2619
1081,Inf,2620
1102,Inf,2621
1102,Inf,2622
-Inf,1274,2623
-Inf,1274,2624
1057,Inf,2625
1057,Inf,2626
1057,Inf,2627
1107,Inf,2628
-Inf,Inf,2629
1116,Inf,2630
1116,Inf,2631
1116,Inf,2632
1108,Inf,2633
1108,Inf,2634
1093,Inf,2635
1093,Inf,2636
1110,Inf,2637
1110,Inf,2638
-Inf,Inf,2639
-Inf,Inf,2640
1093,Inf,2641
1093,Inf,2642
-Inf,Inf,2643
-Inf,Inf,2644
1130,Inf,2645
1130,Inf,2646
1134,Inf,2647
1141,Inf,2648
1141,Inf,2649
-Inf,Inf,2650
-Inf,Inf,2651
-Inf,Inf,2652
-Inf,Inf,2653
1135,Inf,2654
1101,Inf,2655
1101,Inf,2656
1136,Inf,2657
1136,Inf,2658
1143,Inf,2659
1143,Inf,2660
1137,Inf,2661
1137,Inf,2662
855,Inf,2663
855,Inf,2664
1138,Inf,2665
1085,Inf,2666
1085,Inf,2667
1108,Inf,2668
-Inf,1144,2669
1147,Inf,2670
1147,Inf,2671
1115,1231,2672
-Inf,1231,2673
1140,Inf,2674
1140,Inf,2675
440,Inf,2676
1140,Inf,2677
1078,Inf,2678
1078,Inf,2679
-200,Inf,2680
-200,Inf,2681
1162,Inf,2682
1162,Inf,2683
-Inf,983,2684
1155,Inf,2685
1155,Inf,2686
1120,Inf,2687
1120,Inf,2688
1120,Inf,2689
1162,Inf,2690
1162,Inf,2691
1162,Inf,2692
1152,Inf,2693
1152,Inf,2694
1166,Inf,2695
1168,1736,2696
1168,1736,2697
1154,Inf,2698
1176,1267,2699
1164,Inf,2700
1150,Inf,2701
1150,Inf,2702
1176,Inf,2703
1176,Inf,2704
1176,Inf,2705
1176,Inf,2706
1171,Inf,2707
1137,Inf,2708
1168,Inf,2709
1168,Inf,2710
1163,Inf,2711
1163,Inf,2712
1167,Inf,2713
1167,Inf,2714
1102,Inf,2715
1102,Inf,2716
-Inf,Inf,2717
-Inf,Inf,2718
1171,Inf,2719
1171,Inf,2720
1138,Inf,2721
1138,Inf,2722
1177,Inf,2723
1177,Inf,2724
1154,Inf,2725
1154,Inf,2726
1182,Inf,2727
909,Inf,2728
1183,Inf,2729
1183,Inf,2730
1180,Inf,2731
1180,Inf,2732
-Inf,Inf,2733
-Inf,1015,2734
-Inf,1190,2735
-Inf,1190,2736
1189,Inf,2737
1190,Inf,2738
1190,Inf,2739
1072,Inf,2740
1072,Inf,2741
-Inf,Inf,2742
-Inf,Inf,2743
931,1169,2744
1183,Inf,2745
1169,1638,2746
1169,1638,2747
1154,Inf,2748
1129,Inf,2749
1190,Inf,2750
-Inf,1141,2751
-Inf,1141,2752
1177,Inf,2753
1177,Inf,2754
1100,Inf,2755
1100,Inf,2756
1176,Inf,2757
1176,Inf,2758
1060,Inf,2759
1060,Inf,2760
1193,1385,2761
1190,Inf,2762
1190,Inf,2763
-Inf,Inf,2764
1199,Inf,2765
1199,Inf,2766
1198,Inf,2767
1198,Inf,2768
1199,Inf,2769
1199,Inf,2770
1198,Inf,2771
1061,Inf,2772
-Inf,Inf,2773
-Inf,1511,2774
-Inf,1179,2775
1057,Inf,2776
1176,Inf,2777
1176,Inf,2778
1176,Inf,2779
1200,Inf,2780
1186,Inf,2781
1186,Inf,2782
1200,Inf,2783
1200,Inf,2784
1164,Inf,2785
1164,Inf,2786
1183,Inf,2787
1183,Inf,2788
1126,Inf,2789
-Inf,1204,2790
-Inf,1204,2791
-Inf,1207,2792
-Inf,1207,2793
1212,Inf,2794
1218,Inf,2795
1218,Inf,2796
1203,Inf,2797
1203,Inf,2798
1212,Inf,2799
1212,Inf,2800
-Inf,Inf,2801
-Inf,Inf,2802
-Inf,Inf,2803
-Inf,Inf,2804
1218,Inf,2805
1206,Inf,2806
1210,Inf,2807
1210,Inf,2808
-Inf,Inf,2809
1183,1637,2810
-Inf,1375,2811
1038,Inf,2812
1038,Inf,2813
1224,Inf,2814
1224,Inf,2815
1220,Inf,2816
1213,Inf,2817
-Inf,Inf,2818
1224,Inf,2819
1224,Inf,2820
1219,Inf,2821
1219,Inf,2822
1226,Inf,2823
1226,Inf,2824
1219,Inf,2825
1219,Inf,2826
-Inf,Inf,2827
-Inf,Inf,2828
1229,Inf,2829
1092,Inf,2830
1092,Inf,2831
1220,Inf,2832
1231,Inf,2833
1231,Inf,2834
1219,Inf,2835
1219,Inf,2836
-Inf,1218,2837
-Inf,1218,2838
-Inf,1218,2839
-Inf,1218,2840
-Inf,1218,2841
-Inf,1218,2842
-Inf,1218,2843
-Inf,1218,2844
-Inf,1218,2845
1216,Inf,2846
1216,Inf,2847
-Inf,Inf,2848
1220,Inf,2849
668,Inf,2850
-Inf,1096,2851
-Inf,1096,2852
1080,Inf,2853
1080,Inf,2854
1232,Inf,2855
1241,Inf,2856
1241,Inf,2857
1235,Inf,2858
1235,Inf,2859
1239,Inf,2860
1239,Inf,2861
1164,Inf,2862
1240,Inf,2863
1240,Inf,2864
1203,Inf,2865
1203,Inf,2866
1203,Inf,2867
1205,Inf,2868
1205,Inf,2869
1232,Inf,2870
1232,Inf,2871
-Inf,Inf,2872
-Inf,1231,2873
-Inf,1243,2874
-Inf,1243,2875
-Inf,Inf,2876
-Inf,Inf,2877
1252,Inf,2878
1256,Inf,2879
1256,Inf,2880
1225,Inf,2881
1085,1086,2882
1085,1086,2883
1255,Inf,2884
1203,Inf,2885
1203,Inf,2886
1252,Inf,2887
1252,Inf,2888
1260,Inf,2889
1260,Inf,2890
1248,Inf,2891
1263,Inf,2892
1263,Inf,2893
1056,Inf,2894
1263,Inf,2895
1261,Inf,2896
1261,Inf,2897
1247,Inf,2898
1247,Inf,2899
1227,Inf,2900
1227,Inf,2901
1259,Inf,2902
-Inf,1218,2903
1250,Inf,2904
1237,Inf,2905
1237,Inf,2906
1274,Inf,2907
1274,Inf,2908
1208,Inf,2909
1208,Inf,2910
1271,Inf,2911
1271,Inf,2912
1271,Inf,2913
1271,Inf,2914
1275,Inf,2915
1275,Inf,2916
-Inf,Inf,2917
-Inf,Inf,2918
1277,Inf,2919
1225,Inf,2920
1225,Inf,2921
1281,Inf,2922
1274,Inf,2923
1274,Inf,2924
1277,Inf,2925
1277,Inf,2926
-Inf,Inf,2927
1276,Inf,2928
1269,1269,2929
1269,1269,2930
1268,Inf,2931
1268,Inf,2932
1282,Inf,2933
1232,Inf,2934
1282,Inf,2935
1282,Inf,2936
1274,Inf,2937
1274,Inf,2938
1292,Inf,2939
1292,Inf,2940
1240,Inf,2941
1273,Inf,2942
1273,Inf,2943
1284,Inf,2944
1210,Inf,2945
1291,Inf,2946
1291,Inf,2947
-Inf,-1592,2948
-Inf,-983,2949
-Inf,-983,2950
1276,Inf,2951
1276,Inf,2952
1291,Inf,2953
1291,Inf,2954
1291,Inf,2955
842,Inf,2956
1281,Inf,2957
1281,Inf,2958
1296,Inf,2959
1296,Inf,2960
1278,Inf,2961
1297,Inf,2962
1297,Inf,2963
1297,Inf,2964
1282,Inf,2965
1282,Inf,2966
1283,Inf,2967
1283,Inf,2968
1283,Inf,2969
1309,Inf,2970
1296,Inf,2971
1287,Inf,2972
-Inf,Inf,2973
1296,Inf,2974
1296,Inf,2975
1304,Inf,2976
1303,Inf,2977
1303,Inf,2978
1287,Inf,2979
1287,Inf,2980
1256,Inf,2981
1256,Inf,2982
1309,Inf,2983
1304,1304,2984
1311,Inf,2985
1311,Inf,2986
910,Inf,2987
910,Inf,2988
910,Inf,2989
910,Inf,2990
1276,Inf,2991
1276,Inf,2992
1183,Inf,2993
1183,Inf,2994
1303,Inf,2995
1303,Inf,2996
1315,Inf,2997
1315,Inf,2998
1317,Inf,2999
1317,Inf,3000
1317,Inf,3001
-Inf,Inf,3002
-Inf,Inf,3003
1317,1633,3004
1317,Inf,3005
1319,Inf,3006
1313,Inf,3007
1313,Inf,3008
1254,Inf,3009
1297,Inf,3010
1324,Inf,3011
1324,Inf,3012
1289,Inf,3013
1289,Inf,3014
1318,Inf,3015
1318,Inf,3016
1297,Inf,3017
1297,Inf,3018
1304,Inf,3019
1330,Inf,3020
1330,Inf,3021
1326,Inf,3022
1323,Inf,3023
1323,Inf,3024
1322,Inf,3025
1322,Inf,3026
-Inf,1278,3027
1316,Inf,3028
1316,Inf,3029
-Inf,-2622,3030
1334,Inf,3031
1329,Inf,3032
-Inf,1472,3033
1177,Inf,3034
1308,Inf,3035
1308,Inf,3036
1240,Inf,3037
1240,Inf,3038
1240,Inf,3039
1281,Inf,3040
1281,Inf,3041
1325,Inf,3042
1325,Inf,3043
1280,Inf,3044
1280,Inf,3045
-Inf,1269,3046
1329,Inf,3047
1329,Inf,3048
1317,Inf,3049
1346,Inf,3050
1317,Inf,3051
1325,Inf,3052
1325,Inf,3053
1291,Inf,3054
1056,Inf,3055
-Inf,Inf,3056
-Inf,1252,3057
440,Inf,3058
1329,Inf,3059
-Inf,Inf,3060
-Inf,Inf,3061
-Inf,Inf,3062
-Inf,Inf,3063
1299,Inf,3064
1299,Inf,3065
1340,Inf,3066
1345,Inf,3067
1358,Inf,3068
1358,Inf,3069
1281,Inf,3070
1281,Inf,3071
1351,Inf,3072
1340,Inf,3073
1340,Inf,3074
-Inf,1200,3075
-Inf,1200,3076
1331,Inf,3077
1331,Inf,3078
1265,Inf,3079
1265,Inf,3080
1346,Inf,3081
1250,Inf,3082
1250,Inf,3083
1344,Inf,3084
1344,Inf,3085
1358,Inf,3086
1358,Inf,3087
1341,Inf,3088
1341,Inf,3089
1351,Inf,3090
1351,Inf,3091
1360,Inf,3092
1360,Inf,3093
1346,Inf,3094
1346,Inf,3095
1204,Inf,3096
-Inf,Inf,3097
1367,Inf,3098
1367,Inf,3099
1200,Inf,3100
1200,Inf,3101
1305,Inf,3102
1305,Inf,3103
1305,Inf,3104
1359,Inf,3105
1359,Inf,3106
1309,Inf,3107
1309,Inf,3108
1361,Inf,3109
1332,Inf,3110
1332,Inf,3111
1365,Inf,3112
1365,Inf,3113
1353,Inf,3114
1353,Inf,3115
1361,Inf,3116
-Inf,Inf,3117
1360,Inf,3118
-Inf,Inf,3119
-Inf,Inf,3120
-Inf,1344,3121
-Inf,1344,3122
-Inf,1344,3123
-Inf,1361,3124
-Inf,1361,3125
1259,Inf,3126
1361,Inf,3127
1366,Inf,3128
1366,Inf,3129
1311,Inf,3130
1311,Inf,3131
1311,Inf,3132
1311,Inf,3133
1311,Inf,3134
1311,Inf,3135
1364,Inf,3136
1360,Inf,3137
1360,Inf,3138
1360,Inf,3139
1360,Inf,3140
1371,Inf,3141
1371,Inf,3142
1357,Inf,3143
1368,Inf,3144
1368,Inf,3145
1346,Inf,3146
1346,Inf,3147
1371,Inf,3148
1371,Inf,3149
1325,Inf,3150
1325,Inf,3151
1372,Inf,3152
1372,Inf,3153
1358,Inf,3154
1348,1486,3155
1348,1486,3156
1088,Inf,3157
1088,Inf,3158
1220,Inf,3159
1220,Inf,3160
1374,Inf,3161
1374,Inf,3162
1351,Inf,3163
1375,Inf,3164
1375,Inf,3165
1369,Inf,3166
1258,Inf,3167
1258,Inf,3168
1258,Inf,3169
1258,Inf,3170
1378,Inf,3171
1378,Inf,3172
1379,Inf,3173
1374,Inf,3174
1374,Inf,3175
1369,Inf,3176
1369,Inf,3177
1371,Inf,3178
1369,Inf,3179
1369,Inf,3180
1380,Inf,3181
1380,Inf,3182
1380,Inf,3183
1360,Inf,3184
1360,Inf,3185
-Inf,Inf,3186
1253,Inf,3187
1253,Inf,3188
1375,Inf,3189
1375,Inf,3190
1385,Inf,3191
1378,Inf,3192
1378,Inf,3193
-Inf,Inf,3194
-Inf,Inf,3195
-Inf,Inf,3196
1388,Inf,3197
1383,Inf,3198
1383,Inf,3199
-Inf,Inf,3200
-Inf,Inf,3201
-Inf,1345,3202
1387,Inf,3203
1387,Inf,3204
1387,Inf,3205
1389,Inf,3206
1389,Inf,3207
-Inf,Inf,3208
-Inf,Inf,3209
1393,Inf,3210
1393,Inf,3211
1393,Inf,3212
1393,Inf,3213
1397,Inf,3214
-Inf,1315,3215
-Inf,1327,3216
1388,Inf,3217
1388,Inf,3218
1376,Inf,3219
1393,Inf,3220
1395,Inf,3221
1392,Inf,3222
1392,Inf,3223
1372,Inf,3224
1359,Inf,3225
1392,Inf,3226
1392,Inf,3227
1383,Inf,3228
1383,Inf,3229
1346,Inf,3230
1346,Inf,3231
-Inf,1375,3232
1392,Inf,3233
1392,Inf,3234
1403,Inf,3235
1403,Inf,3236
1400,Inf,3237
1400,Inf,3238
1270,Inf,3239
1270,Inf,3240
1270,Inf,3241
-Inf,1346,3242
-Inf,1395,3243
-Inf,1395,3244
1401,Inf,3245
-Inf,Inf,3246
1407,Inf,3247
1408,Inf,3248
1408,Inf,3249
-Inf,Inf,3250
979,Inf,3251
979,Inf,3252
1387,Inf,3253
1387,Inf,3254
1414,Inf,3255
1415,Inf,3256
1415,Inf,3257
1414,Inf,3258
1420,Inf,3259
1420,Inf,3260
1409,Inf,3261
1409,Inf,3262
-Inf,Inf,3263
-Inf,1350,3264
-Inf,1350,3265
1350,Inf,3266
-Inf,1354,3267
1416,Inf,3268
1416,Inf,3269
1399,Inf,3270
1399,Inf,3271
1418,Inf,3272
1418,Inf,3273
1408,Inf,3274
1133,Inf,3275
-Inf,Inf,3276
-Inf,Inf,3277
-Inf,1128,3278
-Inf,1128,3279
1421,Inf,3280
1421,Inf,3281
1400,Inf,3282
1388,Inf,3283
1388,Inf,3284
1424,Inf,3285
-Inf,Inf,3286
-Inf,Inf,3287
1415,Inf,3288
1415,Inf,3289
1427,Inf,3290
1430,Inf,3291
1430,Inf,3292
1427,Inf,3293
1427,Inf,3294
1412,1485,3295
1434,Inf,3296
1434,Inf,3297
1428,Inf,3298
1428,Inf,3299
1204,Inf,3300
1427,Inf,3301
1427,Inf,3302
-Inf,Inf,3303
-Inf,Inf,3304
-Inf,Inf,3305
1437,Inf,3306
1437,Inf,3307
1420,Inf,3308
1420,Inf,3309
1394,Inf,3310
1442,Inf,3311
1442,Inf,3312
1438,Inf,3313
1438,Inf,3314
1195,Inf,3315
1195,Inf,3316
-Inf,Inf,3317
-Inf,1386,3318
-Inf,1386,3319
1353,Inf,3320
1353,Inf,3321
1441,Inf,3322
1443,Inf,3323
1443,Inf,3324
-Inf,Inf,3325
1238,Inf,3326
1238,Inf,3327
-Inf,Inf,3328
-Inf,Inf,3329
1436,Inf,3330
1438,Inf,3331
1438,Inf,3332
1444,Inf,3333
1444,Inf,3334
-Inf,Inf,3335
-Inf,Inf,3336
-Inf,Inf,3337
1451,Inf,3338
1448,Inf,3339
1448,Inf,3340
1450,Inf,3341
1450,Inf,3342
1460,Inf,3343
1434,Inf,3344
1434,Inf,3345
1434,Inf,3346
1465,Inf,3347
1465,Inf,3348
1456,Inf,3349
1456,Inf,3350
1430,Inf,3351
1430,Inf,3352
1444,Inf,3353
1444,Inf,3354
-Inf,931,3355
-Inf,1449,3356
-Inf,1449,3357
1457,Inf,3358
1457,Inf,3359
1457,Inf,3360
1470,Inf,3361
1470,Inf,3362
1465,Inf,3363
1465,Inf,3364
1465,Inf,3365
1465,Inf,3366
1371,Inf,3367
1371,Inf,3368
1472,Inf,3369
1472,Inf,3370
1400,Inf,3371
1400,Inf,3372
1400,Inf,3373
1373,Inf,3374
1373,Inf,3375
1456,Inf,3376
-Inf,1459,3377
-Inf,1459,3378
-Inf,1275,3379
-Inf,Inf,3380
1275,Inf,3381
-Inf,1430,3382
1472,Inf,3383
1472,Inf,3384
1476,Inf,3385
-Inf,Inf,3386
-Inf,Inf,3387
1469,Inf,3388
1240,Inf,3389
1464,Inf,3390
1464,Inf,3391
1458,Inf,3392
1458,Inf,3393
1479,Inf,3394
1479,Inf,3395
1470,Inf,3396
1470,Inf,3397
1452,Inf,3398
1452,Inf,3399
1462,Inf,3400
1462,Inf,3401
-Inf,Inf,3402
-Inf,Inf,3403
1472,Inf,3404
1441,Inf,3405
1471,Inf,3406
1471,Inf,3407
1485,Inf,3408
-Inf,Inf,3409
-Inf,Inf,3410
1490,Inf,3411
1490,Inf,3412
1472,Inf,3413
1472,Inf,3414
1388,Inf,3415
1388,Inf,3416
-Inf,687,3417
1502,Inf,3418
1502,Inf,3419
1502,Inf,3420
1491,Inf,3421
1491,Inf,3422
1472,Inf,3423
1472,Inf,3424
1492,Inf,3425
1492,Inf,3426
1485,Inf,3427
1485,Inf,3428
1266,Inf,3429
1500,Inf,3430
1500,Inf,3431
-Inf,Inf,3432
1453,Inf,3433
1453,Inf,3434
1453,Inf,3435
1270,Inf,3436
1270,Inf,3437
-Inf,Inf,3438
1467,Inf,3439
1493,Inf,3440
1411,Inf,3441
1411,Inf,3442
1462,Inf,3443
1462,Inf,3444
1502,Inf,3445
1502,Inf,3446
-Inf,Inf,3447
1509,Inf,3448
1497,Inf,3449
1497,Inf,3450
-Inf,1483,3451
1485,Inf,3452
1485,Inf,3453
1477,Inf,3454
1477,Inf,3455
1213,Inf,3456
-Inf,Inf,3457
1414,Inf,3458
1480,Inf,3459
1436,Inf,3460
1358,Inf,3461
1418,Inf,3462
1418,Inf,3463
1508,Inf,3464
1484,Inf,3465
-Inf,1575,3466
-Inf,1505,3467
-Inf,1505,3468
-Inf,1505,3469
-Inf,1505,3470
1507,Inf,3471
1430,Inf,3472
1430,Inf,3473
1430,Inf,3474
1512,Inf,3475
1518,Inf,3476
1518,Inf,3477
1518,Inf,3478
1499,Inf,3479
1499,Inf,3480
-Inf,1511,3481
-Inf,1515,3482
-Inf,1515,3483
1220,Inf,3484
1220,Inf,3485
1510,Inf,3486
1510,Inf,3487
1444,Inf,3488
1490,Inf,3489
1490,Inf,3490
1429,Inf,3491
1429,Inf,3492
1537,Inf,3493
1537,Inf,3494
1537,Inf,3495
1537,Inf,3496
1520,Inf,3497
1520,Inf,3498
1520,Inf,3499
1519,Inf,3500
1516,Inf,3501
1534,Inf,3502
1522,Inf,3503
1520,Inf,3504
1520,Inf,3505
-Inf,Inf,3506
-Inf,Inf,3507
1495,Inf,3508
1350,Inf,3509
1539,Inf,3510
1539,Inf,3511
1547,Inf,3512
1547,Inf,3513
-Inf,Inf,3514
1532,Inf,3515
1527,Inf,3516
1527,Inf,3517
1536,Inf,3518
1506,Inf,3519
-Inf,Inf,3520
1512,Inf,3521
1512,Inf,3522
1534,Inf,3523
1534,Inf,3524
1541,Inf,3525
1541,Inf,3526
1528,Inf,3527
1528,Inf,3528
1542,Inf,3529
-Inf,Inf,3530
1547,Inf,3531
1547,Inf,3532
-Inf,Inf,3533
-Inf,Inf,3534
1527,Inf,3535
1527,Inf,3536
1527,Inf,3537
1527,Inf,3538
1542,Inf,3539
1542,Inf,3540
1525,Inf,3541
1554,Inf,3542
1554,Inf,3543
1532,Inf,3544
1532,Inf,3545
1365,Inf,3546
1513,Inf,3547
1366,Inf,3548
1513,Inf,3549
1533,Inf,3550
1533,Inf,3551
1542,Inf,3552
-Inf,1547,3553
1555,Inf,3554
1555,Inf,3555
1534,Inf,3556
1534,Inf,3557
-Inf,1536,3558
1548,Inf,3559
1548,Inf,3560
1548,Inf,3561
1551,Inf,3562
1551,Inf,3563
1563,Inf,3564
1563,Inf,3565
1563,Inf,3566
1563,Inf,3567
1563,Inf,3568
1563,Inf,3569
1561,Inf,3570
1549,Inf,3571
1572,Inf,3572
1572,Inf,3573
1565,Inf,3574
1551,Inf,3575
1551,Inf,3576
1536,Inf,3577
1536,Inf,3578
1547,Inf,3579
1547,Inf,3580
-Inf,1490,3581
1561,Inf,3582
1561,Inf,3583
1549,Inf,3584
1549,Inf,3585
1546,Inf,3586
1546,Inf,3587
1535,Inf,3588
-Inf,Inf,3589
-Inf,Inf,3590
-Inf,1567,3591
-Inf,Inf,3592
-Inf,Inf,3593
1538,Inf,3594
1538,Inf,3595
1498,Inf,3596
1498,Inf,3597
1577,Inf,3598
1577,Inf,3599
1567,Inf,3600
1578,Inf,3601
1578,Inf,3602
1577,Inf,3603
1577,Inf,3604
1578,Inf,3605
1578,Inf,3606
1576,Inf,3607
1544,Inf,3608
1544,Inf,3609
1572,Inf,3610
1572,Inf,3611
1577,Inf,3612
1577,Inf,3613
1567,Inf,3614
1567,Inf,3615
-Inf,Inf,3616
-Inf,Inf,3617
1581,Inf,3618
1581,Inf,3619
-Inf,1542,3620
1556,Inf,3621
1556,Inf,3622
1590,Inf,3623
1571,Inf,3624
1571,Inf,3625
-Inf,Inf,3626
-Inf,Inf,3627
1591,Inf,3628
1523,Inf,3629
1591,Inf,3630
1591,Inf,3631
-Inf,Inf,3632
-Inf,Inf,3633
1590,Inf,3634
1590,Inf,3635
1592,Inf,3636
1592,Inf,3637
1592,Inf,3638
1592,Inf,3639
1589,Inf,3640
1575,Inf,3641
1575,Inf,3642
1553,Inf,3643
1553,Inf,3644
1591,Inf,3645
1591,Inf,3646
-Inf,1564,3647
1576,Inf,3648
1513,Inf,3649
1513,Inf,3650
1599,Inf,3651
1593,Inf,3652
1593,Inf,3653
1591,Inf,3654
1591,Inf,3655
1598,Inf,3656
1598,Inf,3657
1591,Inf,3658
1591,Inf,3659
1606,Inf,3660
1606,Inf,3661
1606,Inf,3662
1606,Inf,3663
-Inf,1575,3664
880,Inf,3665
880,Inf,3666
880,Inf,3667
880,Inf,3668
-Inf,1492,3669
-Inf,1492,3670
1611,Inf,3671
1616,Inf,3672
1616,Inf,3673
1616,Inf,3674
1616,Inf,3675
1602,Inf,3676
1602,Inf,3677
1567,Inf,3678
-Inf,1581,3679
-Inf,1581,3680
1619,Inf,3681
1619,Inf,3682
-Inf,1291,3683
-Inf,1291,3684
-Inf,1604,3685
1616,Inf,3686
1616,Inf,3687
1620,Inf,3688
1620,Inf,3689
-Inf,1604,3690
1533,Inf,3691
1533,Inf,3692
-Inf,1593,3693
-Inf,1593,3694
546,Inf,3695
546,Inf,3696
1600,Inf,3697
1600,Inf,3698
1625,Inf,3699
1625,Inf,3700
1625,Inf,3701
1480,Inf,3702
1480,Inf,3703
1611,Inf,3704
-Inf,1581,3705
1366,Inf,3706
1607,Inf,3707
1607,Inf,3708
1569,Inf,3709
1569,Inf,3710
1627,Inf,3711
1627,Inf,3712
1630,Inf,3713
1630,Inf,3714
1635,Inf,3715
1635,Inf,3716
-Inf,1556,3717
-Inf,Inf,3718
1613,Inf,3719
1629,Inf,3720
-Inf,Inf,3721
-Inf,Inf,3722
-Inf,1596,3723
440,Inf,3724
440,Inf,3725
1632,Inf,3726
1632,Inf,3727
1633,Inf,3728
1633,Inf,3729
1569,Inf,3730
1569,Inf,3731
1632,Inf,3732
1632,Inf,3733
1613,Inf,3734
1613,Inf,3735
-Inf,Inf,3736
-Inf,Inf,3737
-Inf,Inf,3738
-Inf,1547,3739
-Inf,1547,3740
1642,Inf,3741
1637,Inf,3742
1601,Inf,3743
1593,Inf,3744
1593,Inf,3745
1641,Inf,3746
1641,Inf,3747
1613,Inf,3748
1613,Inf,3749
-Inf,Inf,3750
-Inf,1610,3751
-Inf,1610,3752
1618,Inf,3753
1618,Inf,3754
1630,Inf,3755
1630,Inf,3756
1633,Inf,3757
1639,Inf,3758
1639,Inf,3759
1644,Inf,3760
1644,Inf,3761
1644,Inf,3762
1644,Inf,3763
1644,Inf,3764
1630,Inf,3765
1630,Inf,3766
1630,Inf,3767
1630,Inf,3768
-Inf,-2622,3769
-Inf,1633,3770
-Inf,1614,3771
-Inf,1614,3772
-Inf,1641,3773
1652,Inf,3774
-Inf,-187,3775
1645,Inf,3776
1645,Inf,3777
1652,Inf,3778
1652,Inf,3779
1638,Inf,3780
-Inf,Inf,3781
1634,Inf,3782
1634,Inf,3783
1640,Inf,3784
1640,Inf,3785
1640,Inf,3786
1640,Inf,3787
1599,1639,3788
1666,Inf,3789
1666,Inf,3790
1666,Inf,3791
1662,Inf,3792
1662,Inf,3793
1658,Inf,3794
-Inf,1247,3795
-Inf,1247,3796
-Inf,1247,3797
1640,Inf,3798
1609,Inf,3799
1609,Inf,3800
1609,Inf,3801
1668,Inf,3802
1668,Inf,3803
-Inf,1547,3804
1599,Inf,3805
1656,Inf,3806
1656,Inf,3807
1674,Inf,3808
1674,Inf,3809
1613,Inf,3810
1613,Inf,3811
1645,Inf,3812
1645,Inf,3813
1638,Inf,3814
1638,Inf,3815
1674,Inf,3816
1674,Inf,3817
-Inf,Inf,3818
1679,Inf,3819
-Inf,Inf,3820
-Inf,Inf,3821
1674,Inf,3822
1674,Inf,3823
-Inf,Inf,3824
-Inf,Inf,3825
-Inf,Inf,3826
-Inf,Inf,3827
-Inf,Inf,3828
-Inf,Inf,3829
1493,Inf,3830
1493,Inf,3831
1616,Inf,3832
1616,Inf,3833
1616,Inf,3834
-Inf,1691,3835
-Inf,1655,3836
-Inf,Inf,3837
1655,Inf,3838
1610,1610,3839
1610,1610,3840
1688,Inf,3841
1688,Inf,3842
1675,Inf,3843
1675,Inf,3844
-Inf,1672,3845
1698,Inf,3846
1698,Inf,3847
1670,Inf,3848
1670,Inf,3849
1645,Inf,3850
1645,Inf,3851
1677,Inf,3852
1677,Inf,3853
-Inf,Inf,3854
1606,Inf,3855
1628,Inf,3856
1628,Inf,3857
1681,Inf,3858
1681,Inf,3859
1701,Inf,3860
1701,Inf,3861
1619,Inf,3862
1619,Inf,3863
1605,Inf,3864
1652,Inf,3865
1652,Inf,3866
1702,Inf,3867
1702,Inf,3868
-Inf,Inf,3869
-Inf,Inf,3870
-Inf,1710,3871
1704,Inf,3872
1596,Inf,3873
1673,Inf,3874
-Inf,Inf,3875
-Inf,Inf,3876
-Inf,1712,3877
1702,Inf,3878
1702,Inf,3879
1697,Inf,3880
1697,Inf,3881
1637,Inf,3882
1637,Inf,3883
1710,Inf,3884
1708,Inf,3885
1708,Inf,3886
1695,1729,3887
1464,Inf,3888
1696,Inf,3889
1696,Inf,3890
1716,Inf,3891
1705,Inf,3892
1705,Inf,3893
1660,Inf,3894
1711,Inf,3895
1711,Inf,3896
1690,Inf,3897
1690,Inf,3898
1704,Inf,3899
1705,Inf,3900
1705,Inf,3901
1705,Inf,3902
1721,Inf,3903
1721,Inf,3904
1641,Inf,3905
1725,1725,3906
1723,Inf,3907
1715,Inf,3908
1715,Inf,3909
1714,Inf,3910
1612,Inf,3911
1710,Inf,3912
1710,Inf,3913
1659,Inf,3914
1659,Inf,3915
1712,Inf,3916
1611,Inf,3917
1611,Inf,3918
1725,Inf,3919
1725,Inf,3920
1665,Inf,3921
1688,Inf,3922
1688,Inf,3923
1705,Inf,3924
1705,Inf,3925
-Inf,Inf,3926
-Inf,1722,3927
1715,Inf,3928
1738,Inf,3929
1738,Inf,3930
1606,Inf,3931
1606,Inf,3932
1740,Inf,3933
1740,Inf,3934
1735,Inf,3935
1738,Inf,3936
-Inf,Inf,3937
-Inf,1721,3938
-Inf,Inf,3939
1721,Inf,3940
1739,Inf,3941
1739,Inf,3942
1739,Inf,3943
1666,Inf,3944
1737,Inf,3945
1737,Inf,3946
-Inf,Inf,3947
-Inf,Inf,3948
-Inf,1695,3949
-Inf,1695,3950
-Inf,1695,3951
1729,Inf,3952
1729,Inf,3953
1738,Inf,3954
1711,Inf,3955
-Inf,Inf,3956
1729,Inf,3957
1452,Inf,3958
1452,Inf,3959
1739,Inf,3960
1739,Inf,3961
1744,Inf,3962
1744,Inf,3963
-Inf,Inf,3964
1724,Inf,3965
1724,Inf,3966
1724,Inf,3967
1701,Inf,3968
1701,Inf,3969
-Inf,Inf,3970
-Inf,Inf,3971
-Inf,1754,3972
-Inf,1735,3973
-Inf,1735,3974
1419,Inf,3975
1419,Inf,3976
1736,Inf,3977
1736,Inf,3978
1748,Inf,3979
1634,Inf,3980
1634,Inf,3981
1764,Inf,3982
1764,Inf,3983
1736,Inf,3984
1735,Inf,3985
1399,Inf,3986
1399,Inf,3987
1763,Inf,3988
1763,Inf,3989
724,Inf,3990
724,Inf,3991
1702,Inf,3992
-Inf,Inf,3993
1765,Inf,3994
1765,Inf,3995
-Inf,1744,3996
1767,Inf,3997
-Inf,Inf,3998
-Inf,1637,3999
-Inf,1637,4000
-Inf,1637,4001
1771,Inf,4002
1771,Inf,4003
1596,Inf,4004
1596,Inf,4005
1772,Inf,4006
1772,Inf,4007
1712,Inf,4008
1712,Inf,4009
1770,Inf,4010
1770,Inf,4011
1759,Inf,4012
1759,Inf,4013
-Inf,Inf,4014
1771,Inf,4015
1774,Inf,4016
-Inf,Inf,4017
-Inf,1759,4018
-Inf,Inf,4019
1774,Inf,4020
1774,Inf,4021
1787,Inf,4022
1777,Inf,4023
1777,Inf,4024
1770,Inf,4025
1779,Inf,4026
1781,Inf,4027
1781,Inf,4028
-Inf,1752,4029
1792,Inf,4030
1792,Inf,4031
1792,Inf,4032
-Inf,1792,4033
-Inf,1735,4034
-Inf,1735,4035
1779,Inf,4036
1779,Inf,4037
1788,Inf,4038
1779,Inf,4039
1779,Inf,4040
1791,Inf,4041
1740,Inf,4042
1740,Inf,4043
1680,Inf,4044
1680,Inf,4045
1777,Inf,4046
1777,Inf,4047
1769,Inf,4048
1752,Inf,4049
1752,Inf,4050
1791,Inf,4051
1757,Inf,4052
1757,Inf,4053
1777,Inf,4054
1788,Inf,4055
1785,Inf,4056
1785,Inf,4057
1792,Inf,4058
1777,Inf,4059
1784,Inf,4060
1784,Inf,4061
1797,Inf,4062
-Inf,1775,4063
-Inf,1775,4064
-Inf,Inf,4065
1775,Inf,4066
1775,Inf,4067
1794,Inf,4068
1794,Inf,4069
1806,Inf,4070
1806,Inf,4071
1626,Inf,4072
1626,Inf,4073
1799,Inf,4074
1799,Inf,4075
1771,Inf,4076
1771,Inf,4077
-Inf,1640,4078
-Inf,Inf,4079
1640,Inf,4080
1759,Inf,4081
-Inf,1707,4082
-Inf,1707,4083
-Inf,1807,4084
1805,1805,4085
1802,Inf,4086
1802,Inf,4087
1714,Inf,4088
1633,Inf,4089
1633,Inf,4090
1807,Inf,4091
1807,Inf,4092
1641,Inf,4093
1641,Inf,4094
1744,Inf,4095
1744,Inf,4096
1787,Inf,4097
1809,Inf,4098
1795,Inf,4099
1813,Inf,4100
1767,Inf,4101
1767,Inf,4102
1073,Inf,4103
1073,Inf,4104
1789,Inf,4105
1789,Inf,4106
1270,Inf,4107
1809,Inf,4108
1809,Inf,4109
1806,Inf,4110
1806,Inf,4111
1819,Inf,4112
1819,Inf,4113
1815,Inf,4114
1815,Inf,4115
1816,Inf,4116
1807,Inf,4117
1807,Inf,4118
41,Inf,4119
41,Inf,4120
141,Inf,4121
141,Inf,4122
156,Inf,4123
169,Inf,4124
174,Inf,4125
174,Inf,4126
1036,Inf,4127
1023,Inf,4128
1023,Inf,4129
1679,Inf,4130
1679,Inf,4131
