family_a,family_b,period,marriages,marriages_cumulative,first_period
Bey,Charni,1675,1,1,1675
Bey,Khodja,1675,1,1,1675
Bey,Mesrati,1675,1,1,1675
Bey,Meticha,1675,1,1,1675
Hosni,Turki,1675,1,1,1675
Bey,Fatima,1700,2,2,1700
Bey,Halima,1700,1,1,1700
Bey,Kolli,1725,1,1,1725
Bey,Neqch,1725,1,1,1725
Bey,Zouaoui,1725,1,1,1725
Agha,Bey,1750,1,1,1750
Amena,Ammar,1750,1,1,1750
Ayed,Gharbi,1750,1,1,1750
Bey,Ettabaa,1750,1,1,1750
Bey,Khodja,1750,1,2,1675
Bey,Khoudja,1750,1,1,1750
Bey,Zarrouk,1750,1,1,1750
Bey,Zekri,1750,1,1,1750
Dhiaf,Djait,1750,1,1,1750
Ghiggino,Vignale,1750,1,1,1750
Hanafi,Hentati,1750,1,1,1750
Hentati,Zakour,1750,1,1,1750
Ammar,Hassine,1775,1,1,1775
Ayari,Belkadhi,1775,1,1,1775
Bahroun,Fakher,1775,1,1,1775
Benzarti,Gharbi,1775,1,1,1775
Bey,Kabani,1775,1,1,1775
Bey,Osman,1775,1,1,1775
Chennoufi,Hentati,1775,1,1,1775
Darghouth,Hachaichi,1775,1,1,1775
Ennaifer,Essoussi,1775,1,1,1775
Ennaifer,Jaouada,1775,1,1,1775
Ezzine,Zaghlet,1775,1,1,1775
Gaeta,Sanna,1775,1,1,1775
Gaigi,Laamari,1775,1,1,1775
Gharbi,Jelassi,1775,1,1,1775
Kahia,Sunni,1775,1,1,1775
Karaborni,Lasram,1775,1,1,1775
Khayati,Lazrak,1775,1,1,1775
Khoudja,Rebia,1775,1,1,1775
Raffo,Vignale,1775,1,1,1775
Amer,Bahroun,1800,1,1,1800
Amor,Dhiaf,1800,1,1,1800
Benbène,Bey,1800,1,1,1800
Benzarti,Chelbi,1800,1,1,1800
Benzarti,Turki,1800,1,1,1800
Bey,Kmar,1800,1,1,1800
Bey,Mahbouba,1800,1,1,1800
Bey,Mamlouk,1800,1,1,1800
Bey,Rachid,1800,1,1,1800
Bouattour,Krichen,1800,1,1,1800
Chouaieb,Turki,1800,1,1,1800
Cornegliano,Raffo,1800,1,1,1800
Dhiaf,Djait,1800,1,2,1750
Dhiaf,Fatma,1800,1,1,1800
Dhiaf,Jawhara,1800,1,1,1800
Ezzine,Mghirbi,1800,1,1,1800
Gaigi,Souad,1800,1,1,1800
Gamba,Mascaro,1800,1,1,1800
Jaafar,Lakhoua,1800,1,1,1800
Khayati,Lazrak,1800,1,2,1775
Meherzi,Mlouka,1800,1,1,1800
Abda,Zitouna,1825,1,1,1825
Abdallah,Osman,1825,1,1,1825
Abdelhalim,Kadın,1825,1,1,1825
Agha,Farhat,1825,1,1,1825
Almi,Hentati,1825,1,1,1825
Amer,Bahroun,1825,1,2,1800
Amer,Maamouri,1825,1,1,1825
Amer,Sghaier,1825,1,1,1825
Ammar,Hachaichi,1825,1,1,1825
Attia,Romdhane,1825,1,1,1825
Ayed,Osman,1825,1,1,1825
Bahram,Djilani,1825,1,1,1825
Bahroun,Ezzine,1825,2,2,1825
Bahroun,Slama,1825,1,1,1825
Baktache,Yahia,1825,1,1,1825
Bekir,Osman,1825,1,1,1825
Bey,Kahia,1825,1,1,1825
Bey,Khodja,1825,1,3,1675
Bokri,Yehia,1825,1,1,1825
Bouhachem,M'rad,1825,1,1,1825
Chaker,Hayouni,1825,1,1,1825
Charrad,Zidi,1825,1,1,1825
Darghouth,Slimani,1825,1,1,1825
Ennouri,Ghafari,1825,1,1,1825
Ferida,Raffo,1825,1,1,1825
Gaeta,Saccoman,1825,1,1,1825
Gaigi,Mnara,1825,1,1,1825
Gana,Oghbi,1825,1,1,1825
Ghariani,Jeljeli,1825,1,1,1825
Hayouni,Mekadmini,1825,1,1,1825
Hussein,Mohsen,1825,1,1,1825
Jean-Baptiste,Mascaro,1825,1,1,1825
Jihan,Kahia,1825,1,1,1825
Khayati,Mbarek,1825,1,1,1825
Khayati,Mghirbi,1825,1,1,1825
Mascaro,Nicolas,1825,1,1,1825
Snène,Zaouali,1825,1,1,1825
Ahmed,Larguèche,1850,1,1,1850
Ali,Maamouri,1850,1,1,1850
Almi,Bellamine,1850,1,1,1850
Almi,Daly,1850,1,1,1850
Almi,Hentati,1850,2,3,1825
Amer,Bahroun,1850,1,3,1800
Ammar,Brahim,1850,1,1,1850
Ammar,Hachaichi,1850,1,2,1825
Amor,Anoun,1850,1,1,1850
Amor,Zidi,1850,1,1,1850
Arous,Zaouche,1850,1,1,1850
Ayeb,Ayoub,1850,1,1,1850
Ayeb,Chaouch,1850,1,1,1850
Ayeb,Mrad,1850,1,1,1850
Bahram,Kemiha,1850,1,1,1850
Bahroun,Jazi,1850,1,1,1850
Bahroun,Khaled,1850,1,1,1850
Bartakiz,Makhlouf,1850,1,1,1850
Belkadhi,Hanafi,1850,1,1,1850
Belkadhi,Kilani,1850,1,1,1850
Bellamine,Gaigi,1850,1,1,1850
Bennani,Laatar,1850,1,1,1850
Bennour,Klibi,1850,1,1,1850
Bey,Chaker,1850,2,2,1850
Bey,Gaigi,1850,1,1,1850
Bey,Gara,1850,3,3,1850
Bey,Sunni,1850,1,1,1850
Bokri,Halfaoui,1850,1,1,1850
Boukordegha,Sadfi,1850,1,1,1850
Bramli,Cherif,1850,1,1,1850
Chaabane,Mahmoud,1850,1,1,1850
Chaari,Hmida,1850,1,1,1850
Chaouch,Ghafari,1850,1,1,1850
Chenik,Fayache,1850,1,1,1850
Cherif,Mama,1850,1,1,1850
Cherif,Rassaâ,1850,1,1,1850
Chiboub,Khouja,1850,1,1,1850
Daoud,Gastli,1850,1,1,1850
Darghouth,Kaâouana,1850,1,1,1850
Diba,Ghotbi,1850,1,1,1850
Dimassi,Gastli,1850,1,1,1850
Dimassi,Mghirbi,1850,1,1,1850
Djellouli,Gaigi,1850,1,1,1850
Esseghir,Mrad,1850,1,1,1850
Fadhel,Naima,1850,1,1,1850
Farhat,Zidi,1850,1,1,1850
Garcia,Guiga,1850,1,1,1850
Ghaliounji,Mghazli,1850,1,1,1850
Halim,Menlikli,1850,1,1,1850
Hammamia,Sallem,1850,1,1,1850
Hamouda,Jaouada,1850,1,1,1850
Hamouda,Othman,1850,1,1,1850
Hassoumi,Touibi,1850,1,1,1850
Hazrat,Khan,1850,1,1,1850
Jaafar,Katlane,1850,1,1,1850
Jan,Khan,1850,1,1,1850
Jaouada,Maaouia,1850,1,1,1850
Jemail,Klibi,1850,1,1,1850
Kacem,Osman,1850,1,1,1850
Kahia,Moulk,1850,1,1,1850
Kamel,Rais,1850,1,1,1850
Kamel,Sohlobji,1850,1,1,1850
Khatteche,Sidommou,1850,1,1,1850
Khoud,Mrabet,1850,1,1,1850
Kortbi,Mousli,1850,1,1,1850
Miled,Youssef,1850,1,1,1850
Mlouka,Romdhane,1850,1,1,1850
Mrad,Zidi,1850,1,1,1850
Muscat,Saccoman,1850,1,1,1850
Nakhli,Zarrouk,1850,1,1,1850
Nouisri,Trabelsi,1850,1,1,1850
Romdhane,Senane,1850,1,1,1850
Snoussi,Temimi,1850,1,1,1850
Abdallah,Bey,1875,1,1,1875
Abdallah,Bouthour,1875,1,1,1875
Abdelfatteh,Mrad,1875,1,1,1875
Abdelmoula,Ezzine,1875,1,1,1875
Abdelwahab,Ghariani,1875,1,1,1875
Abdelwahab,Mourali,1875,1,1,1875
Abdennabi,Laatar,1875,1,1,1875
Abdessatar,Osman,1875,1,1,1875
Abid,Essaidi,1875,1,1,1875
Ahmed,Gmati,1875,1,1,1875
Ahmed,Larguèche,1875,1,2,1850
Ali,Beji,1875,1,1,1875
Aljia,Tounsi,1875,1,1,1875
Allal,Bahi,1875,1,1,1875
Allala+béchir,Rassaa,1875,1,1,1875
Almi,Fares,1875,1,1,1875
Almi,Houissa,1875,1,1,1875
Almi,Metheni,1875,1,1,1875
Alouani,Ghariani,1875,1,1,1875
Aloulou,Ayadi,1875,1,1,1875
Amer,Gastli,1875,1,1,1875
Amer,Mghirbi,1875,1,1,1875
Ammar,Bouderbala,1875,2,2,1875
Ammar,Chaouch,1875,1,1,1875
Ammar,Cherif,1875,1,1,1875
Ammar,Gmati,1875,1,1,1875
Ammar,Othman,1875,1,1,1875
Amor,Chaari,1875,1,1,1875
Amor,Hemriti,1875,1,1,1875
Amor,Khoufi,1875,1,1,1875
Amor,Makhlouf,1875,1,1,1875
Amor,Mrad,1875,1,1,1875
Anoun,Hafsia,1875,1,1,1875
Anoun,Malamelli,1875,1,1,1875
Aouij,Osman,1875,1,1,1875
Arbi,Lamine,1875,1,1,1875
Asfouri,Khelil,1875,1,1,1875
Ati,Karoui,1875,1,1,1875
Aubrac,Romdhane,1875,1,1,1875
Ayed,Ezzeddine,1875,1,1,1875
Ayed,Fadhel,1875,1,1,1875
Ayed,Jalal,1875,1,1,1875
Ayed,Klibi,1875,1,1,1875
Ayed,Laayeyda,1875,1,1,1875
Ayed,Salah,1875,1,1,1875
Ayoub,Chaouch,1875,1,1,1875
Azouz,Salhi,1875,1,1,1875
Azzouz,Bey,1875,1,1,1875
Bahram,Mustapha,1875,1,1,1875
Bahram,Shili,1875,1,1,1875
Bahri,Belkadhi,1875,1,1,1875
Bahroun,Jazi,1875,1,2,1850
Bahroun,Maamouri,1875,1,1,1875
Bahroun,Osman,1875,1,1,1875
Bahroun,Slama,1875,1,2,1825
Balti,Belochi,1875,1,1,1875
Balti,Mohamed,1875,1,1,1875
Baoueb,Kchir,1875,1,1,1875
Baraket,Hadjouj,1875,1,1,1875
Barbirou,Gassa,1875,1,1,1875
Battikh,Refai,1875,1,1,1875
Beji,Gaigi,1875,1,1,1875
Belassfer,Zafzouf,1875,1,1,1875
Belhadj,Chadou,1875,1,1,1875
Belhassine,Dellagi,1875,1,1,1875
Belkadhi,Chakroun,1875,1,1,1875
Belkadhi,Hjaiej,1875,1,1,1875
Belkadhi,Sabbahi,1875,1,1,1875
Belkadhi,Sfar,1875,1,1,1875
Belkhodja,Chebil,1875,1,1,1875
Belkhodja,Mamlouk,1875,1,1,1875
Belkhodja,Miled,1875,1,1,1875
Bellakanji,Kazdaghli,1875,1,1,1875
Bellamine,Darghouth,1875,1,1,1875
Bellamine,Hentati,1875,1,1,1875
Belloum,Klibi,1875,1,1,1875
Benzarti,Krout,1875,1,1,1875
Berraiess,Bey,1875,1,1,1875
Bessaïes,Gharbi,1875,1,1,1875
Bettaieb,Chadou,1875,1,1,1875
Bey,Gara,1875,1,4,1850
Bey,Hayder,1875,3,3,1875
Bey,Jaziri,1875,1,1,1875
Bey,Kastellanos,1875,1,1,1875
Bey,Khaznadar,1875,5,5,1875
Bey,Klibi,1875,1,1,1875
Bey,Maria,1875,2,2,1875
Bey,Mehdaoui,1875,1,1,1875
Bey,Radhouane,1875,1,1,1875
Bey,Zakkaria,1875,2,2,1875
Bostangi,Hamba,1875,1,1,1875
Bouchoucha,Ghariani,1875,1,1,1875
Bouderbala,Bouziri,1875,1,1,1875
Boufeid,Guerbâa,1875,1,1,1875
Bouhadra,Mahmoud,1875,1,1,1875
Boukef,Habiba,1875,1,1,1875
Boushaba,Terzi,1875,1,1,1875
Boutiti,Khiari,1875,1,1,1875
Bramli,Khatteche,1875,1,1,1875
Bransi,Koubaji,1875,1,1,1875
Bransi,Malki,1875,1,1,1875
Bransi,Sfaihi,1875,1,1,1875
Béchiri,Zarrouk,1875,1,1,1875
Béhi,Jazi,1875,1,1,1875
Chaabane,Cherif,1875,1,1,1875
Chaabane,Tnani,1875,1,1,1875
Chaari,Gueddiche,1875,1,1,1875
Chadou,Shili,1875,1,1,1875
Cheikh,Kebaili,1875,1,1,1875
Cheikh,Majoul,1875,1,1,1875
Chelaifa,Romdhane,1875,2,2,1875
Cherif,Ghariani,1875,1,1,1875
Cherif,Khadija,1875,1,1,1875
Cherif,Mahdi,1875,1,1,1875
Chiboub,Zid,1875,1,1,1875
Chirine,Ghileb,1875,1,1,1875
Chouaiech,Romdhane,1875,1,1,1875
Daly,Miled,1875,1,1,1875
Daly,Romdhane,1875,1,1,1875
Daoud,Ghattas,1875,1,1,1875
Darghouth,Mami,1875,1,1,1875
Darghouth,Mlouka,1875,1,1,1875
Darghouth,Zouhir,1875,1,1,1875
Dattilo,Mostacci,1875,1,1,1875
Elloumi,Saada,1875,1,1,1875
Ennouri,Miled,1875,1,1,1875
Essaidi,Hanafi,1875,1,1,1875
Essebsi,Kassar,1875,1,1,1875
Essid,Osman,1875,1,1,1875
Ettabaa,Osman,1875,1,1,1875
Ezzine,Gastli,1875,1,1,1875
Ezzine,Halouani,1875,1,1,1875
Ezzine,Jazi,1875,1,1,1875
Ezzine,Khayati,1875,1,1,1875
Ezzine,Mbarek,1875,1,1,1875
Ezzine,Mghirbi,1875,1,2,1800
Ezzine,Okbi,1875,1,1,1875
Farhat,Kahia,1875,1,1,1875
Farza,Souissi,1875,1,1,1875
Fayache,Hamba,1875,1,1,1875
Fayache,Lamine,1875,1,1,1875
Fendri,Mlouka,1875,1,1,1875
Fors,Miled,1875,1,1,1875
Fourati,Kharbouch,1875,1,1,1875
Fourati,Khira,1875,1,1,1875
Fourati,Mlouka,1875,1,1,1875
Frourej,Rahal,1875,1,1,1875
Gaigi,Hachani,1875,1,1,1875
Gara,Osman,1875,1,1,1875
Garouachi,Guiga,1875,1,1,1875
Gastli,Lassoued,1875,2,2,1875
Gastli,Marzouki,1875,1,1,1875
Ghaliounji,Naccache,1875,1,1,1875
Ghariani,Gribaa,1875,1,1,1875
Ghattas,Mahjoub,1875,1,1,1875
Ghorch,Mlouka,1875,1,1,1875
Gmati,Zahar,1875,1,1,1875
Gueddiche,Hemriti,1875,1,1,1875
Guiga,Hchim,1875,1,1,1875
Hachaichi,Lassoued,1875,1,1,1875
Hachaichi,Mooti,1875,1,1,1875
Hached,Romdhane,1875,1,1,1875
Hachefi,Karoui,1875,1,1,1875
Hadjouj,Mustapha,1875,1,1,1875
Hammouda,Miled,1875,1,1,1875
Hammouda,Zidi,1875,1,1,1875
Hamouda,Jaouada,1875,1,2,1850
Hanachi,Kouroghli,1875,1,1,1875
Hanachi,Mekki,1875,1,1,1875
Hemriti,Hmida,1875,1,1,1875
Hmida,May,1875,1,1,1875
Jaafar,Katlane,1875,1,2,1850
Jerbi,Tounsi,1875,1,1,1875
Kacem,Osman,1875,1,2,1850
Kacem,Sefi,1875,1,1,1875
Kahia,Zarrouk,1875,1,1,1875
Katlane,Messaoud,1875,1,1,1875
Katlane,Temimi,1875,1,1,1875
Kebaili,Snoussi,1875,1,1,1875
Kemiha,Khouja,1875,1,1,1875
Khachlouf,Mrad,1875,2,2,1875
Khadijé,Romdhane,1875,1,1,1875
Khalsi,Lasram,1875,1,1,1875
Khelifa,Mrad,1875,1,1,1875
Khouini,Wardalitou,1875,1,1,1875
Laatar,Sassi,1875,1,1,1875
Laroussi,Mahmoud,1875,1,1,1875
Maamouri,Zitouna,1875,1,1,1875
Mabrouk,Romdhane,1875,1,1,1875
Makhlouf,Miled,1875,1,1,1875
Makhlouf,Zidi,1875,1,1,1875
Mallek,Triki,1875,1,1,1875
Mansour,Mousli,1875,1,1,1875
Marie,Romdhane,1875,1,1,1875
Mlouka,Sarraj,1875,1,1,1875
Mlouka,Sefi,1875,1,1,1875
Mouaffak,Torjemane,1875,1,1,1875
Moulehom,Zbouna,1875,1,1,1875
Nouri,Tnani,1875,1,1,1875
Osman,Othman,1875,1,1,1875
Rassaa,Tarek,1875,1,1,1875
Riza-Pacha,Romdhane,1875,1,1,1875
Romdhane,Sadia,1875,1,1,1875
Romdhane,Savier,1875,1,1,1875
Romdhane,Turque,1875,1,1,1875
Salha,Troudi,1875,1,1,1875
Sallem,Selmene,1875,1,1,1875
Sbaouelgi,Tabbakh,1875,1,1,1875
Selmene,Younes,1875,1,1,1875
Snoussi,Zakkaria,1875,1,1,1875
Tamzali,Zmerli,1875,1,1,1875
Tlatli,Yahia,1875,1,1,1875
Abassi,Cherif,1900,1,1,1900
Abbar,Asmi,1900,1,1,1900
Abbassi,Cherif,1900,1,1,1900
Abbassi,Karoui,1900,1,1,1900
Abbou,Okbi,1900,1,1,1900
Abdallah,Gobrane,1900,1,1,1900
Abdallah,Krid,1900,1,1,1900
Abdallah,Mabrouk,1900,1,1,1900
Abdallah,Slama,1900,1,1,1900
Abdelaali,Rebai,1900,1,1,1900
Abdelghani,Allal,1900,1,1,1900
Abdeljaoued,Ateb,1900,1,1,1900
Abdeljaoued,Chaabane,1900,1,1,1900
Abdeljaoued,Fehri,1900,1,1,1900
Abdelli,Mabrouk,1900,1,1,1900
Abdelli,Mlouka,1900,2,2,1900
Abdelmoula,Labbane,1900,1,1,1900
Abdelmoula,Moula,1900,1,1,1900
Abdelmoumen,Naji,1900,2,2,1900
Abdelmoumen,Omrane,1900,1,1,1900
Abdelwahab,Okbi,1900,1,1,1900
Abdelwahab,Tamzali,1900,1,1,1900
Abdessatar,Bahi,1900,1,1,1900
Abid,Hachicha,1900,1,1,1900
Abid,Rachdi,1900,1,1,1900
Ahmed,Ammar,1900,1,1,1900
Ahmed,Khelil,1900,1,1,1900
Ahmed,Larguèche,1900,1,3,1850
Aissa,Bouchoucha,1900,1,1,1900
Aissa,Dhiaf,1900,1,1,1900
Aissa,Essid,1900,1,1,1900
Aissaoui,Cherif,1900,1,1,1900
Aissaoui,Rezgui,1900,1,1,1900
Aissaoui,Troudi,1900,1,1,1900
Ajroud,Boufares,1900,1,1,1900
Ali,Essid,1900,1,1,1900
Allal,Gmati,1900,1,1,1900
Allouache,Hafsia,1900,1,1,1900
Almi,Driss,1900,1,1,1900
Almi,Mokaddem,1900,1,1,1900
Almi,Sebaï,1900,1,1,1900
Alouini,Atallah,1900,1,1,1900
Amara,Ismail,1900,1,1,1900
Ammar,Brahim,1900,1,2,1850
Ammar,Chaabane,1900,1,1,1900
Ammar,Dhifallah,1900,1,1,1900
Ammar,Errais,1900,1,1,1900
Ammar,Sedrine,1900,1,1,1900
Ammar,Temimi,1900,1,1,1900
Amor,Cheraki,1900,1,1,1900
Amor,Gueddiche,1900,1,1,1900
Amor,Jaouada,1900,1,1,1900
Amor,Mrad,1900,1,2,1875
Amor,Zammit,1900,1,1,1900
Amor,Zidi,1900,1,2,1850
Anane,Gaigi,1900,1,1,1900
Aouij,Azzouz,1900,1,1,1900
Aouij,Chtioui,1900,1,1,1900
Arfaoui,Belochi,1900,1,1,1900
Arfaoui,Garbouj,1900,1,1,1900
Asli,Taoufik,1900,1,1,1900
Atallah,Kechrid,1900,1,1,1900
Atallah,Rammah,1900,1,1,1900
Ati,Attia,1900,1,1,1900
Ati,Chaouachi,1900,1,1,1900
Ati,Chaouch,1900,1,1,1900
Ati,Derouiche,1900,1,1,1900
Ati,Zouiten,1900,1,1,1900
Attia,Meddeb,1900,1,1,1900
Ayari,Cheriki,1900,1,1,1900
Ayari,Kotrane,1900,1,1,1900
Ayed,Frikha,1900,1,1,1900
Ayed,Gordah,1900,1,1,1900
Ayed,Kourda,1900,2,2,1900
Ayed,Pietro,1900,1,1,1900
Ayed,Yahia,1900,1,1,1900
Ayed,Younes,1900,1,1,1900
Ayed,Younsi,1900,1,1,1900
Ayoub,Halouani,1900,1,1,1900
Azouz,Boufares,1900,1,1,1900
Azzabi,Bennour,1900,1,1,1900
Azzouna,Bransi,1900,1,1,1900
Azzouz,Bey,1900,1,2,1875
Azzouz,Memmi,1900,1,1,1900
Azzouz,Zarrouk,1900,1,1,1900
Aïssaoui,Douagi,1900,1,1,1900
Babbou,Belkhodja,1900,1,1,1900
Babbou,Ghachem,1900,1,1,1900
Baccar,Jerbi,1900,1,1,1900
Baccouche,Temimi,1900,1,1,1900
Badssi,Bousnina,1900,1,1,1900
Badssi,Halouani,1900,1,1,1900
Badssi,Maaouia,1900,1,1,1900
Baffoun,Okbi,1900,1,1,1900
Bahri,Chammam,1900,1,1,1900
Bahroun,Mbarek,1900,1,1,1900
Bahroun,Meddeb,1900,1,1,1900
Bahroun,Mghirbi,1900,1,1,1900
Baili,Ennigrou,1900,1,1,1900
Baltagi,Guebila,1900,1,1,1900
Balti,Belochi,1900,1,2,1875
Baoueb,Gammoudi,1900,1,1,1900
Baoueb,Noomane,1900,1,1,1900
Baraket,Mooti,1900,1,1,1900
Bartakiz,Charfeddine,1900,1,1,1900
Basly,Chaabane,1900,1,1,1900
Basti,Ismail,1900,1,1,1900
Begum,Shah,1900,1,1,1900
Beji,Mabrouk,1900,1,1,1900
Belghith,Farza,1900,1,1,1900
Belhassen,Bennani,1900,1,1,1900
Belhassine,Sévre,1900,1,1,1900
Belhouane,Belkadhi,1900,1,1,1900
Belhouane,Sfar,1900,2,2,1900
Belino,Bey,1900,1,1,1900
Belkadhi,Bouhaouala,1900,1,1,1900
Belkadhi,Darghouth,1900,1,1,1900
Belkhiria,Hachicha,1900,1,1,1900
Belkhodja,Mamlouk,1900,1,2,1875
Bellagha,Guilbert,1900,1,1,1900
Bellagha,Leplang,1900,1,1,1900
Bellakanji,Mamlouk,1900,1,1,1900
Bellamine,Darghouth,1900,1,2,1875
Belochi,Hanifi,1900,1,1,1900
Belochi,Mahmoud,1900,1,1,1900
Benjabr,Sghaier,1900,2,2,1900
Bennani,Bouthour,1900,1,1,1900
Bennani,Gammoudi,1900,1,1,1900
Bennour,Tabbakh,1900,1,1,1900
Berrached,Zribi,1900,1,1,1900
Berraiess,Bey,1900,1,2,1875
Berrais,Gammoudi,1900,1,1,1900
Berrazaga,Maamouri,1900,1,1,1900
Berrim,Cherif,1900,1,1,1900
Besbes,Mzali,1900,1,1,1900
Bessaies,Takali,1900,2,2,1900
Bessaïes,Euch,1900,1,1,1900
Bessaïes,Medelgi,1900,1,1,1900
Besseoud,Hanachi,1900,1,1,1900
Bessrour,Hantous,1900,1,1,1900
Bey,Cherif,1900,3,3,1900
Bey,Darghouth,1900,2,2,1900
Bey,Ennaifer,1900,1,1,1900
Bey,Fellah,1900,1,1,1900
Bey,Gara,1900,2,6,1850
Bey,Ghariani,1900,1,1,1900
Bey,Hayder,1900,6,9,1875
Bey,Kahia,1900,4,5,1825
Bey,Lahbib,1900,1,1,1900
Bey,Mamlouk,1900,1,2,1800
Bey,Peypoch,1900,1,1,1900
Bey,Radhouane,1900,1,2,1875
Bey,Zakkaria,1900,1,3,1875
Bezdah,Lassoued,1900,1,1,1900
Blaiech,Kechrid,1900,1,1,1900
Bornaz,Chaabane,1900,1,1,1900
Bornaz,Larguèche,1900,1,1,1900
Bostangi,Chaabane,1900,1,1,1900
Bostangi,Saada,1900,1,1,1900
Bouassida,Zaafrani,1900,1,1,1900
Bouattour,Triki,1900,1,1,1900
Bouaziz,Cherif,1900,1,1,1900
Bouaziz,Zehani,1900,1,1,1900
Bouden,Malouche,1900,1,1,1900
Bouderbala,Gaigi,1900,1,1,1900
Boudjedra,Othman,1900,1,1,1900
Boufares,Karabi,1900,1,1,1900
Boufares,Memmi,1900,1,1,1900
Boufares,Triki,1900,1,1,1900
Bouhadra,Mahmoud,1900,1,2,1875
Bouhageb,Hamba,1900,1,1,1900
Bouhejba,Hachaichi,1900,1,1,1900
Bouhejba,Mahjoub,1900,1,1,1900
Bouhlila,Lassoued,1900,1,1,1900
Boujeh,Malouche,1900,1,1,1900
Boujellabia,Kaouech,1900,1,1,1900
Boukef,Jaafar,1900,1,1,1900
Boukef,Louzir,1900,1,1,1900
Bouker,Salem,1900,1,1,1900
Boukordegha,Darragi,1900,1,1,1900
Boulares,Chaabane,1900,1,1,1900
Bouraoui,Kechrid,1900,1,1,1900
Bourara,Yacoubi,1900,1,1,1900
Bouratbine,Maamouri,1900,1,1,1900
Bouricha,Siala,1900,1,1,1900
Boushaba,Toumi,1900,1,1,1900
Bousnina,Thabet,1900,1,1,1900
Boutiba,Chaouch,1900,2,2,1900
Boutiba,Farhat,1900,1,1,1900
Boutiba,Nagti,1900,1,1,1900
Boutiti,Mahmoud,1900,1,1,1900
Boutouria,Mrad,1900,1,1,1900
Bouzahra,Kaffel,1900,1,1,1900
Bouzid,Hantous,1900,1,1,1900
Bouziri,Mrad,1900,1,1,1900
Brahim,Chaabane,1900,1,1,1900
Bramli,Farza,1900,1,1,1900
Bransi,Ghariani,1900,1,1,1900
Bsiri,Essid,1900,1,1,1900
Bully,Messaadi,1900,1,1,1900
Béchiri,Karoui,1900,1,1,1900
Béhi,Omrane,1900,1,1,1900
Chaabane,Chedly,1900,1,1,1900
Chaabane,Halouani,1900,1,1,1900
Chaabane,Mami,1900,1,1,1900
Chaabane,Sonzoni,1900,1,1,1900
Chaari,Chtourou,1900,1,1,1900
Chaari,Hemriti,1900,3,3,1900
Chaari,Madani,1900,1,1,1900
Chaari,Mahjoub,1900,2,2,1900
Chaari,Miled,1900,1,1,1900
Chaari,Mrad,1900,1,1,1900
Chadou,Naccache,1900,1,1,1900
Chahtour,Mrad,1900,1,1,1900
Chaker,Slama,1900,1,1,1900
Chamakh,Kortobi,1900,1,1,1900
Chamakh,Masmoudi,1900,1,1,1900
Chamakh,Mustapha,1900,1,1,1900
Chamakh,Soua,1900,1,1,1900
Chamakh,Thameur,1900,1,1,1900
Chaouachi,Darghouth,1900,1,1,1900
Chaouachi,Gammoudi,1900,1,1,1900
Chaouachi,Kefi,1900,1,1,1900
Chaouch,Taleb,1900,1,1,1900
Charchour,Nabli,1900,1,1,1900
Chargui,Jaouada,1900,1,1,1900
Chargui,Mlouka,1900,1,1,1900
Charrad,Gueddiche,1900,1,1,1900
Chaâbane,Maamouri,1900,1,1,1900
Chedly,Hachaichi,1900,1,1,1900
Chedly,Lakhoua,1900,1,1,1900
Chedly,Mahmoud,1900,1,1,1900
Cheikh,Zouhir,1900,1,1,1900
Chelaifa,Sebaï,1900,1,1,1900
Chelaifa,Zardoumi,1900,2,2,1900
Chelbi,Gara,1900,1,1,1900
Chelbi,Khaznadar,1900,1,1,1900
Chelbi,Tnani,1900,1,1,1900
Chemakh,Zakour,1900,1,1,1900
Cherif,Ghalleb,1900,1,1,1900
Cherif,Halouani,1900,2,2,1900
Cherif,Lakhdar,1900,1,1,1900
Cherif,Mahrez,1900,1,1,1900
Cherif,Mongalgi,1900,1,1,1900
Cherif,Ouedherfi,1900,1,1,1900
Cherif,Riahi,1900,1,1,1900
Cherif,Saada,1900,1,1,1900
Cheriki,Hassaïri,1900,1,1,1900
Chichini,Hanachi,1900,1,1,1900
Chouk,Karoui,1900,1,1,1900
Choukair,Klibi,1900,1,1,1900
Chtioui,Ghattas,1900,1,1,1900
Chtioui,Halouani,1900,1,1,1900
Dabbebi,Slamia,1900,1,1,1900
Daghfous,Gastli,1900,1,1,1900
Dallegi,Romdhane,1900,1,1,1900
Daoud,Ettabaa,1900,1,1,1900
Daoulet,Daoulette,1900,1,1,1900
Darghouth,Dziri,1900,2,2,1900
Darghouth,Hentati,1900,1,1,1900
Darghouth,Khatteche,1900,1,1,1900
Darghouth,Sadfi,1900,1,1,1900
Darghouth,Thabet,1900,1,1,1900
Debbiche,Fourati,1900,1,1,1900
Delavacherie,Kebaili,1900,1,1,1900
Derouiche,Zmerli,1900,1,1,1900
Dhif,Kechrid,1900,1,1,1900
Dhraief,Romdhane,1900,1,1,1900
Dhrif,Mlouka,1900,1,1,1900
Dhrif,Trabelsi,1900,1,1,1900
Dimassi,Sebaï,1900,1,1,1900
Djait,Douagi,1900,1,1,1900
Djilani,Karoui,1900,1,1,1900
Douik,Temimi,1900,1,1,1900
Dziri,Sahli,1900,1,1,1900
Elloumi,Naji,1900,1,1,1900
Ennabli,Sabbagh,1900,1,1,1900
Ennaifer,Jaafar,1900,1,1,1900
Ennaifer,Kacem,1900,1,1,1900
Ennigrou,Karoui,1900,1,1,1900
Ennigrou,Lakhoua,1900,1,1,1900
Ennouri,Hentati,1900,1,1,1900
Errais,Zarrouk,1900,1,1,1900
Essaidi,Hanafi,1900,1,2,1875
Essebsi,Manana,1900,1,1,1900
Essid,Fekih,1900,1,1,1900
Essid,Halouani,1900,1,1,1900
Essid,Jemaa,1900,1,1,1900
Essid,Jemmali,1900,1,1,1900
Essid,Sahli,1900,1,1,1900
Essid,Youssef,1900,1,1,1900
Essid,Zehani,1900,1,1,1900
Euch,Hachaichi,1900,1,1,1900
Euch,Kouki,1900,1,1,1900
Euchi,Hamdi,1900,1,1,1900
Euchi,Mrad,1900,1,1,1900
Ezzeddine,Jaziri,1900,1,1,1900
Ezzeddine,Mouaffak,1900,1,1,1900
Ezzine,Mbarek,1900,1,2,1875
Fakher,Hachani,1900,1,1,1900
Fakher,Ouali,1900,1,1,1900
Fakher,Zouari,1900,1,1,1900
Fallah,Khalsi,1900,1,1,1900
Fallah,Sabbagh,1900,1,1,1900
Fallah,Tounsi,1900,1,1,1900
Farah,Ghazzai,1900,1,1,1900
Farah,Mallah,1900,1,1,1900
Farza,Hassoumi,1900,1,1,1900
Farza,Miled,1900,1,1,1900
Farza,Tarrouche,1900,1,1,1900
Fayache,Mabrouk,1900,2,2,1900
Fayache,Sabbagh,1900,1,1,1900
Fayache,Stamrad,1900,1,1,1900
Fedhila,Zaafrani,1900,2,2,1900
Fekih,Miled,1900,1,1,1900
Fendri,Zouiten,1900,1,1,1900
Ferchiou,Yahia,1900,1,1,1900
Fourati,Gribaa,1900,1,1,1900
Fourati,Hamida,1900,1,1,1900
Fourati,Maaouia,1900,1,1,1900
Fourati,Mahjoub,1900,1,1,1900
Fourati,Ouertani,1900,1,1,1900
Fourati,Sancho,1900,1,1,1900
Françoise,Hachani,1900,1,1,1900
Frida,Guellaty,1900,1,1,1900
Frija,Koubaji,1900,1,1,1900
Gaigi,Gritli,1900,1,1,1900
Gaigi,Ouerghi,1900,1,1,1900
Gaigi,Ouertani,1900,1,1,1900
Gaigi,Somai,1900,1,1,1900
Gaigi,Zakour,1900,1,1,1900
Gall,Hachani,1900,1,1,1900
Gammoudi,Mahjoub,1900,1,1,1900
Gastli,Jazi,1900,1,1,1900
Ghachem,Hedda,1900,1,1,1900
Ghachem,Mestiri,1900,1,1,1900
Ghachem,Osman,1900,1,1,1900
Ghaliounji,Haouet,1900,1,1,1900
Ghaoui,Sidommou,1900,1,1,1900
Gharbi,Guerbâa,1900,1,1,1900
Ghariani,Miladi,1900,1,1,1900
Ghariani,Slama,1900,1,1,1900
Ghattas,Marsaoui,1900,1,1,1900
Ghattas,Tnani,1900,1,1,1900
Ghidalia,Maamouri,1900,1,1,1900
Ghliss,Zaafrani,1900,1,1,1900
Ghoula,Soua,1900,1,1,1900
Gmach,Guiga,1900,1,1,1900
Gmach,Namouchi,1900,1,1,1900
Gmati,Mazigh,1900,1,1,1900
Gomez,Rassaa,1900,1,1,1900
Gorgi,Soufi,1900,1,1,1900
Gorgi,Zakour,1900,1,1,1900
Guebila,Kouroghli,1900,1,1,1900
Gueddiche,Hemriti,1900,1,2,1875
Gueddiche,Miled,1900,2,2,1900
Gueddiche,Mrad,1900,1,1,1900
Guidaoui,Kaddour,1900,1,1,1900
Guiga,Hadjouj,1900,1,1,1900
Guiga,Hchim,1900,1,2,1875
Guiga,Saphir,1900,1,1,1900
Guissi,Hachaichi,1900,1,1,1900
Guiza,Yahia,1900,1,1,1900
Hachaichi,Hassairi,1900,1,1,1900
Hachaichi,Jaafar,1900,2,2,1900
Hachaichi,Kmiha,1900,1,1,1900
Hachaichi,Rachid,1900,1,1,1900
Hachaichi,Zaafrani,1900,1,1,1900
Hachaichi,Zafzouf,1900,1,1,1900
Hached,Jelassi,1900,1,1,1900
Hadded,Slamia,1900,1,1,1900
Hadjouj,Hamba,1900,1,1,1900
Hafsia,Landjerit,1900,1,1,1900
Hafsia,Razgallah,1900,1,1,1900
Hajri,Ketari,1900,1,1,1900
Hajri,Sedrine,1900,1,1,1900
Halfaoui,Meherzi,1900,1,1,1900
Hamba,Jouini,1900,1,1,1900
Hamba,Riahi,1900,1,1,1900
Hamdoun,Mokdad,1900,1,1,1900
Hammami,Mlouka,1900,1,1,1900
Hammami,Mrad,1900,1,1,1900
Hammami,Sfar,1900,1,1,1900
Hamoudiya,Mehri,1900,1,1,1900
Hamrouni,Hchim,1900,1,1,1900
Hamza,Ismail,1900,1,1,1900
Hanachi,Mahmoud,1900,1,1,1900
Hanachi,Zehani,1900,1,1,1900
Hanafi,Zehani,1900,2,2,1900
Hantous,Jadoui,1900,1,1,1900
Hantous,Tanfous,1900,1,1,1900
Hassaïri,Jemiaa,1900,1,1,1900
Hassine,Romdhane,1900,1,1,1900
Hayder,Khaznadar,1900,1,1,1900
Hchim,Hechmi,1900,1,1,1900
Helali,Kallel,1900,1,1,1900
Hemriti,Hmida,1900,1,2,1875
Hemriti,Lakhoua,1900,1,1,1900
Hemriti,Salem,1900,1,1,1900
Hemriti,Slimani,1900,1,1,1900
Hentati,Kallel,1900,1,1,1900
Hicheri,Osman,1900,1,1,1900
Hicheri,Petersen,1900,1,1,1900
Hosni,Koubaji,1900,1,1,1900
Ismail,Kaddour,1900,1,1,1900
Ismail,May,1900,1,1,1900
Ismail,Smati,1900,1,1,1900
Jaafar,Memmi,1900,1,1,1900
Jaafar,Soudani,1900,1,1,1900
Jazi,Tabbane,1900,1,1,1900
Jaziri,Mazouni,1900,1,1,1900
Jemaa,Mamlouk,1900,1,1,1900
Jerbi,Khassassi,1900,1,1,1900
Jmal,Kotrane,1900,1,1,1900
Jouhri,Youssef,1900,1,1,1900
Kabani,Zaafrani,1900,1,1,1900
Kacem,Mlouka,1900,1,1,1900
Kahia,Khaznadar,1900,1,1,1900
Kalai,Refai,1900,1,1,1900
Kalfat,Mlouka,1900,1,1,1900
Kallel,Samia,1900,1,1,1900
Kamel,Mahjoub,1900,1,1,1900
Kaouech,Khelil,1900,1,1,1900
Karkar,Kotrane,1900,1,1,1900
Karkouba,Sohlobji,1900,1,1,1900
Karoui,Kotrane,1900,1,1,1900
Karoui,Zaafrani,1900,1,1,1900
Kasraoui,Romdhane,1900,1,1,1900
Kasri,Zmerli,1900,1,1,1900
Kassar,Mrad,1900,1,1,1900
Kchouk,Nila,1900,1,1,1900
Kebaili,Lévy-Despas,1900,1,1,1900
Kebaili,Romdhane,1900,1,1,1900
Kebaili,Senut,1900,1,1,1900
Kechrid,Malouche,1900,1,1,1900
Kechrid,Namou,1900,1,1,1900
Kechrid,Sfar,1900,1,1,1900
Kefi,Mousli,1900,1,1,1900
Khachlouf,Zeghab,1900,1,1,1900
Khaddar,Maamouri,1900,1,1,1900
Khalsi,Lakhoua,1900,1,1,1900
Khelil,Mrad,1900,1,1,1900
Khemiri,Siala,1900,1,1,1900
Khira,Riahi,1900,1,1,1900
Khouaja,Mlouka,1900,1,1,1900
Khoufi,Miled,1900,1,1,1900
Klepatsky,Slim,1900,1,1,1900
Kotrane,Rejab,1900,1,1,1900
Krid,Zafzouf,1900,1,1,1900
Ladjimi,Romdhane,1900,1,1,1900
Ladjimi,Yahia,1900,1,1,1900
Lamine,Mzah,1900,1,1,1900
Lamine,Sfar,1900,1,1,1900
Lamine,Trad,1900,1,1,1900
Laribi,Mnara,1900,1,1,1900
Larnaout,Miled,1900,1,1,1900
Laroussi,Mahjoub,1900,1,1,1900
Laroussi,Miled,1900,1,1,1900
Liimatainen,Siala,1900,1,1,1900
Louhichi,Mehri,1900,1,1,1900
Lounitch,Mrad,1900,1,1,1900
Louzir,Maaouia,1900,1,1,1900
Maamouri,Sghaier,1900,1,1,1900
Maamouri,Slimane,1900,1,1,1900
Maamouri,Zitouna,1900,1,2,1875
Mahjoub,Meddeb,1900,1,1,1900
Mahjoub,Mnakbi,1900,1,1,1900
Mahjoub,Temimi,1900,1,1,1900
Mahrez,Samouda,1900,1,1,1900
Majdoub,Zaafrani,1900,1,1,1900
Makhlouf,Miled,1900,1,2,1875
Makhlouf,Mrad,1900,2,2,1900
Makhlouf,Othman,1900,1,1,1900
Makhlouf,Slimen,1900,1,1,1900
Malouche,Ounis,1900,1,1,1900
Mami,Turki,1900,1,1,1900
Mamlouk,Zohra,1900,1,1,1900
Manjour,Moussa,1900,1,1,1900
Massia,Saccoman,1900,1,1,1900
May,Turki,1900,1,1,1900
Mbarek,Yahia,1900,1,1,1900
Meddeb,Ouanes,1900,1,1,1900
Meddeb,Slama,1900,1,1,1900
Meddeb,Slimane,1900,1,1,1900
Meherzi,Mrad,1900,1,1,1900
Meherzi,Sfar,1900,1,1,1900
Meherzi,Zakkaria,1900,1,1,1900
Miceli,Yahia,1900,1,1,1900
Miled,Mrad,1900,2,2,1900
Miled,Oueslati,1900,1,1,1900
Miled,Zidi,1900,1,1,1900
Mlouka,Oukaci,1900,1,1,1900
Mlouka,Pedone,1900,1,1,1900
Mouaffak,Saighi,1900,1,1,1900
Mrabet,Zouabi,1900,1,1,1900
Mrad,Othman,1900,1,1,1900
Mrad,Ouertani,1900,2,2,1900
Mrad,Refai,1900,1,1,1900
Mrad,Saïd,1900,1,1,1900
Mrad,Saïdi,1900,1,1,1900
Mrad,Slama,1900,1,1,1900
Mrad,Zidi,1900,2,3,1850
Naji,Yahia,1900,1,1,1900
Néji,Zafzouf,1900,1,1,1900
Othman,Soua,1900,1,1,1900
Oued,Zouari,1900,1,1,1900
Rahal,Romdhane,1900,1,1,1900
Rejab,Youssef,1900,1,1,1900
Rejab,Zenaidi,1900,1,1,1900
Saffar,Zafzouf,1900,1,1,1900
Siala,Zaafrani,1900,1,1,1900
Slama,Tabbane,1900,1,1,1900
Slamia,Zouiten,1900,1,1,1900
Soua,Tebourbi,1900,1,1,1900
Temimi,Zbouna,1900,1,1,1900
Tortorici,d'Affronto,1900,1,1,1900
Youssef,Zouhir,1900,1,1,1900
Aba,Bouslama,1925,1,1,1925
Abassi,Dhiafat,1925,1,1,1925
Abassi,Hayder,1925,1,1,1925
Abassi,Herbin,1925,1,1,1925
Abassi,Touzani,1925,1,1,1925
Abassi,Zakour,1925,1,1,1925
Abbassi,Bouthour,1925,1,1,1925
Abbes,Blaiech,1925,1,1,1925
Abbes,Osman,1925,1,1,1925
Abdallah,Azzouz,1925,1,1,1925
Abdallah,Bostangi,1925,1,1,1925
Abdallah,Lahbib,1925,1,1,1925
Abdallah,Redissi,1925,2,2,1925
Abdallah,Soudani,1925,1,1,1925
Abdallah,Zakiz,1925,1,1,1925
Abdelhak,Guebila,1925,1,1,1925
Abdeljaoued,Balanche,1925,1,1,1925
Abdeljaoued,Mzali,1925,1,1,1925
Abdelkader,Tnani,1925,1,1,1925
Abdelkafi,Maaouia,1925,1,1,1925
Abdelkafi,Salah,1925,1,1,1925
Abdelkrim,Siala,1925,1,1,1925
Abdelmoula,Bahroun,1925,1,1,1925
Abdelmoula,Belkhodja,1925,1,1,1925
Abdelmoula,Gastli,1925,1,1,1925
Abdelmoula,Karma,1925,1,1,1925
Abdelmoula,Kort,1925,1,1,1925
Abdelmoula,Ladjimi,1925,1,1,1925
Abdelmoula,Messaadi,1925,1,1,1925
Abdelmoula,Milazzo,1925,1,1,1925
Abdelmoula,Ounis,1925,1,1,1925
Abdelmoula,Rekik,1925,1,1,1925
Abdelmoula,Youssef,1925,1,1,1925
Abdennabi,Chaouch,1925,1,1,1925
Abdennabi,Néji,1925,1,1,1925
Abdennabi,Skander,1925,1,1,1925
Abdennebi,Belkadhi,1925,1,1,1925
Abdennebi,Brahem,1925,1,1,1925
Abdennebi,Ezzeddine,1925,1,1,1925
Abdennebi,Khil,1925,1,1,1925
Abdennebi,Néji,1925,1,1,1925
Abderrazak,Bahi,1925,1,1,1925
Abed,Badssi,1925,1,1,1925
Abed,Gaigi,1925,1,1,1925
Abed,Redissi,1925,1,1,1925
Abed,Stambouli,1925,1,1,1925
Abid,Allal,1925,1,1,1925
Abid,Bouassida,1925,1,1,1925
Abid,Gorgi,1925,1,1,1925
Abid,Khemiri,1925,1,1,1925
Abid,Klibi,1925,1,1,1925
Abid,Masmoudi,1925,1,1,1925
Abid,Mrad,1925,1,1,1925
Abidine,Ghachem,1925,1,1,1925
Achour,Azzouz,1925,1,1,1925
Achour,Bacha,1925,2,2,1925
Achour,Hached,1925,1,1,1925
Achour,Kassar,1925,1,1,1925
Achour,Mrad,1925,1,1,1925
Achour,Ouakdi,1925,1,1,1925
Adhoum,Lahbib,1925,1,1,1925
Ahmed,Mhedhbi,1925,1,1,1925
Ahmed,Osman,1925,1,1,1925
Ahmed,Snoussi,1925,1,1,1925
Aidoudi,Cherif,1925,1,1,1925
Aissa,Bey,1925,1,1,1925
Aissa,Dellagi,1925,1,1,1925
Aissa,Denguezli,1925,1,1,1925
Aissa,Douik,1925,1,1,1925
Aissa,Robbana,1925,1,1,1925
Aissaoui,Chakouani,1925,1,1,1925
Aissaoui,Meddah,1925,1,1,1925
Aissaoui,Youssef,1925,1,1,1925
Aissaoui,Zouabi,1925,1,1,1925
Aitani,Hamila,1925,1,1,1925
Ajam,Mrad,1925,1,1,1925
Akkari,Gaigi,1925,1,1,1925
Akrout,Ghoul,1925,1,1,1925
Akrout,Kallel,1925,2,2,1925
Akrout,Sahli,1925,1,1,1925
Aleya,Bouhafa,1925,1,1,1925
Ali,Derouiche,1925,1,1,1925
Ali,Farza,1925,1,1,1925
Ali,Haouech,1925,1,1,1925
Ali,Kefi,1925,1,1,1925
Ali,Letaïef,1925,1,1,1925
Ali,Mansour,1925,1,1,1925
Ali,Mufti,1925,1,1,1925
Ali,Zid,1925,1,1,1925
Allagui,Attia,1925,1,1,1925
Allagui,Blaiech,1925,1,1,1925
Allouche,Baïram,1925,1,1,1925
Alouane,Mrad,1925,1,1,1925
Aloui,Chamakh,1925,1,1,1925
Aloui,Mhedhbi,1925,1,1,1925
Aloui,Skanji,1925,1,1,1925
Alouini,Atallah,1925,1,2,1900
Alouini,Belkhiria,1925,1,1,1925
Alouini,Cherif,1925,1,1,1925
Alouini,Fourati,1925,3,3,1925
Alouini,Hachicha,1925,1,1,1925
Alouini,Kechrid,1925,1,1,1925
Aloulou,Guebila,1925,1,1,1925
Amara,Temimi,1925,1,1,1925
Ameur,Mezlini,1925,1,1,1925
Ameur,Mohsen,1925,1,1,1925
Ameur,Rustum,1925,1,1,1925
Ammar,Aouali,1925,1,1,1925
Ammar,Bakha,1925,1,1,1925
Ammar,Beji,1925,1,1,1925
Ammar,Bouchnak,1925,1,1,1925
Ammar,Boughedir,1925,1,1,1925
Ammar,Djemali,1925,1,1,1925
Ammar,Errais,1925,1,2,1900
Ammar,Ghanjati,1925,1,1,1925
Ammar,Hajjar,1925,1,1,1925
Ammar,Hanafi,1925,1,1,1925
Ammar,Kassar,1925,1,1,1925
Ammar,Miled,1925,1,1,1925
Ammar,Sakka,1925,1,1,1925
Ammar,Sellami,1925,1,1,1925
Amor,Bartakiz,1925,1,1,1925
Amor,Bey,1925,1,1,1925
Amor,Brahim,1925,1,1,1925
Amor,Challouf,1925,1,1,1925
Amor,Ettabaa,1925,1,1,1925
Amor,Fors,1925,1,1,1925
Amor,Gueddiche,1925,1,2,1900
Amor,Langar,1925,1,1,1925
Amor,Mechti,1925,1,1,1925
Amor,Mrad,1925,1,3,1875
Anane,Jilani,1925,1,1,1925
Anane,Mechichi,1925,1,1,1925
Andrée,Bey,1925,1,1,1925
Annabi,Errais,1925,1,1,1925
Annabi,Jazi,1925,1,1,1925
Anoun,Mezrioui,1925,1,1,1925
Aouichi,Belochi,1925,1,1,1925
Aouina,Slamia,1925,1,1,1925
Arab,Ennigrou,1925,1,1,1925
Arfaoui,Azzabi,1925,1,1,1925
Ariguib,Kebir,1925,2,2,1925
Armanasi,Hamila,1925,1,1,1925
Aroui,Bouraoui,1925,1,1,1925
Asses,Dhrif,1925,1,1,1925
Atallah,Fourati,1925,2,2,1925
Atallah,Mrabet,1925,1,1,1925
Ateb,Bejaoui,1925,1,1,1925
Ati,Dhaoui,1925,1,1,1925
Ati,Kahia,1925,1,1,1925
Ati,Landolsi,1925,1,1,1925
Attia,Dhaou,1925,1,1,1925
Attia,Esseghir,1925,1,1,1925
Attia,Osman,1925,1,1,1925
Attia,Sedrine,1925,1,1,1925
Attia,Tnani,1925,1,1,1925
Attia,Youssef,1925,1,1,1925
Ayachi,Mahmoud,1925,1,1,1925
Ayachi,Sfar,1925,1,1,1925
Ayadi,Bahri,1925,1,1,1925
Ayadi,Djilani,1925,2,2,1925
Ayadi,Essaidi,1925,1,1,1925
Ayadi,Mahjoub,1925,1,1,1925
Ayari,Darghouth,1925,1,1,1925
Ayari,Hentati,1925,1,1,1925
Ayed,Bornaz,1925,1,1,1925
Ayed,Haouech,1925,1,1,1925
Ayed,Jaïbi,1925,1,1,1925
Ayed,Kourda,1925,1,3,1900
Ayed,Salah,1925,1,2,1875
Ayed,Salem,1925,1,1,1925
Ayed,Viguier,1925,1,1,1925
Ayoub,Cherif,1925,1,1,1925
Ayoub,Hafsa,1925,1,1,1925
Aziza,Guiga,1925,1,1,1925
Azizi,Torjemane,1925,1,1,1925
Azouz,Bouthour,1925,1,1,1925
Azouz,Hayder,1925,1,1,1925
Azzabi,Jebalia,1925,1,1,1925
Azzouz,Baraket,1925,1,1,1925
Azzouz,Bey,1925,1,3,1875
Azzouz,Zarrouk,1925,1,2,1900
Babay,Mestiri,1925,1,1,1925
Babbou,Chaâbana,1925,1,1,1925
Baccar,Gaigi,1925,1,1,1925
Baccouche,Bouker,1925,1,1,1925
Baccouche,Cherif,1925,1,1,1925
Baccouche,Gallas,1925,1,1,1925
Baccouche,Hayder,1925,1,1,1925
Baccouche,Lakhdhar,1925,1,1,1925
Baccouche,Zouiten,1925,1,1,1925
Baccour,Hamida,1925,1,1,1925
Bach,Temimi,1925,1,1,1925
Bacha,Cherif,1925,1,1,1925
Bacha,Dellil,1925,1,1,1925
Bacha,Tnani,1925,1,1,1925
Bacha,Zitoun,1925,1,1,1925
Bader,Chelbi,1925,1,1,1925
Bader,Gordah,1925,1,1,1925
Baffoun,Bey,1925,1,1,1925
Bahi,Chelbi,1925,1,1,1925
Bahi,Guellaty,1925,1,1,1925
Bahi,Hendaoui,1925,1,1,1925
Bahi,Laouiti,1925,1,1,1925
Bahi,Selmene,1925,1,1,1925
Bahi,Sfar,1925,1,1,1925
Bahi,Torjemane,1925,1,1,1925
Bahi,Zitouna,1925,1,1,1925
Bahri,Bey,1925,1,1,1925
Bahri,Boudhina,1925,1,1,1925
Bahri,Hachaichi,1925,1,1,1925
Bahri,Hamzaoui,1925,1,1,1925
Bahroun,Mghirbi,1925,1,2,1900
Baltagi,Bessaies,1925,1,1,1925
Baly,Khanfir,1925,1,1,1925
Baoueb,Bouarrouj,1925,1,1,1925
Baoueb,Lasram,1925,1,1,1925
Baoueb,May,1925,1,1,1925
Baoueb,Mustapha,1925,1,1,1925
Baraket,Bey,1925,1,1,1925
Baraket,Mouaffak,1925,1,1,1925
Baraër,Gaigi,1925,1,1,1925
Barbanoy,Cherifa,1925,1,1,1925
Barbirou,Chebil,1925,1,1,1925
Bassoum,Bennour,1925,1,1,1925
Basti,Saiji,1925,2,2,1925
Batarekh,Hamila,1925,1,1,1925
Batich,Mlouka,1925,1,1,1925
Battikh,Chedli,1925,1,1,1925
Bayar,Khattech,1925,1,1,1925
Baïram,Belkadhi,1925,1,1,1925
Baïram,Bey,1925,1,1,1925
Baïram,Goubaa,1925,1,1,1925
Baïram,Lazrak,1925,1,1,1925
Baïram,Mami,1925,1,1,1925
Baïram,Naccache,1925,1,1,1925
Baïram,Sahli,1925,1,1,1925
Becker,Larbi,1925,1,1,1925
Bedei,Touzani,1925,1,1,1925
Bejaoui,Essebsi,1925,1,1,1925
Beji,Mabrouk,1925,1,2,1900
Belhadj,Brahim,1925,1,1,1925
Belhadj,Laouiti,1925,1,1,1925
Belhadj,Tebourbi,1925,1,1,1925
Belhassen,Hentati,1925,1,1,1925
Belhassen,Lagha,1925,1,1,1925
Belhassen,Mufti,1925,1,1,1925
Belhassen,Zouari,1925,1,1,1925
Belhassine,Bey,1925,1,1,1925
Belhassine,Bouznade,1925,1,1,1925
Belhassine,Ladjimi,1925,1,1,1925
Belhassine,Mustapha,1925,1,1,1925
Belkadhi,Belkahia,1925,1,1,1925
Belkadhi,Boubaker,1925,1,1,1925
Belkadhi,Douik,1925,1,1,1925
Belkadhi,Jaied,1925,1,1,1925
Belkadhi,Maaouia,1925,1,1,1925
Belkadhi,Meddeb,1925,1,1,1925
Belkadhi,Ragonnaud,1925,1,1,1925
Belkadhi,Stambouli,1925,1,1,1925
Belkhiria,Bouhafa,1925,1,1,1925
Belkhodja,Farah,1925,1,1,1925
Belkhodja,Haouari,1925,1,1,1925
Belkhodja,Larguèche,1925,1,1,1925
Bellagha,Bennaceur,1925,1,1,1925
Bellagha,Hayder,1925,1,1,1925
Bellagha,Saïed,1925,1,1,1925
Bellagha,Zaafrani,1925,1,1,1925
Bellamine,Ferchiou,1925,1,1,1925
Bellamine,Hanachi,1925,1,1,1925
Bellamine,Jelili,1925,1,1,1925
Bellamine,Lakhoua,1925,1,1,1925
Bellamine,Zakour,1925,1,1,1925
Bellazrak,Sbaouelgi,1925,1,1,1925
Belochi,Hannachi,1925,1,1,1925
Beltaief,Cadhi,1925,1,1,1925
Benamor,Boutara,1925,1,1,1925
Benna,Khemiri,1925,1,1,1925
Bennaceur,Mufti,1925,1,1,1925
Bennaceur,Zaied,1925,1,1,1925
Bennani,Charbagi,1925,1,1,1925
Bennani,Chebil,1925,1,1,1925
Bennani,Essid,1925,1,1,1925
Bennani,Karoui,1925,1,1,1925
Bennani,Mzah,1925,1,1,1925
Bennani,Zafzouf,1925,1,1,1925
Bennour,Gmati,1925,1,1,1925
Bennour,Zbouna,1925,1,1,1925
Bergaoui,Chedli,1925,1,1,1925
Berrachid,Hjaiej,1925,1,1,1925
Berrachid,Trabelsi,1925,1,1,1925
Berrim,Boukardougha,1925,1,1,1925
Berrim,Mzoughi,1925,2,2,1925
Besbes,Bouslama,1925,1,1,1925
Besbes,Masmoudi,1925,1,1,1925
Bessaidi,Klibi,1925,1,1,1925
Bessaidi,Saibi,1925,1,1,1925
Bessaies,Mehdaoui,1925,1,1,1925
Bessaies,Sedrine,1925,1,1,1925
Bey,Binous,1925,1,1,1925
Bey,Bohli,1925,1,1,1925
Bey,Bostangi,1925,1,1,1925
Bey,Bourara,1925,1,1,1925
Bey,Bouzayen,1925,1,1,1925
Bey,Chaabini,1925,1,1,1925
Bey,Chattali,1925,1,1,1925
Bey,Dali,1925,1,1,1925
Bey,Daoud,1925,1,1,1925
Bey,Darghouth,1925,2,4,1900
Bey,Dziri,1925,1,1,1925
Bey,Eltaïef,1925,1,1,1925
Bey,Essafi,1925,1,1,1925
Bey,Esseghir,1925,1,1,1925
Bey,Fakhfakh,1925,1,1,1925
Bey,Habib,1925,1,1,1925
Bey,Hachaichi,1925,1,1,1925
Bey,Haddad,1925,2,2,1925
Bey,Hassine,1925,1,1,1925
Bey,Hassoumi,1925,2,2,1925
Bey,Hayder,1925,1,10,1875
Bey,Jelili,1925,1,1,1925
Bey,Kahia,1925,1,6,1825
Bey,Kamel,1925,1,1,1925
Bey,Karray,1925,1,1,1925
Bey,Kchouk,1925,1,1,1925
Bey,Lahbib,1925,3,4,1900
Bey,Lakhoua,1925,1,1,1925
Bey,Mami,1925,1,1,1925
Bey,Manai,1925,1,1,1925
Bey,Marie,1925,1,1,1925
Bey,Mayl,1925,1,1,1925
Bey,Meddeb,1925,1,1,1925
Bey,Missoum,1925,1,1,1925
Bey,Mohamed,1925,1,1,1925
Bey,Mustapha,1925,1,1,1925
Bey,Nafti,1925,1,1,1925
Bey,Ouakdi,1925,1,1,1925
Bey,Pouil,1925,1,1,1925
Bey,Roubaud,1925,1,1,1925
Bey,Sabbagh,1925,1,1,1925
Bey,Sakka,1925,1,1,1925
Bey,Slama,1925,1,1,1925
Bey,Tebourbi,1925,1,1,1925
Bey,Zakkaria,1925,1,4,1875
Bey,Zarrouk,1925,1,2,1750
Bey,Zenaidi,1925,1,1,1925
Bey,Zid,1925,1,1,1925
Bezzaouia,Mrad,1925,1,1,1925
Bhouri,Chedli,1925,1,1,1925
Bizid,Bouraoui,1925,1,1,1925
Blaiech,Elloumi,1925,1,1,1925
Blaiech,Fourati,1925,1,1,1925
Blaiech,Rachid,1925,1,1,1925
Blaiech,Trabelsi,1925,2,2,1925
Blanc,Tortorici,1925,1,1,1925
Blouza,Chedli,1925,1,1,1925
Blouza,Mahjoub,1925,1,1,1925
Bornaz,Dahmani,1925,1,1,1925
Bornaz,Larguèche,1925,1,2,1900
Bouaouina,Mlouka,1925,1,1,1925
Bouassida,Kriaa,1925,1,1,1925
Bouassida,Mlawah,1925,1,1,1925
Bouaziz,Ferjani,1925,1,1,1925
Boubaker,Triki,1925,1,1,1925
Boubakeur,Kallel,1925,1,1,1925
Boudabbous,Salah,1925,1,1,1925
Boudakim,Selmene,1925,1,1,1925
Bouden,Zakour,1925,1,1,1925
Bouderba,Romdhane,1925,1,1,1925
Boudhief,Sedrine,1925,1,1,1925
Boudhina,Chammam,1925,1,1,1925
Boudhina,Metnani,1925,1,1,1925
Boudhina,Ouenzerfi,1925,1,1,1925
Boudhina,Temimi,1925,1,1,1925
Boudhina,Touhami,1925,1,1,1925
Boudhina,Zouaoui,1925,1,1,1925
Boudjedra,Tnani,1925,1,1,1925
Boufares,Herelli,1925,1,1,1925
Boughrara,Moussa,1925,1,1,1925
Bouguerra,Kaddour,1925,1,1,1925
Bouhadra,Mahmoud,1925,1,3,1875
Bouhadra,Zehani,1925,1,1,1925
Bouhafa,Mili,1925,1,1,1925
Bouhafa,Sahli,1925,1,1,1925
Bouhafa,Yamak,1925,1,1,1925
Bouhani,Khoudja,1925,1,1,1925
Bouhaouala,Essebsi,1925,1,1,1925
Bouhejba,Zid,1925,1,1,1925
Bouhlila,Laouiti,1925,1,1,1925
Boujemaa,Tnani,1925,1,1,1925
Boujemaa,Triki,1925,1,1,1925
Boukef,Torjemane,1925,1,1,1925
Boukhchina,Sghaier,1925,1,1,1925
Boukhris,Slim,1925,1,1,1925
Boukordegha,Malamelli,1925,1,1,1925
Boukraa,Tnani,1925,1,1,1925
Bouneb,Cheriki,1925,1,1,1925
Bouraoui,Driss,1925,1,1,1925
Bouraoui,Essebsi,1925,1,1,1925
Bouraoui,Fitouri,1925,1,1,1925
Bouraoui,Gahbiche,1925,1,1,1925
Bouraoui,Golli,1925,1,1,1925
Bouraoui,Hedda,1925,1,1,1925
Bouraoui,Maaroufi,1925,1,1,1925
Bouraoui,Mrad,1925,1,1,1925
Bouraoui,Ouahchi,1925,1,1,1925
Bouraoui,Sakka,1925,1,1,1925
Bouraoui,Taktak,1925,1,1,1925
Bourara,Essebsi,1925,1,1,1925
Bourguiba,Ferjani,1925,1,1,1925
Bourne,Romdhane,1925,1,1,1925
Bouslama,Chedli,1925,1,1,1925
Bouslama,Chekir,1925,1,1,1925
Bouslama,Hattab,1925,1,1,1925
Bouslama,Kerkeni,1925,1,1,1925
Bousnina,Jelili,1925,1,1,1925
Bousnina,Soua,1925,1,1,1925
Bousnina,Thabet,1925,1,2,1900
Boussoffara,Katlane,1925,1,1,1925
Bouthour,Fourti,1925,1,1,1925
Bouthour,Lakhdhar,1925,1,1,1925
Bouthour,Maaouia,1925,1,1,1925
Boutiti,Trabelsi,1925,1,1,1925
Boutouria,Maaref,1925,1,1,1925
Bouzakoura,Rejab,1925,1,1,1925
Bouzayen,Youssef,1925,1,1,1925
Bouzayen,Zaafrani,1925,1,1,1925
Bouzgarrou,Ghachem,1925,1,1,1925
Bouzgarrou,Snoussi,1925,1,1,1925
Bouzid,Saad,1925,1,1,1925
Bouzouita,Kooli,1925,1,1,1925
Bouzrara,Hached,1925,1,1,1925
Braham,Charfeddine,1925,1,1,1925
Brahim,Erraïsi,1925,1,1,1925
Brahim,Ghattas,1925,1,1,1925
Brahim,Hayder,1925,1,1,1925
Brahim,Midouni,1925,1,1,1925
Brinis,Ghaliounji,1925,1,1,1925
Caron,Memmi,1925,1,1,1925
Chaabane,Zbouna,1925,1,1,1925
Chaabani,Kebir,1925,1,1,1925
Chaari,Hached,1925,1,1,1925
Chaari,Hmida,1925,1,2,1850
Chaari,Khoufi,1925,1,1,1925
Chaari,Mahjoub,1925,1,3,1900
Chaari,Mrad,1925,2,3,1900
Chaari,Samet,1925,1,1,1925
Chaari,Zidi,1925,1,1,1925
Chabbeh,Chedli,1925,1,1,1925
Chabbouh,Mrabet,1925,1,1,1925
Chabchoub,Hentati,1925,1,1,1925
Chadou,Logani,1925,1,1,1925
Chadou,Mahmoud,1925,1,1,1925
Chadou,Tirari,1925,1,1,1925
Chahed,Gaigi,1925,1,1,1925
Chahed,Trabelsi,1925,1,1,1925
Chahmi,Denguezli,1925,1,1,1925
Chahmi,Haouas,1925,1,1,1925
Chahmi,Menzeli,1925,1,1,1925
Chahtour,Hemriti,1925,3,3,1925
Chaibi,Chiboub,1925,1,1,1925
Chaker,Kriaa,1925,1,1,1925
Challouf,Mrad,1925,1,1,1925
Chamakh,Denguezli,1925,1,1,1925
Chamari,Daghfous,1925,1,1,1925
Chamari,Khalifa,1925,1,1,1925
Chamari,Landolsi,1925,1,1,1925
Chamari,Mrad,1925,1,1,1925
Chamekh,Hayder,1925,1,1,1925
Chammam,Miled,1925,1,1,1925
Chaouachi,Khalsi,1925,1,1,1925
Charchour,Gargani,1925,1,1,1925
Charchour,Hachicha,1925,1,1,1925
Charchour,Sayah,1925,1,1,1925
Charfeddine,Saidane,1925,1,1,1925
Charfi,Cheikh,1925,1,1,1925
Charrad,Mrad,1925,1,1,1925
Charrada,Maamouri,1925,1,1,1925
Chatelier,Larguèche,1925,1,1,1925
Chateur,Jeribi,1925,1,1,1925
Chatti,Kahia,1925,1,1,1925
Chaâbane,Chelli,1925,1,1,1925
Chaâbane,Jeljeli,1925,1,1,1925
Chaâbane,Mezni,1925,1,1,1925
Chebaane,Memmi,1925,1,1,1925
Chebil,Chenaina,1925,1,1,1925
Chebil,Hayder,1925,2,2,1925
Chebil,Kharrat,1925,1,1,1925
Chedli,Grami,1925,1,1,1925
Chedli,Mabrouk,1925,1,1,1925
Chedli,Mlayah,1925,1,1,1925
Chedli,Slimane,1925,1,1,1925
Chedli,Tounes,1925,1,1,1925
Chedli,Tounsi,1925,1,1,1925
Chedly,Cheikh,1925,1,1,1925
Chedly,Hefaf,1925,1,1,1925
Chedly,Hentati,1925,1,1,1925
Cheikh,Gana,1925,1,1,1925
Cheikh,Osman,1925,1,1,1925
Chelaifa,Hamza,1925,1,1,1925
Chelaifa,Khouja,1925,1,1,1925
Chelaifa,Romdhane,1925,1,3,1875
Chelbi,Khaznadar,1925,1,2,1900
Chelbi,Lakhdar,1925,1,1,1925
Chelbi,Osman,1925,1,1,1925
Chelbi,Salem,1925,1,1,1925
Chelbi,Toumi,1925,1,1,1925
Chelli,Khaddar,1925,1,1,1925
Cherif,Darghouth,1925,1,1,1925
Cherif,Hassouna,1925,1,1,1925
Cherif,Kaddour,1925,1,1,1925
Cherif,Mahbouli,1925,1,1,1925
Cherif,Messaoud,1925,1,1,1925
Cherif,Messaoudi,1925,1,1,1925
Cherif,Mlouka,1925,1,1,1925
Cherif,Mrad,1925,1,1,1925
Cherif,Rejab,1925,2,2,1925
Cherif,Riahi,1925,3,4,1900
Cherif,Saïda,1925,1,1,1925
Cherif,Troudi,1925,1,1,1925
Cherif,Zaafrani,1925,2,2,1925
Cherif,Zouhir,1925,1,1,1925
Cherifa,Ouahchi,1925,1,1,1925
Cherifa,Zbidi,1925,2,2,1925
Chiboub,Zid,1925,1,2,1875
Chihaoui,Mrad,1925,1,1,1925
Chkondali,Gara,1925,1,1,1925
Chonee,Stambouli,1925,1,1,1925
Chouaiech,Hassine,1925,1,1,1925
Chouchene,Mrad,1925,1,1,1925
Chtioui,Driss,1925,2,2,1925
Chtioui,Esseghir,1925,1,1,1925
Colette,Kassar,1925,1,1,1925
Combas,Stambouli,1925,1,1,1925
Daaloul,Mrabet,1925,1,1,1925
Daghfous,Elheni,1925,1,1,1925
Daghfous,Mghirbi,1925,1,1,1925
Dakhlaoui,Gordah,1925,1,1,1925
Dalmais,Saad,1925,1,1,1925
Damir,Hamba,1925,1,1,1925
Dannouni,Mghazli,1925,1,1,1925
Daoud,Ennaifer,1925,1,1,1925
Daoud,Mlouka,1925,1,1,1925
Daoud,Selmene,1925,1,1,1925
Daoulette,Ghariani,1925,1,1,1925
Darghouth,Djemali,1925,1,1,1925
Darghouth,Douagi,1925,1,1,1925
Darghouth,Ghariani,1925,1,1,1925
Darghouth,Hentati,1925,1,2,1900
Darghouth,Lakhoua,1925,1,1,1925
Darghouth,Longo,1925,1,1,1925
Darghouth,Weinwisser,1925,1,1,1925
Darghouth,Zneiguia,1925,1,1,1925
Debbiche,Ghariani,1925,1,1,1925
Dellagi,Hlioui,1925,1,1,1925
Derouiche,Djilani,1925,1,1,1925
Derouiche,Larbi,1925,1,1,1925
Derouiche,Zammit,1925,1,1,1925
Dhaou,Hachaichi,1925,1,1,1925
Dhiaf,Ennigrou,1925,1,1,1925
Dhiaf,Ghenia,1925,1,1,1925
Dhiaf,Gorgi,1925,1,1,1925
Dhiaf,Hechmi,1925,1,1,1925
Dhrif,Guebila,1925,1,1,1925
Dimassi,Kooli,1925,1,1,1925
Dimassi,Najet,1925,1,1,1925
Dimassi,Rassaa,1925,1,1,1925
Dimassi,Zeïneb,1925,1,1,1925
Dimon,Guellouz,1925,1,1,1925
Djait,Hentati,1925,1,1,1925
Djellouli,Siala,1925,1,1,1925
Djemali,Eparvier,1925,1,1,1925
Djemali,Ferjani,1925,1,1,1925
Djemali,Harzallah,1925,1,1,1925
Djemali,Jelassi,1925,1,1,1925
Djemali,Lahoual,1925,1,1,1925
Djemali,Mzali,1925,1,1,1925
Djemali,Sanaa,1925,1,1,1925
Djemali,Tarhouni,1925,1,1,1925
Djemali,Turki,1925,1,1,1925
Djilani,Ennaifer,1925,1,1,1925
Djilani,Kabani,1925,1,1,1925
Djilani,Karoui,1925,1,2,1900
Djilani,Lakhoua,1925,1,1,1925
Djilani,Laville,1925,1,1,1925
Djilani,Meherzi,1925,1,1,1925
Djilani,Zanned,1925,1,1,1925
Doghri,Zerzeri,1925,1,1,1925
Douagi,Ennigrou,1925,1,1,1925
Douraï,Meziou,1925,1,1,1925
Dridi,Manjour,1925,1,1,1925
Drira,Kriaa,1925,1,1,1925
Driss,Soua,1925,1,1,1925
Dziri,Mokrani,1925,1,1,1925
Dziri,Sahli,1925,1,2,1900
Dziri,Zelfani,1925,1,1,1925
Elloumi,Karra,1925,1,1,1925
Elloumi,Maaouia,1925,1,1,1925
Ennabli,Gargouri,1925,1,1,1925
Ennaifer,Fayache,1925,1,1,1925
Ennaifer,Mahmoud,1925,1,1,1925
Ennaifer,Sakka,1925,1,1,1925
Ennigrou,Gorgi,1925,1,1,1925
Ennigrou,Lakhoua,1925,1,2,1900
Ennigrou,Larbi,1925,2,2,1925
Ennigrou,Zaied,1925,1,1,1925
Ennigrou,Zbouna,1925,1,1,1925
Errais,Gordah,1925,1,1,1925
Errais,Hendaoui,1925,1,1,1925
Errais,Mathieu,1925,1,1,1925
Essafi,Jelili,1925,1,1,1925
Essafi,Maaouia,1925,1,1,1925
Essaied,Zbouna,1925,1,1,1925
Essebsi,Hamouda,1925,1,1,1925
Essebsi,Lahmer,1925,1,1,1925
Essebsi,Mami,1925,1,1,1925
Esseghir,Gara,1925,1,1,1925
Esseghir,Guebila,1925,1,1,1925
Essid,Katlane,1925,1,1,1925
Essid,Khalfallah,1925,1,1,1925
Essid,Mbarek,1925,1,1,1925
Essid,Mrabet,1925,1,1,1925
Essid,Osman,1925,1,2,1875
Essid,Safta,1925,1,1,1925
Ettabaa,Osman,1925,1,2,1875
Ezzahi,Maamouri,1925,1,1,1925
Ezzeddine,Miled,1925,1,1,1925
Ezzine,Jazi,1925,2,3,1875
Ezzine,Marzouki,1925,1,1,1925
Ezzine,Ounis,1925,1,1,1925
Ezzine,Zitouna,1925,2,2,1925
Fallah,Khalsi,1925,1,2,1900
Fallah,Touzani,1925,1,1,1925
Fallah,Zarrouk,1925,1,1,1925
Fallah,Zmerli,1925,1,1,1925
Farah,Hellal,1925,1,1,1925
Farah,Zbouna,1925,2,2,1925
Farah,Zmerli,1925,1,1,1925
Farhat,Hentati,1925,1,1,1925
Farhat,Lahbib,1925,1,1,1925
Farhat,Youssef,1925,1,1,1925
Farjallah,Houas,1925,1,1,1925
Farza,Mahjoub,1925,1,1,1925
Farza,Mrad,1925,1,1,1925
Fayache,Lamine,1925,1,2,1875
Fegaier,Gaigi,1925,1,1,1925
Fehri,Hached,1925,1,1,1925
Fehri,Hemriti,1925,1,1,1925
Fekih,Saad,1925,1,1,1925
Felfel,Selmene,1925,1,1,1925
Fellah,Mrad,1925,1,1,1925
Ferchichi,Mahjoub,1925,1,1,1925
Ferjani,Malouche,1925,1,1,1925
Fersi,Jallali,1925,1,1,1925
Forster,Zid,1925,1,1,1925
Fourati,Ghozzi,1925,1,1,1925
Fourati,Jaafar,1925,1,1,1925
Fourati,Jerad,1925,1,1,1925
Fourati,Kaddour,1925,1,1,1925
Fourati,Kastalli,1925,1,1,1925
Fourati,Khrouf,1925,1,1,1925
Fourati,Malouche,1925,1,1,1925
Fourati,Mbarek,1925,1,1,1925
Fourati,Sellami,1925,1,1,1925
Fourati,Siala,1925,1,1,1925
Friha,Khouini,1925,1,1,1925
Frija,Laroussi,1925,1,1,1925
Frikha,Hentati,1925,1,1,1925
Frikha,Kamoun,1925,1,1,1925
Frini,Larbi,1925,1,1,1925
Frini,Rahal,1925,1,1,1925
Gaied,Lassoued,1925,1,1,1925
Gaigi,Gharbi,1925,1,1,1925
Gaigi,Hamouda,1925,1,1,1925
Gaigi,Henchir,1925,1,1,1925
Gaigi,Houissa,1925,1,1,1925
Gaigi,Jamel,1925,1,1,1925
Gaigi,Maistret,1925,1,1,1925
Gamra,Zbouna,1925,1,1,1925
Gara,Hayder,1925,1,1,1925
Gara,Materi,1925,1,1,1925
Garbouj,Kamel,1925,1,1,1925
Gargouri,Mouaffak,1925,1,1,1925
Gargouri,Siala,1925,1,1,1925
Garnaoui,Zorgati,1925,1,1,1925
Gastli,Lassoued,1925,1,3,1875
Gastli,Mghirbi,1925,3,3,1925
Ghachem,Ladjimi,1925,1,1,1925
Ghachem,Zarrouk,1925,1,1,1925
Ghadira,Hajem,1925,1,1,1925
Ghalayini,Hamila,1925,1,1,1925
Ghali,Mhenni,1925,1,1,1925
Ghaliounji,Hassoumi,1925,1,1,1925
Ghalleb,Laatar,1925,1,1,1925
Ghalloussi,Karoui,1925,1,1,1925
Ghanem,Malouche,1925,1,1,1925
Gharbi,Houissa,1925,1,1,1925
Gharbi,Lahbib,1925,1,1,1925
Gharbi,Lasram,1925,1,1,1925
Gharbi,Soudani,1925,1,1,1925
Gharbi,Zid,1925,2,2,1925
Ghariani,Guellaty,1925,1,1,1925
Ghariani,Guellouz,1925,1,1,1925
Ghariani,Hayder,1925,1,1,1925
Ghariani,Marsaoui,1925,1,1,1925
Ghariani,Mouelhi,1925,1,1,1925
Ghariani,Rhaiem,1925,1,1,1925
Ghariani,Toumi,1925,1,1,1925
Ghariani,Zrelli,1925,1,1,1925
Ghattas,Kallel,1925,1,1,1925
Ghattas,Kraiem,1925,1,1,1925
Ghattas,Meherzi,1925,1,1,1925
Ghattas,Torjemane,1925,1,1,1925
Ghattas,Zehani,1925,1,1,1925
Ghedira,Zarrouk,1925,1,1,1925
Gherab,Ladjimi,1925,1,1,1925
Ghorbel,Karoui,1925,1,1,1925
Ghorbel,Khouini,1925,1,1,1925
Ghorbel,Robbana,1925,1,1,1925
Ghoul,Kridan,1925,1,1,1925
Ghozzi,Mhedhbi,1925,1,1,1925
Gmach,Guiga,1925,1,2,1900
Gmach,Labidi,1925,1,1,1925
Gmati,Miled,1925,1,1,1925
Gmati,Zaouak,1925,1,1,1925
Gordah,Slama,1925,1,1,1925
Gordah,Youssef,1925,1,1,1925
Gorgi,Snoussi,1925,1,1,1925
Gorgi,Zerzeri,1925,1,1,1925
Gouider,Khoudja,1925,1,1,1925
Grami,M'barek,1925,1,1,1925
Gribaa,Hammami,1925,1,1,1925
Gribaa,Kheriji,1925,1,1,1925
Gribaa,Layouni,1925,1,1,1925
Guebila,Houas,1925,1,1,1925
Guebila,Jaafar,1925,1,1,1925
Guebila,Ksibi,1925,1,1,1925
Guebila,Youssef,1925,1,1,1925
Gueddiche,Tarrouche,1925,1,1,1925
Guellaty,Mebarek,1925,1,1,1925
Guellaty,Ouertani,1925,1,1,1925
Guerbâa,Rassaa,1925,1,1,1925
Guissi,Telich,1925,1,1,1925
Gulec,Hentati,1925,1,1,1925
Habiba,Jeribi,1925,1,1,1925
Hachaichi,Mechri,1925,1,1,1925
Hachaichi,Mokdad,1925,1,1,1925
Hached,Samet,1925,1,1,1925
Hachicha,Youssef,1925,1,1,1925
Haddad,Khattech,1925,1,1,1925
Hadhri,Salem,1925,1,1,1925
Hadid,Zahmoune,1925,1,1,1925
Haffani,Hanachi,1925,1,1,1925
Hafi,Zakour,1925,1,1,1925
Hajri,Lakhoua,1925,1,1,1925
Hajri,Slama,1925,1,1,1925
Halim,Hedblom,1925,1,1,1925
Hamba,Jemaa,1925,1,1,1925
Hamda,Miaoui,1925,1,1,1925
Hamdi,Khouini,1925,1,1,1925
Hamida,Ismail,1925,1,1,1925
Hamida,Kara,1925,1,1,1925
Hamida,Mahmoud,1925,1,1,1925
Hamida,Trimèche,1925,1,1,1925
Hammami,Trabelsi,1925,1,1,1925
Hammouda,Youssef,1925,1,1,1925
Hamrouni,Zitoun,1925,1,1,1925
Hamza,Kamoun,1925,1,1,1925
Hamza,Romdhane,1925,1,1,1925
Hamza,Siala,1925,1,1,1925
Hanachi,Jaafar,1925,1,1,1925
Hanachi,Mahmoud,1925,1,2,1900
Hanachi,Yaghlane,1925,1,1,1925
Hantous,Torjemane,1925,1,1,1925
Hantous,Yahia,1925,1,1,1925
Haouet,Maamouri,1925,1,1,1925
Haouet,Robbana,1925,1,1,1925
Hariz,Othman,1925,1,1,1925
Harzallah,Laouiti,1925,3,3,1925
Harzallah,Naouar,1925,1,1,1925
Harzallah,Zayana,1925,1,1,1925
Hassen,Saad,1925,1,1,1925
Hassine,Memmi,1925,1,1,1925
Hassouna,Jaziri,1925,1,1,1925
Hassouna,Mamlouk,1925,1,1,1925
Hassouna,Redissi,1925,2,2,1925
Hassouna,Trabelsi,1925,1,1,1925
Hassouna,Youssef,1925,1,1,1925
Hassouna,Zbidi,1925,1,1,1925
Hayder,Henrikson,1925,1,1,1925
Hayder,Jed,1925,1,1,1925
Hayder,Kekhia,1925,1,1,1925
Hayder,Meddeb,1925,1,1,1925
Hayder,Merrichkou,1925,1,1,1925
Hayder,Sassi,1925,1,1,1925
Hayder,Zafzouf,1925,1,1,1925
Hayder,Zbidi,1925,1,1,1925
Hechmi,Zarraa,1925,2,2,1925
Hedhli,Mehdaoui,1925,1,1,1925
Hedri,Meherzi,1925,1,1,1925
Helal,Mhedhbi,1925,1,1,1925
Hellal,Larbi,1925,1,1,1925
Hemriti,Mechti,1925,1,1,1925
Hemriti,Mrad,1925,1,1,1925
Hemriti,Mtira,1925,1,1,1925
Henchiri,Zaied,1925,1,1,1925
Hendaoui,Lakhdhar,1925,1,1,1925
Hendaoui,Rabaâ,1925,1,1,1925
Hentati,Kallel,1925,1,2,1900
Hentati,Meddeb,1925,1,1,1925
Hentati,Mziou,1925,2,2,1925
Hentati,Rekik,1925,1,1,1925
Herelli,Kaddour,1925,1,1,1925
Hlioui,Jaafar,1925,1,1,1925
Hlioui,Mahmoud,1925,1,1,1925
Hmani,Mechim,1925,1,1,1925
Hédia,Malouche,1925,1,1,1925
Ismail,Zaafrani,1925,1,1,1925
Jaafar,Mlouka,1925,1,1,1925
Jaafoura,Slamia,1925,1,1,1925
Jaiet,Mahmoud,1925,1,1,1925
Jamoussi,Miladi,1925,1,1,1925
Jamoussi,Miled,1925,1,1,1925
Jaouada,Jouini,1925,1,1,1925
Jaouada,Mokrani,1925,1,1,1925
Jaouada,Moussa,1925,1,1,1925
Jaouada,Sanhaji,1925,1,1,1925
Jaouada,Zakour,1925,1,1,1925
Jazi,Souissi,1925,1,1,1925
Jebali,Khouja,1925,1,1,1925
Jebara,Robbana,1925,1,1,1925
Jegham,Manjour,1925,1,1,1925
Jegham,Rahal,1925,1,1,1925
Jelili,Zaghbouni,1925,1,1,1925
Jelili,Zaghouani,1925,1,1,1925
Jemaa,Mamlouk,1925,1,2,1900
Jemaa,Touzani,1925,1,1,1925
Jemaa,Yahmed,1925,1,1,1925
Jemaa,Zouhir,1925,1,1,1925
Jemail,Klibi,1925,1,2,1850
Jemiaa,Robbana,1925,1,1,1925
Jerad,Stambouli,1925,1,1,1925
Jied,Refai,1925,1,1,1925
Jridi,Trabelsi,1925,1,1,1925
Kacem,Saidane,1925,1,1,1925
Kahia,Kooli,1925,2,2,1925
Kahouaji,Smati,1925,1,1,1925
Kalaï,Rahal,1925,1,1,1925
Kalfat,Mlouka,1925,1,2,1900
Kallel,Lasram,1925,1,1,1925
Kallel,Lazrak,1925,1,1,1925
Kallel,Sfaxi,1925,1,1,1925
Kallel,Zaied,1925,1,1,1925
Kallel,Zayen,1925,1,1,1925
Kamel,Khlass,1925,1,1,1925
Kamel,Landolsi,1925,1,1,1925
Kamel,Rahmen,1925,1,1,1925
Kamel,Romdhane,1925,1,1,1925
Kamel,Sanekli,1925,1,1,1925
Kamel,Temimi,1925,1,1,1925
Kamel,Teta,1925,1,1,1925
Kammoun,Mrad,1925,1,1,1925
Kamoun,Kolsi,1925,1,1,1925
Kamoun,Lasram,1925,1,1,1925
Kamoun,Mziou,1925,1,1,1925
Kaouech,Kchouk,1925,1,1,1925
Karoui,Khessaïri,1925,2,2,1925
Karoui,Meddeb,1925,2,2,1925
Karoui,Salah,1925,1,1,1925
Karoui,Testouri,1925,1,1,1925
Karoui,Tounsi,1925,1,1,1925
Kasbi,Tanfous,1925,1,1,1925
Kassaagi,Kobrosli,1925,1,1,1925
Kassar,Mehdaoui,1925,1,1,1925
Kassar,Saadaoui,1925,1,1,1925
Kassar,Vichy,1925,1,1,1925
Kastalli,Thabet,1925,1,1,1925
Katlane,Temimi,1925,1,2,1875
Kedadi,Touzani,1925,1,1,1925
Kendil,Youssef,1925,1,1,1925
Kerkeni,Mghirbi,1925,1,1,1925
Ketata,Mziou,1925,1,1,1925
Khachlouf,Miled,1925,1,1,1925
Khaddar,Khaznadar,1925,1,1,1925
Khaddar,Khouja,1925,1,1,1925
Khaddar,Ksontini,1925,1,1,1925
Khaddar,Miled,1925,1,1,1925
Khaled,Sellami,1925,1,1,1925
Khalfallah,Slamia,1925,1,1,1925
Khalfet,Yedder,1925,1,1,1925
Khalladi,Meddeb,1925,1,1,1925
Khalsi,Mahouachi,1925,1,1,1925
Kharrat,Mlouka,1925,1,1,1925
Khattabi,Miled,1925,1,1,1925
Khayat,Zarrouk,1925,1,1,1925
Khaznadar,Noomen,1925,1,1,1925
Khaznadar,Salhi,1925,1,1,1925
Khedher,Turkia,1925,1,1,1925
Khefacha,Nouira,1925,1,1,1925
Khelifa,Zitouna,1925,1,1,1925
Khelil,Mzali,1925,1,1,1925
Khemiri,Torjemane,1925,1,1,1925
Khiari,Mahjoub,1925,1,1,1925
Khiari,Tnani,1925,1,1,1925
Khomsi,Robbana,1925,1,1,1925
Khoudja,Ouertani,1925,1,1,1925
Khoudja,Trabelsi,1925,1,1,1925
Khoudja,Verney,1925,1,1,1925
Khoudja,Zouaoui,1925,1,1,1925
Khoury,Touzani,1925,1,1,1925
Kim,Zitouna,1925,1,1,1925
Klibi,Moussa,1925,1,1,1925
Klibi,Rustum,1925,1,1,1925
Klibi,Torjemane,1925,1,1,1925
Klibi,Youssef,1925,1,1,1925
Kochbati,Mlouka,1925,1,1,1925
Kooli,Sakka,1925,1,1,1925
Kouki,Layouni,1925,1,1,1925
Kriaa,Rebai,1925,1,1,1925
Kriaa,Seidel,1925,1,1,1925
Kriaa,Sellami,1925,1,1,1925
Kriaa,Siala,1925,2,2,1925
Krichene,Larbi,1925,1,1,1925
Laajili,Saad,1925,1,1,1925
Laamari,Zid,1925,1,1,1925
Ladhari,Stambouli,1925,1,1,1925
Ladjimi,Rachdi,1925,1,1,1925
Lahmer,Stambouli,1925,1,1,1925
Lajili,Stambouli,1925,1,1,1925
Lakhdhar,Zbouna,1925,1,1,1925
Lamroussi,Stambouli,1925,1,1,1925
Langar,Makhlouf,1925,1,1,1925
Langar,Mrad,1925,1,1,1925
Lasram,Mokaddem,1925,1,1,1925
Lasram,Rais,1925,1,1,1925
Lazrak,Riahi,1925,1,1,1925
Lioui,Mahjoub,1925,1,1,1925
Maamouri,Marzoug,1925,2,2,1925
Maaoui,Mahjoub,1925,1,1,1925
Maaoui,Mokhtar,1925,1,1,1925
Maaref,Mnakbi,1925,1,1,1925
Maaref,Toumi,1925,1,1,1925
Maghraoui,Youssef,1925,1,1,1925
Mahdi,Osman,1925,1,1,1925
Mahjoub,Mahmoud,1925,1,1,1925
Mahjoub,Sakkal,1925,1,1,1925
Mahjoub,Slamia,1925,1,1,1925
Mahjouba,Zid,1925,1,1,1925
Mahmoud,Mamlouk,1925,1,1,1925
Mahmoud,Mufti,1925,1,1,1925
Mahmoud,Senemaud,1925,1,1,1925
Majoul,Oueslati,1925,1,1,1925
Makhlouf,Miled,1925,1,3,1875
Makhlouf,Mrad,1925,1,3,1900
Makhlouf,Zidi,1925,1,2,1875
Makni,Trabelsi,1925,1,1,1925
Malouche,Zbouna,1925,1,1,1925
Mami,Maâli,1925,1,1,1925
Mami,Sassi,1925,1,1,1925
Mami,Youssef,1925,1,1,1925
Mamlouk,Naouar,1925,1,1,1925
Manai,Saiji,1925,1,1,1925
Manjour,Mourali,1925,1,1,1925
Mansour,Saidane,1925,1,1,1925
Margueritta,Mrad,1925,1,1,1925
Masmoudi,Sassi,1925,1,1,1925
Materi,Toumi,1925,1,1,1925
Materi,Triki,1925,1,1,1925
Mathlouthi,Trabelsi,1925,1,1,1925
May,Zahar,1925,1,1,1925
Mazigh,Zakour,1925,1,1,1925
Mechennef,Zakkaria,1925,1,1,1925
Mechim,Mrad,1925,1,1,1925
Mehdaoui,Saad,1925,1,1,1925
Meherzi,Slama,1925,1,1,1925
Meherzi,Tnani,1925,1,1,1925
Melliti,Tnani,1925,1,1,1925
Memmi,Toumi,1925,1,1,1925
Messaadi,Taïeb,1925,1,1,1925
Mezhoud,Mrad,1925,1,1,1925
Mghirbi,Selmene,1925,1,1,1925
Mhedhbi,Zouari,1925,1,1,1925
Mhenni,Mufti,1925,1,1,1925
Mhirsi,Mohsen,1925,1,1,1925
Miladi,Toumi,1925,1,1,1925
Miladi,Trabelsi,1925,1,1,1925
Miled,Mrad,1925,1,3,1900
Miled,Rejab,1925,1,1,1925
Miled,Zidi,1925,1,2,1900
Miled,Zitouna,1925,1,1,1925
Mlayah,Youssef,1925,1,1,1925
Mouaffak,Saighi,1925,1,2,1900
Mounira,Zakkaria,1925,1,1,1925
Mourali,Mrad,1925,1,1,1925
Mourali,Romdhane,1925,1,1,1925
Mrabet,Othman,1925,1,1,1925
Mrabet,Robbana,1925,1,1,1925
Mrabet,Rokbani,1925,1,1,1925
Mrabet,Zribi,1925,1,1,1925
Mrad,Pelé,1925,1,1,1925
Mrad,Riahi,1925,1,1,1925
Mrad,Sabiha,1925,1,1,1925
Mrad,Sadfi,1925,1,1,1925
Mrad,Sanctis,1925,1,1,1925
Mrad,Slimen,1925,1,1,1925
Mrad,Smiri,1925,1,1,1925
Mrad,Tarrouch,1925,1,1,1925
Mrad,Toumi,1925,1,1,1925
Mrad,Zidi,1925,1,4,1850
Mufti,Soudani,1925,1,1,1925
Mustapha,Zitouna,1925,1,1,1925
Mzabi,Touzani,1925,1,1,1925
Mziou,Zouari,1925,1,1,1925
Mzoughi,Triki,1925,1,1,1925
Mâatouk,Nouira,1925,1,1,1925
Naas,Robbana,1925,1,1,1925
Naccache,Naceur,1925,1,1,1925
Nakaa,Sayadi,1925,1,1,1925
Naouar,Zitouna,1925,1,1,1925
Nouira,Ouertani,1925,1,1,1925
Omrane,Yedder,1925,1,1,1925
Osman,Redissi,1925,1,1,1925
Osman,Schoen,1925,1,1,1925
Othman,Slimen,1925,1,1,1925
Othman,Zaïed,1925,1,1,1925
Ouenniche,Sebaï,1925,1,1,1925
Ouertani,Raies,1925,1,1,1925
Penaud,Slim,1925,1,1,1925
Radhouane,Saidane,1925,1,1,1925
Rahal,Salem,1925,1,1,1925
Refai,Slama,1925,1,1,1925
Rejab,Saidane,1925,1,1,1925
Rejab,Zmerli,1925,1,1,1925
Riahi,Tahenti,1925,1,1,1925
Riahi,Zid,1925,1,1,1925
Romdane,Romdhane,1925,1,1,1925
Romdhane,Tortorici,1925,1,1,1925
Romdhane,Toumi,1925,1,1,1925
Saidane,Smati,1925,1,1,1925
Sakka,Sdiri,1925,1,1,1925
Sakka,Zouhir,1925,1,1,1925
Salem,Smati,1925,1,1,1925
Salem,Torjemane,1925,1,1,1925
Samandi,Slamia,1925,1,1,1925
Sancho,Tahri,1925,1,1,1925
Sanhaji,Temimi,1925,1,1,1925
Sassi,Selmene,1925,1,1,1925
Sedrine,Snine,1925,1,1,1925
Sedrine,Tarchouna,1925,1,1,1925
Selmene,Younes,1925,1,2,1875
Selmene,Zouhra,1925,1,1,1925
Sherei,Youssef,1925,1,1,1925
Siala,Smaoui,1925,1,1,1925
Siala,Trifa,1925,1,1,1925
Slamia,Yahia,1925,1,1,1925
Slamia,Zabedi,1925,1,1,1925
Slimane,Soukeh,1925,1,1,1925
Slimane,Youssef,1925,1,1,1925
Smaoui,Stambouli,1925,1,1,1925
Smouali,Soua,1925,1,1,1925
Soulaï,Trabelsi,1925,1,1,1925
Takali,Zaafrani,1925,1,1,1925
Talbi,Turki,1925,1,1,1925
Tarrouche,Zeghab,1925,1,1,1925
Thomas,Youssef,1925,1,1,1925
Trabelsi,Turkia,1925,1,1,1925
Turki,Zaragoza,1925,1,1,1925
Yamak,Yared,1925,1,1,1925
Youssef,Zakour,1925,1,1,1925
Youssef,Zid,1925,1,1,1925
Youssef,Zneiguia,1925,1,1,1925
Zaafrani,Zitouna,1925,1,1,1925
Zahouani,Zarrouk,1925,1,1,1925
Abassi,Bey,1950,2,2,1950
Abassi,Charfi,1950,1,1,1950
Abassi,Jerad,1950,1,1,1950
Abassi,Kallel,1950,1,1,1950
Abassi,Khessaïri,1950,1,1,1950
Abbou,Bey,1950,1,1,1950
Abbou,Tekaya,1950,1,1,1950
Abdallah,Chaouachi,1950,2,2,1950
Abdallah,Chelbi,1950,1,1,1950
Abdallah,Cherif,1950,1,1,1950
Abdallah,Jamel,1950,1,1,1950
Abdallah,Kassar,1950,1,1,1950
Abdallah,Lakhoua,1950,1,1,1950
Abdallah,Nacer,1950,1,1,1950
Abdallah,Talbi,1950,1,1,1950
Abdeljaouad,Boujemaa,1950,1,1,1950
Abdeljaoued,Drira,1950,1,1,1950
Abdeljaoued,Gmati,1950,1,1,1950
Abdeljaoued,Guéry,1950,1,1,1950
Abdeljaoued,Mlaiki,1950,1,1,1950
Abdeljaoued,Saadaoui,1950,1,1,1950
Abdeljawad,Amor,1950,1,1,1950
Abdelkafi,Belhouane,1950,1,1,1950
Abdelkafi,Romdhane,1950,1,1,1950
Abdelkafi,Salah,1950,1,2,1925
Abdelkafi,Smida,1950,1,1,1950
Abdelkafi,Zbidi,1950,1,1,1950
Abdelmoula,Bouslama,1950,1,1,1950
Abdelmoula,Louati,1950,1,1,1950
Abdelmoula,Sellami,1950,1,1,1950
Abdelmoumen,Ateb,1950,1,1,1950
Abdelmoumen,Khamassi,1950,1,1,1950
Abdelmoumen,ناجي,1950,1,1,1950
Abdennebi,Bessrour,1950,1,1,1950
Abdennebi,Hayder,1950,1,1,1950
Abdennebi,Kallel,1950,1,1,1950
Abdennebi,Mersni,1950,1,1,1950
Abdennebi,Pellé,1950,1,1,1950
Abderrazak,Belochi,1950,1,1,1950
Abderrazak,Bey,1950,1,1,1950
Abdessamad,Zid,1950,1,1,1950
Abed,Kolsi,1950,1,1,1950
Abed,Maaref,1950,1,1,1950
Abed,Mghirbi,1950,1,1,1950
Abid,Farah,1950,1,1,1950
Abid,Jamoussi,1950,1,1,1950
Abid,Kammoun,1950,1,1,1950
Abid,Katlane,1950,1,1,1950
Abid,Kourda,1950,1,1,1950
Abid,Siala,1950,1,1,1950
Abid,Triki,1950,1,1,1950
Abid,Zouhir,1950,1,1,1950
Abittan,Bey,1950,1,1,1950
Accacha,Haddad,1950,1,1,1950
Ach,Karoui,1950,1,1,1950
Achour,Ammar,1950,1,1,1950
Achour,Denguezli,1950,1,1,1950
Achour,Hachani,1950,1,1,1950
Achour,Jegham,1950,1,1,1950
Achour,Ketari,1950,1,1,1950
Achour,Mrad,1950,1,2,1925
Adjerit,Larguèche,1950,1,1,1950
Affroun,Haddad-Parfait,1950,1,1,1950
Ahmed,Latiri,1950,1,1,1950
Aidoudi,Saada,1950,1,1,1950
Aissa,Ammar,1950,1,1,1950
Aissa,Bellamine,1950,1,1,1950
Aissa,Bsiri,1950,1,1,1950
Aissa,Darghouth,1950,1,1,1950
Aissa,Lachnani,1950,1,1,1950
Aissa,Maaref,1950,1,1,1950
Aissa,Mahfoudh,1950,1,1,1950
Ali,Ayed,1950,1,1,1950
Ali,Chiboub,1950,1,1,1950
Ali,Madani,1950,1,1,1950
Ali,Refaï,1950,1,1,1950
Ali,Yahmed,1950,1,1,1950
Ali,Zarrouk,1950,1,1,1950
Alila,Mrad,1950,1,1,1950
Allain,Tebourbi,1950,1,1,1950
Allani,Alouini,1950,1,1,1950
Alouini,Bayoudh,1950,1,1,1950
Alouini,Ghenima,1950,1,1,1950
Alouini,Jomaa,1950,1,1,1950
Alouini,Malouche,1950,1,1,1950
Alouini,Mansour,1950,1,1,1950
Alouini,Venslauskaite,1950,1,1,1950
Amamou,Balti,1950,1,1,1950
Amara,Bey,1950,1,1,1950
Amara,Letaïef,1950,1,1,1950
Amarni,Sedrine,1950,1,1,1950
Amimi,Jelili,1950,1,1,1950
Amira,Bey,1950,1,1,1950
Ammar,Bellagha,1950,1,1,1950
Ammar,Gaied,1950,1,1,1950
Ammar,Ghrib,1950,1,1,1950
Ammar,Hafsi,1950,1,1,1950
Ammar,Jamel,1950,1,1,1950
Ammar,Kacem,1950,1,1,1950
Ammar,Khaznaji,1950,1,1,1950
Ammar,Mamlouk,1950,1,1,1950
Ammar,Mrad,1950,1,1,1950
Ammar,Rassaa,1950,1,1,1950
Ammar,Sedrine,1950,1,2,1900
Ammar,Soltane,1950,1,1,1950
Amor,Bouraoui,1950,1,1,1950
Amor,Chaari,1950,1,2,1875
Amor,Chiboub,1950,1,1,1950
Amor,Kacem,1950,1,1,1950
Amor,Zarouane,1950,1,1,1950
Amraoui,Mokdad,1950,1,1,1950
Anane,Bahroun,1950,1,1,1950
Anane,Boujemaa,1950,1,1,1950
Annabi,Bahri,1950,1,1,1950
Annabi,Bouhaouala,1950,1,1,1950
Annabi,Essebsi,1950,1,1,1950
Annabi,Kassar,1950,1,1,1950
Annabi,Slimane,1950,1,1,1950
Arbia,Mrad,1950,1,1,1950
Arfa,Cherif,1950,1,1,1950
Arfa,Denguezli,1950,1,1,1950
Arfa,Jaafar,1950,1,1,1950
Ariguib,Saad,1950,1,1,1950
Arous,Hachani,1950,1,1,1950
Asli,Bennani,1950,1,1,1950
Asli,Gafsi,1950,1,1,1950
Asli,Khaled,1950,1,1,1950
Asli,Laribi,1950,1,1,1950
Asli,Tebourbi,1950,1,1,1950
Asmi,Azizi,1950,1,1,1950
Asses,Hayder,1950,1,1,1950
Asses,Mehiri,1950,1,1,1950
Atallah,Dhif,1950,1,1,1950
Atallah,Mrabet,1950,1,2,1925
Attaoui,Glenza,1950,1,1,1950
Attia,Jamel,1950,1,1,1950
Attia,Ketari,1950,1,1,1950
Attia,Touzani,1950,1,1,1950
Ayachi,Chiboub,1950,1,1,1950
Ayadi,Bey,1950,1,1,1950
Ayadi,Ellouze,1950,1,1,1950
Ayadi,Mahmoud,1950,1,1,1950
Ayadi,Oueslati,1950,1,1,1950
Ayari,Darghouth,1950,1,2,1925
Ayari,Kotrane,1950,1,2,1900
Ayari,Mustapha,1950,1,1,1950
Ayed,Baïram,1950,1,1,1950
Ayed,Bradai,1950,1,1,1950
Ayed,Chiboub,1950,1,1,1950
Ayed,Denguezli,1950,1,1,1950
Ayed,Esseghir,1950,1,1,1950
Ayed,Khelifa,1950,1,1,1950
Ayed,Ladjimi,1950,1,1,1950
Ayed,Morançais,1950,1,1,1950
Ayed,Omrane,1950,1,1,1950
Ayed,Slama,1950,1,1,1950
Ayed,Smida,1950,1,1,1950
Ayoub,Kasbi,1950,1,1,1950
Ayoub,Mabrouk,1950,1,1,1950
Ayoub,Mrad,1950,1,1,1950
Azaiez,Elloumi,1950,1,1,1950
Azaiez,Oueslati,1950,1,1,1950
Azaïez,Mrad,1950,1,1,1950
Azizi,Jouhri,1950,1,1,1950
Azouz,Bennani,1950,1,1,1950
Azouz,Dhib,1950,1,1,1950
Azouz,Erraiess,1950,1,1,1950
Azouz,Hantous,1950,1,1,1950
Azouz,Khemiri,1950,1,1,1950
Azouz,Mechim,1950,1,1,1950
Azouz,Mzah,1950,1,1,1950
Azzabi,Bey,1950,1,1,1950
Azzabi,Nakaa,1950,1,1,1950
Azzouz,Djaziri,1950,1,1,1950
Azzouz,Elloumi,1950,1,1,1950
Azzouz,Zouidi,1950,1,1,1950
Aïssa,Zerzeri,1950,1,1,1950
Aïssia,Chaari,1950,1,1,1950
Babay,Kolsi,1950,1,1,1950
Babbou,Ketari,1950,1,1,1950
Baccar,Belhouane,1950,1,1,1950
Baccouche,Essoussi,1950,1,1,1950
Bacha,Belhadj,1950,1,1,1950
Bacha,Bouslama,1950,1,1,1950
Bacha,Dhouib,1950,1,1,1950
Bahi,Snoussi,1950,1,1,1950
Bahri,Boufares,1950,1,1,1950
Bahri,Darghouth,1950,2,2,1950
Bahri,Dridi,1950,1,1,1950
Bahri,Fazaa,1950,1,1,1950
Bahri,Yedder,1950,1,1,1950
Bahroun,Hadada,1950,1,1,1950
Bahroun,Khaddar,1950,1,1,1950
Bahroun,Khayat,1950,1,1,1950
Bahroun,Marzouki,1950,1,1,1950
Baltagi,Khouini,1950,1,1,1950
Balti,Chiboub,1950,1,1,1950
Balti,Yacoubi,1950,1,1,1950
Baly,Mrad,1950,1,1,1950
Baoueb,Cherif,1950,1,1,1950
Baraket,Mouaffak,1950,1,2,1925
Bassalah,Bey,1950,1,1,1950
Bassem,Naji,1950,1,1,1950
Bauer,Zakour,1950,1,1,1950
Bedoui,Miled,1950,1,1,1950
Belajouza,Ghachem,1950,1,1,1950
Belhadj,Souayah,1950,1,1,1950
Belhadj,Tirari,1950,1,1,1950
Belhadj,Trabelsi,1950,2,2,1950
Belhadj,Zeddini,1950,1,1,1950
Belhadjamor,Hassen,1950,1,1,1950
Belhouane,Bouderba,1950,1,1,1950
Belhouane,Brahem,1950,1,1,1950
Belkacem,Salem,1950,1,1,1950
Belkadhi,Glenza,1950,1,1,1950
Belkadhi,Jegham,1950,1,1,1950
Belkadhi,Trabelsi,1950,1,1,1950
Belkahia,Mrabet,1950,1,1,1950
Belkhodja,Bey,1950,1,1,1950
Belkhodja,Chekir,1950,1,1,1950
Belkhodja,Gaâloul,1950,1,1,1950
Belkhodja,Hassine,1950,1,1,1950
Belkhodja,Khouini,1950,1,1,1950
Belkhodja,Mhirsi,1950,1,1,1950
Belkhodja,Slama,1950,1,1,1950
Bellagha,Berrachid,1950,1,1,1950
Bellalah,Jegham,1950,1,1,1950
Bellamine,Chahed,1950,1,1,1950
Bellamine,Cherif,1950,1,1,1950
Bellamine,Hafsia,1950,1,1,1950
Bellamine,Hentati,1950,1,2,1875
Bellamine,Kchouk,1950,1,1,1950
Bellamine,Kouki,1950,1,1,1950
Bellamine,Laamari,1950,1,1,1950
Belochi,Mrad,1950,1,1,1950
Bennour,Ennigrou,1950,1,1,1950
Bennour,Houissa,1950,1,1,1950
Bergaoui,Bouslama,1950,1,1,1950
Berrim,Boukardougha,1950,1,2,1925
Besbes,Chouchene,1950,1,1,1950
Besbes,Mâatouk,1950,1,1,1950
Beskok,Mrad,1950,1,1,1950
Bessaies,Mouaffak,1950,1,1,1950
Bey,Boujemaa,1950,1,1,1950
Bey,Chaouch,1950,1,1,1950
Bey,Chargui,1950,1,1,1950
Bey,Cherif,1950,1,4,1900
Bey,Danielle,1950,1,1,1950
Bey,Douik,1950,1,1,1950
Bey,Ennabli,1950,1,1,1950
Bey,Ennigrou,1950,1,1,1950
Bey,Fakhfakh,1950,1,2,1925
Bey,Gara,1950,1,7,1850
Bey,Ghali,1950,1,1,1950
Bey,Gorgi,1950,1,1,1950
Bey,Guetat,1950,1,1,1950
Bey,Hachaichi,1950,1,2,1925
Bey,Hamba,1950,1,1,1950
Bey,Helali,1950,1,1,1950
Bey,Hellali,1950,1,1,1950
Bey,Hfaïedh,1950,1,1,1950
Bey,Kaaniche,1950,1,1,1950
Bey,Kahia,1950,1,7,1825
Bey,Khalfet,1950,1,1,1950
Bey,Kortobi,1950,1,1,1950
Bey,Lajimi,1950,2,2,1950
Bey,Ledoux,1950,1,1,1950
Bey,Loubiri,1950,1,1,1950
Bey,Louzir,1950,1,1,1950
Bey,Mabire,1950,1,1,1950
Bey,Magliano,1950,1,1,1950
Bey,Maherzia,1950,1,1,1950
Bey,Martin,1950,1,1,1950
Bey,Mehaoued,1950,1,1,1950
Bey,Mejri,1950,1,1,1950
Bey,Messaadi,1950,2,2,1950
Bey,Mihoub,1950,1,1,1950
Bey,Miled,1950,1,1,1950
Bey,Mnakbi,1950,1,1,1950
Bey,Nadal,1950,1,1,1950
Bey,Nakaa,1950,1,1,1950
Bey,Nouri,1950,1,1,1950
Bey,Ramos,1950,1,1,1950
Bey,Romdhane,1950,1,1,1950
Bey,Sabbagh,1950,1,2,1925
Bey,Salama,1950,1,1,1950
Bey,Selmi,1950,1,1,1950
Bey,Shili,1950,1,1,1950
Bey,Tlili,1950,1,1,1950
Bey,Tnani,1950,1,1,1950
Bey,Zahouani,1950,1,1,1950
Bey,Zakraoui,1950,1,1,1950
Bey,Zbidi,1950,1,1,1950
Bey,Zouaoui,1950,1,2,1725
Bezdah,Jaafar,1950,1,1,1950
Beznine,Boujemaa,1950,1,1,1950
Bhouri,Guiza,1950,1,1,1950
Bhouri,Mahmoud,1950,1,1,1950
Binous,Guiza,1950,1,1,1950
Bizid,Ouanes,1950,1,1,1950
Bkalti,Tabbane,1950,1,1,1950
Blaiech,Ennigrou,1950,1,1,1950
Blaiech,Klibi,1950,1,1,1950
Bouabid,Fadhel,1950,1,1,1950
Bouaouaja,Zaghouani,1950,1,1,1950
Bouassida,Tirari,1950,1,1,1950
Bouattour,Chebbi,1950,1,1,1950
Bouattour,Dorbec,1950,1,1,1950
Bouattour,Zeineddine,1950,1,1,1950
Bouchnak,Zarrouk,1950,1,1,1950
Boudabbous,Chamakh,1950,1,1,1950
Boudabbous,Gmati,1950,1,1,1950
Boudabbous,Guetat,1950,1,1,1950
Boudabbous,Jerad,1950,1,1,1950
Boudabbous,Khemiri,1950,1,1,1950
Boudabbous,Kramer,1950,1,1,1950
Boudabbous,Morchdi,1950,1,1,1950
Boudabbous,Naouali,1950,1,1,1950
Bouderbala,Khelifa,1950,1,1,1950
Boudhina,Boulares,1950,1,1,1950
Boufares,Bourguiba,1950,1,1,1950
Boufares,Hassine,1950,1,1,1950
Boufares,Louki,1950,1,1,1950
Boufares,Mehidi,1950,1,1,1950
Boughanmi,Salah,1950,1,1,1950
Boughedir,Jelili,1950,1,1,1950
Bouhachem,Guebila,1950,1,1,1950
Bouhachem,Meherzi,1950,1,1,1950
Bouhejba,Hayder,1950,1,1,1950
Bouhejba,Letaïef,1950,1,1,1950
Bouhejba,Zbouna,1950,1,1,1950
Bouhlila,Glenza,1950,1,1,1950
Boujbel,Khouja,1950,1,1,1950
Boujemaa,Ghorbel,1950,1,1,1950
Boujemaa,Ladgham,1950,1,1,1950
Boujemaa,Miled,1950,1,1,1950
Boukef,Cherif,1950,1,1,1950
Boukef,Jaafar,1950,1,2,1900
Bouraoui,Ghoul,1950,1,1,1950
Bouratbine,Saidi,1950,1,1,1950
Bourguiba,Kacem,1950,1,1,1950
Bourigua,Turkia,1950,1,1,1950
Bouslama,Chakroun,1950,1,1,1950
Bouslama,Romdhane,1950,1,1,1950
Bouslama,Zid,1950,1,1,1950
Boussen,Khaddar,1950,1,1,1950
Boutara,Sghaier,1950,1,1,1950
Bouzakoura,Hamza,1950,1,1,1950
Bouzakoura,Jerbi,1950,1,1,1950
Braham,Chedli,1950,1,1,1950
Brigui,Tounsi,1950,1,1,1950
Chaabane,Elloumi,1950,1,1,1950
Chaabane,Jelili,1950,1,1,1950
Chaabane,Lamine,1950,1,1,1950
Chaabane,Miled,1950,1,1,1950
Chaabane,Yahia,1950,1,1,1950
Chaabane,Yahmed,1950,1,1,1950
Chaar,Cherif,1950,1,1,1950
Chaar,Karoui,1950,1,1,1950
Chaari,Driss,1950,1,1,1950
Chaari,Miled,1950,1,2,1900
Chaari,Ouertani,1950,1,1,1950
Chadou,Daoud,1950,1,1,1950
Chadou,Mahmoud,1950,1,2,1925
Chagouani,Troudi,1950,1,1,1950
Chahed,Dahmouni,1950,1,1,1950
Chahed,Mhedhbi,1950,1,1,1950
Chahed,Rassaa,1950,1,1,1950
Chaieb,Chedli,1950,1,1,1950
Chaker,Slimane,1950,1,1,1950
Chakroun,Elloumi,1950,1,1,1950
Chamakh,Khouaja,1950,1,1,1950
Chamakh,Sabbagh,1950,1,1,1950
Chamakh,Sadfi,1950,1,1,1950
Chamari,Ezzeddine,1950,1,1,1950
Chaouch,Chelbi,1950,1,1,1950
Chaouch,Mrad,1950,1,1,1950
Chaouche,Ennigrou,1950,1,1,1950
Charfi,Jaouada,1950,1,1,1950
Charfi,Miaoui,1950,1,1,1950
Charrad,Mrad,1950,1,2,1925
Charradi,Esseghir,1950,1,1,1950
Chatti,Lakhoua,1950,1,1,1950
Chatti,Youssef,1950,1,1,1950
Chaâbane,Hachicha,1950,1,1,1950
Chebbi,Khouini,1950,1,1,1950
Chebbi,Zitouna,1950,1,1,1950
Chebil,Larouchi,1950,1,1,1950
Chebil,Longo,1950,1,1,1950
Chebil,Saïed,1950,1,1,1950
Chedli,Debbiche,1950,1,1,1950
Chedli,Gharbi,1950,1,1,1950
Chedli,Rassaa,1950,1,1,1950
Chedli,Slamia,1950,1,1,1950
Chehida,Ezzine,1950,1,1,1950
Cheikh,Denguezli,1950,1,1,1950
Cheikh,Farah,1950,1,1,1950
Cheikh,Hachicha,1950,1,1,1950
Chekili,Rejab,1950,1,1,1950
Chelli,Mellouli,1950,1,1,1950
Chelli,Zouari,1950,1,1,1950
Cherichi,Hachani,1950,1,1,1950
Cherif,Dziri,1950,1,1,1950
Cherif,Hamdoun,1950,1,1,1950
Cherif,Ismail,1950,1,1,1950
Cherif,Katlane,1950,1,1,1950
Cherif,Khemir,1950,1,1,1950
Cherif,M'Rad,1950,1,1,1950
Cherif,Mahjoub,1950,1,1,1950
Cherif,Mansour,1950,1,1,1950
Cherif,Massoud,1950,1,1,1950
Cherif,Mrad,1950,1,2,1925
Cherif,Mziou,1950,1,1,1950
Cherif,Naouali,1950,1,1,1950
Cherif,Riahi,1950,1,5,1900
Cherif,Samoud,1950,1,1,1950
Cherif,Sbaouelgi,1950,1,1,1950
Cherif,Slimane,1950,1,1,1950
Cherif,Tnani,1950,1,1,1950
Cherif,Troudi,1950,1,2,1925
Cherif,Zaafrani,1950,1,3,1925
Cherif,Zakkaria,1950,1,1,1950
Cherif,Zmerli,1950,1,1,1950
Cherifa,Karrech,1950,1,1,1950
Cherifa,Ouahchi,1950,1,2,1925
Cherifa,Riahi,1950,1,1,1950
Cherifa,Turkia,1950,1,1,1950
Cheriki,Kassar,1950,1,1,1950
Chiboub,Euch,1950,1,1,1950
Chiboub,Logani,1950,1,1,1950
Chiboub,Mouelhi,1950,1,1,1950
Chiboub,Turkia,1950,1,1,1950
Chouaieb,Snoussi,1950,1,1,1950
Chouk,Khouini,1950,1,1,1950
Chrita,Lamine,1950,1,1,1950
Class,Mlouka,1950,1,1,1950
Cornu,Mahjoub,1950,1,1,1950
Dakhlaoui,Maaref,1950,1,1,1950
Dakhlaoui,Tahri,1950,1,1,1950
Damergi,Krarti,1950,1,1,1950
Darghouth,Kahia,1950,2,2,1950
Darghouth,Miled,1950,1,1,1950
Darghouth,Mokaddem,1950,1,1,1950
Darghouth,Salem,1950,1,1,1950
Darghouth,Zaouia,1950,1,1,1950
Darwazah,Gargouri,1950,1,1,1950
Dassi,Gaigi,1950,1,1,1950
Debbabi,Trimèche,1950,1,1,1950
Debbeche,Katlane,1950,1,1,1950
Dellagi,Malouche,1950,1,1,1950
Derbal,Mrad,1950,1,1,1950
Dhaoui,Mrad,1950,1,1,1950
Dhiab,Ghachem,1950,1,1,1950
Dhiaf,Klibi,1950,1,1,1950
Dhiaf,Snoussi,1950,1,1,1950
Dhiaf,Zakour,1950,1,1,1950
Dhif,Riahi,1950,1,1,1950
Dhouibi,Mghirbi,1950,1,1,1950
Dimassi,Zakour,1950,1,1,1950
Djaït,Omrane,1950,1,1,1950
Djaït,Salem,1950,1,1,1950
Djemali,Fellah,1950,1,1,1950
Djemali,Jemour,1950,1,1,1950
Djemali,Kateb,1950,1,1,1950
Djemali,Khalsi,1950,1,1,1950
Djemali,Romdhane,1950,1,1,1950
Djemali,Shiha,1950,1,1,1950
Djhane,Lamine,1950,1,1,1950
Djilani,Khanchel,1950,1,1,1950
Djilani,Mami,1950,1,1,1950
Doghri,Driss,1950,1,1,1950
Doghri,Khalsi,1950,1,1,1950
Doghri,Laouirine,1950,1,1,1950
Doghri,Trad,1950,1,1,1950
Douagi,Hanachi,1950,1,1,1950
Dougaz,Ettabaa,1950,1,1,1950
Dougaz,Ezzine,1950,1,1,1950
Driss,Kilani,1950,1,1,1950
Drissi,Katlane,1950,1,1,1950
Dupuis,Maaref,1950,1,1,1950
Dziri,Ennaifer,1950,1,1,1950
Dziri,Kallel,1950,1,1,1950
Dziri,Lejri,1950,1,1,1950
Dziri,Richez,1950,1,1,1950
Elaoud,Hached,1950,1,1,1950
Ellili,Naji,1950,1,1,1950
Elloumi,Ghoul,1950,1,1,1950
Elloumi,Kamoun,1950,1,1,1950
Elloumi,Mziou,1950,1,1,1950
Elloumi,Naji,1950,1,2,1900
Elloumi,Rekik,1950,1,1,1950
Ennabli,Kolsi,1950,1,1,1950
Ennaifer,Romdhane,1950,1,1,1950
Ennaifer,Touzani,1950,1,1,1950
Ennigrou,Ezzeddine,1950,1,1,1950
Ennigrou,Haddad,1950,1,1,1950
Ennigrou,Kabani,1950,1,1,1950
Ennigrou,Kaidi,1950,1,1,1950
Ennigrou,Karoui,1950,1,2,1900
Ennigrou,Larnaout,1950,1,1,1950
Ennigrou,Materi,1950,1,1,1950
Ennigrou,Mouscou,1950,1,1,1950
Ennigrou,Ouali,1950,1,1,1950
Ennigrou,Salem,1950,1,1,1950
Ennouri,Messaoudi,1950,1,1,1950
Ennouri,Tebourbi,1950,1,1,1950
Errais,Sanhaji,1950,1,1,1950
Errais,Triki,1950,1,1,1950
Espada,Mrad,1950,1,1,1950
Essaddam,Gorgi,1950,1,1,1950
Essadem,Labbane,1950,1,1,1950
Essafi,Kallel,1950,1,1,1950
Essafi,Rassaa,1950,1,1,1950
Essafi,Rekik,1950,1,1,1950
Essafi,Slama,1950,1,1,1950
Essebsi,Fourati,1950,1,1,1950
Essebsi,Hassen,1950,1,1,1950
Essebsi,Riahi,1950,1,1,1950
Essebsi,Salemi,1950,1,1,1950
Essebsi,Tebourbi,1950,1,1,1950
Esseghir,Hajri,1950,1,1,1950
Essid,Mbarek,1950,1,2,1925
Essid,Quintal,1950,1,1,1950
Ettabaa,Hajri,1950,1,1,1950
Ettabaa,Kharroubi,1950,1,1,1950
Ettabaa,Ksibi,1950,1,1,1950
Ettabaa,Martel,1950,1,1,1950
Ettabaa,Masmoudi,1950,1,1,1950
Ezzeddine,Khouja,1950,1,1,1950
Ezzine,Limam,1950,1,1,1950
Ezzine,Temimi,1950,1,1,1950
Fahoum,Romdhane,1950,1,1,1950
Fakher,Mahrez,1950,1,1,1950
Fakher,Sidoumou,1950,1,1,1950
Fakher,Slama,1950,1,1,1950
Fakhfakh,Mziou,1950,1,1,1950
Fallah,Helali,1950,1,1,1950
Fallah,Lamine,1950,1,1,1950
Farah,Kacem,1950,1,1,1950
Farah,Kotrane,1950,1,1,1950
Farah,Souissi,1950,1,1,1950
Farah,Zbouna,1950,1,3,1925
Farhat,Mestiri,1950,1,1,1950
Farhat,Troudi,1950,1,1,1950
Fegaier,Jamel,1950,1,1,1950
Fekih,Romdhane,1950,1,1,1950
Fendri,Kamoun,1950,1,1,1950
Fendri,Trabelsi,1950,1,1,1950
Ferchiou,Yahia,1950,1,2,1900
Ferdjioui,Tnani,1950,1,1,1950
Fersi,Mghirbi,1950,1,1,1950
Fersi,Riahi,1950,1,1,1950
Filali,Gaigi,1950,1,1,1950
Fors,Mrad,1950,1,1,1950
Fourati,Kaddour,1950,1,2,1925
Fourti,Khadhar,1950,1,1,1950
Frini,Kallel,1950,1,1,1950
Frini,Kotrane,1950,1,1,1950
Frini,Logani,1950,1,1,1950
Frini,Rais,1950,1,1,1950
Froidefond,Romdhane,1950,1,1,1950
Gaafar,Hachaichi,1950,1,1,1950
Gaigi,Larguèche,1950,1,1,1950
Gaigi,Lecoq,1950,1,1,1950
Gaigi,Paciotti,1950,1,1,1950
Gaigi,Zemni,1950,1,1,1950
Gammoudi,Lassoued,1950,1,1,1950
Gammoudi,Miaoui,1950,1,1,1950
Gannouni,Mrad,1950,1,1,1950
Gara,Mzid,1950,1,1,1950
Gastli,Khaddar,1950,2,2,1950
Gastli,Lassoued,1950,1,4,1875
Gastli,Mghirbi,1950,1,4,1925
Gastli,Msaed,1950,1,1,1950
Gazzeh,Lioui,1950,1,1,1950
Gervais,Klibi,1950,1,1,1950
Ghachem,Hedda,1950,1,2,1900
Ghachem,Yedder,1950,1,1,1950
Ghachem,Zid,1950,1,1,1950
Ghali,Kotrane,1950,1,1,1950
Ghali,Salem,1950,1,1,1950
Gharbi,Kallel,1950,1,1,1950
Gharbi,Mrad,1950,1,1,1950
Ghariani,Guellouz,1950,1,2,1925
Ghedira,Ouanes,1950,1,1,1950
Ghodhbane,Kriaa,1950,1,1,1950
Ghodhbane,Sedrine,1950,1,1,1950
Ghomrassi,Mâatouk,1950,1,1,1950
Ghorbel,Kaddour,1950,1,1,1950
Ghorbel,Siala,1950,1,1,1950
Ghoul,Kacem,1950,1,1,1950
Ghoul,Mokrani,1950,1,1,1950
Glenza,Medimagh,1950,1,1,1950
Glenza,Rejab,1950,1,1,1950
Gordah,Hamza,1950,1,1,1950
Gordah,Khenissi,1950,1,1,1950
Gordah,Sabbagh,1950,1,1,1950
Gorgi,Hidoussi,1950,1,1,1950
Gorgi,Kaddour,1950,1,1,1950
Gorkey,Landjerit,1950,1,1,1950
Gueddas,Kilani,1950,1,1,1950
Gueddas,Siala,1950,1,1,1950
Guellaty,Jaafar,1950,1,1,1950
Guellaty,Rahma,1950,1,1,1950
Guellouz,Hachani,1950,1,1,1950
Guellouz,Skouri,1950,1,1,1950
Guerbâa,Guezmir,1950,1,1,1950
Guerbâa,Spasevsky,1950,1,1,1950
Guerfal,Zarrouk,1950,1,1,1950
Guezmir,Zaghdoudi,1950,1,1,1950
Haboubi,Romdhane,1950,1,1,1950
Hachaichi,Haouari,1950,1,1,1950
Hachaichi,Jedidi,1950,1,1,1950
Hachaichi,Karoui,1950,1,1,1950
Hachaichi,Miled,1950,1,1,1950
Hachaichi,Trimèche,1950,1,1,1950
Hachani,Marouki,1950,1,1,1950
Hached,Mechim,1950,1,1,1950
Hached,Mechri,1950,1,1,1950
Hachicha,Hamida,1950,1,1,1950
Hachicha,Mziou,1950,1,1,1950
Haddad,Hassoumi,1950,1,1,1950
Haddad,Kacem,1950,1,1,1950
Hadid,Meherzi,1950,1,1,1950
Haffani,Lasram,1950,1,1,1950
Haffani,Slama,1950,1,1,1950
Hafsia,Hamida,1950,1,1,1950
Hafsia,Turkia,1950,1,1,1950
Hafsia,Youssefi,1950,1,1,1950
Hajem,Jaafoura,1950,1,1,1950
Hajri,Messaoudi,1950,1,1,1950
Hamba,Jemail,1950,1,1,1950
Hamba,Jenayah,1950,1,1,1950
Hamba,Mziou,1950,1,1,1950
Hamba,Mzoughi,1950,1,1,1950
Hamda,Kchouk,1950,1,1,1950
Hamda,Youssef,1950,1,1,1950
Hamouda,Jaafoura,1950,1,1,1950
Hamoudia,Kriaa,1950,1,1,1950
Hamza,Hantous,1950,1,1,1950
Hamza,Labbane,1950,1,1,1950
Hamza,Mrad,1950,1,1,1950
Hanachi,Hassen,1950,1,1,1950
Hanachi,Khomsi,1950,1,1,1950
Hanachi,Medelgi,1950,1,1,1950
Hanachi,Trabelsi,1950,1,1,1950
Hantous,Zanned,1950,1,1,1950
Haouet,Lorenzetti,1950,1,1,1950
Haouet,Loukil,1950,1,1,1950
Hasni,Zaied,1950,1,1,1950
Hassairi,Snoussi,1950,1,1,1950
Hassairi,Youssef,1950,1,1,1950
Hassen,Kefi,1950,1,1,1950
Hassoumi,Khadhraoui,1950,1,1,1950
Hayder,Torjemane,1950,1,1,1950
Helali,Razgallah,1950,1,1,1950
Hemlati,Mrad,1950,1,1,1950
Houas,Messaadi,1950,1,1,1950
Idir,Labbane,1950,1,1,1950
Jaafoura,Saad,1950,1,1,1950
Jaouada,Landolsi,1950,1,1,1950
Jaouada,Mabrouk,1950,1,1,1950
Jaouada,Mohsni,1950,1,1,1950
Jaouada,Nabli,1950,1,1,1950
Jaouada,Zaghouani,1950,1,1,1950
Jaouada,Zekri,1950,1,1,1950
Jebari,Mrad,1950,1,1,1950
Jed,Zouhir,1950,1,1,1950
Jegham,Letaïef,1950,1,1,1950
Jegham,Logani,1950,1,1,1950
Jelili,Salah,1950,1,1,1950
Jemaa,Meziou,1950,1,1,1950
Jemai,Tahenti,1950,1,1,1950
Jemail,Salah,1950,1,1,1950
Jemiaa,Trabelsi,1950,1,1,1950
Jerad,Touzani,1950,1,1,1950
Jomni,Kchouk,1950,1,1,1950
Jonsson,Meherzi,1950,1,1,1950
Kaafar,Mrabet,1950,1,1,1950
Kabani,Zbouna,1950,1,1,1950
Kacem,Othman,1950,1,1,1950
Kacem,Schneider,1950,1,1,1950
Kacem,Soula,1950,1,1,1950
Kacem,Touzani,1950,1,1,1950
Kaddour,Yahia,1950,1,1,1950
Kahia,Smida,1950,1,1,1950
Kamel,Khouini,1950,1,1,1950
Kamoun,Khrouf,1950,1,1,1950
Kamoun,Kriaa,1950,1,1,1950
Kamoun,Mziou,1950,1,2,1925
Karoui,Mekki,1950,1,1,1950
Karoui,Mosrian,1950,1,1,1950
Karoui,Smaoui,1950,1,1,1950
Karoui,Srarfi,1950,1,1,1950
Karoui,Zafzouf,1950,1,1,1950
Kassar,Kedidi,1950,1,1,1950
Kassar,Shabou,1950,1,1,1950
Kassar,Slamia,1950,1,1,1950
Kassous,Mghirbi,1950,1,1,1950
Kastalli,Mahjoub,1950,1,1,1950
Katlane,Mamlouk,1950,1,1,1950
Kebakbi,Turkia,1950,1,1,1950
Kechaou,Kolsi,1950,1,1,1950
Kechrid,Kolsi,1950,1,1,1950
Kefi,Yahia,1950,1,1,1950
Kerkech,Medimagh,1950,1,1,1950
Ketari,Sassi,1950,1,1,1950
Khaled,Turki,1950,1,1,1950
Khalfet,Majoul,1950,1,1,1950
Khalfet,Yedder,1950,1,2,1925
Khattech,Klibi,1950,1,1,1950
Khattech,Moatemri,1950,1,1,1950
Khattech,Naili,1950,1,1,1950
Khattech,Ouenzerfi,1950,1,1,1950
Khattech,Ouertatani,1950,1,1,1950
Khedhiri,Zaghouani,1950,1,1,1950
Khedhri,Ouanes,1950,1,1,1950
Khefacha,Sedrine,1950,1,1,1950
Khelifa,Kilani,1950,1,1,1950
Khelifa,Mhedhbi,1950,1,1,1950
Khelil,Mrad,1950,1,2,1900
Khelil,Ouanes,1950,1,1,1950
Khemira,Ouanes,1950,1,1,1950
Khemiri,Triki,1950,1,1,1950
Khenissi,Sedrine,1950,1,1,1950
Khil,Romdhane,1950,1,1,1950
Khlass,Larbi,1950,1,1,1950
Khomsi,Tnani,1950,1,1,1950
Khouini,Kilani,1950,1,1,1950
Khouini,Malléjac,1950,1,1,1950
Khouini,Salem,1950,1,1,1950
Khouja,Sandli,1950,1,1,1950
Khouja,Sfaxi,1950,1,1,1950
Kilani,Ouanes,1950,1,1,1950
Kilani,Siala,1950,1,1,1950
Klibi,Laghmani,1950,1,1,1950
Klibi,Romdhane,1950,1,1,1950
Klibi,Tkhayat,1950,1,1,1950
Kmiha,Mechim,1950,1,1,1950
Kotrane,Zribi,1950,1,1,1950
Kourda,Saïed,1950,1,1,1950
Kourda,Srarfi,1950,1,1,1950
Krarti,Tnani,1950,1,1,1950
Kriaa,Mdhafer,1950,1,1,1950
Kridan,Tnani,1950,1,1,1950
Ktari,Slamia,1950,1,1,1950
Labbane,Nelson,1950,1,1,1950
Labidi,Talbi,1950,1,1,1950
Lachiheb,Riahi,1950,1,1,1950
Ladjimi,Malouche,1950,1,1,1950
Ladjimi,Zarrouk,1950,1,1,1950
Laghouil,Romdhane,1950,1,1,1950
Lahbib,Trabelsi,1950,1,1,1950
Lahouag,Yahmed,1950,1,1,1950
Lakhoua,Mouchet,1950,1,1,1950
Lakhoua,Nessir,1950,1,1,1950
Lakhoua,Snoussi,1950,1,1,1950
Lamine,Murzi,1950,1,1,1950
Lamine,Othmani,1950,1,1,1950
Lamine,Sabbagh,1950,1,1,1950
Lamine,Trad,1950,1,2,1900
Lamine,Yahia,1950,1,1,1950
Lamouchi,Larbi,1950,1,1,1950
Langar,Mrad,1950,1,2,1925
Larbi,Shili,1950,1,1,1950
Larguèche,Mamlouk,1950,1,1,1950
Laribi,Slama,1950,1,1,1950
Lasram,Louzir,1950,1,1,1950
Lasram,Miled,1950,1,1,1950
Lasram,Naouar,1950,1,1,1950
Lasram,Zezia,1950,1,1,1950
Leblond,Mrad,1950,1,1,1950
Lefi,Saada,1950,1,1,1950
Lejeune,Sedrine,1950,1,1,1950
Lengliz,Rejab,1950,1,1,1950
Letaïef,Nabli,1950,1,1,1950
Letaïef,Youssef,1950,1,1,1950
Likens,Zarrouk,1950,1,1,1950
Lioui,Rabbeh,1950,1,1,1950
Logani,Sidoumou,1950,1,1,1950
Logani,Thameur,1950,1,1,1950
Maamouri,Mrabet,1950,1,1,1950
Maaoui,Tnani,1950,1,1,1950
Mahdi,Sanchou,1950,1,1,1950
Mahjoub,Snoussi,1950,1,1,1950
Mahjoub,Trabelsi,1950,1,1,1950
Mahjoub,Vernet,1950,1,1,1950
Majouli,Troudi,1950,1,1,1950
Makhlouf,Miled,1950,1,4,1875
Makhlouf,Mrad,1950,2,5,1900
Makhlouf,Slimen,1950,1,2,1900
Makni,Mrad,1950,1,1,1950
Mannai,Tahri,1950,1,1,1950
Mansour,Meherzi,1950,1,1,1950
Mansouri,Messaoud,1950,1,1,1950
Materi,Toumi,1950,1,2,1925
Mbarek,Sebaï,1950,1,1,1950
Meddeb,Thabet,1950,1,1,1950
Meherzi,Souissi,1950,1,1,1950
Meherzi,Temimi,1950,1,1,1950
Meherzi,Trabelsi,1950,1,1,1950
Meherzi,Turki,1950,1,1,1950
Meherzi,Zbouna,1950,1,1,1950
Meliani,Slimane,1950,1,1,1950
Memmi,Mrad,1950,1,1,1950
Mezghani,Mziou,1950,1,1,1950
Mghirbi,Zaiane,1950,1,1,1950
Mheni,Razgallah,1950,1,1,1950
Miled,Saada,1950,2,2,1950
Mokaddem,Sedrine,1950,1,1,1950
Mokdad,Neffati,1950,1,1,1950
Mouaffak,Torjemane,1950,1,2,1875
Mouléh,Mrad,1950,1,1,1950
Mounadi,Riahi,1950,1,1,1950
Mourali,Zarrouk,1950,1,1,1950
Moussa,Ouanes,1950,1,1,1950
Mrad,Naanaa,1950,1,1,1950
Mrad,Rachid,1950,1,1,1950
Mrad,Sarsar,1950,2,2,1950
Mrad,Siragusa,1950,1,1,1950
Mrad,Zakraoui,1950,1,1,1950
Mrad,Zarrad,1950,1,1,1950
Mrad,Zouari,1950,1,1,1950
Mustapha,Zouhir,1950,1,1,1950
Mâatouk,Nebi,1950,1,1,1950
Mâatouk,Slamia,1950,1,1,1950
Naas,Robbana,1950,1,2,1925
Nacef,Trabelsi,1950,1,1,1950
Naffati,Turkia,1950,1,1,1950
Nahali,Troudi,1950,1,1,1950
Naji,Smadhi,1950,1,1,1950
Nefzi,Zouari,1950,1,1,1950
Nouri,Zid,1950,1,1,1950
Omrane,Triki,1950,1,1,1950
Ouni,Talbi,1950,1,1,1950
Rahal,Slimane,1950,1,1,1950
Razgallah,Turkia,1950,1,1,1950
Rejab,Samoud,1950,1,1,1950
Rejab,Tnani,1950,1,1,1950
Salem,Temimi,1950,1,1,1950
Salem,Youssef,1950,1,1,1950
Samandi,Zbouna,1950,1,1,1950
Sayadi,Slamia,1950,1,1,1950
Sedrine,Youssef,1950,1,1,1950
Slamia,Zouiten,1950,1,2,1900
Smida,Turki,1950,1,1,1950
Tnani,Toumi,1950,1,1,1950
Trabelsi,Zakiz,1950,1,1,1950
Tritar,Zid,1950,1,1,1950
Troudi,Yahia,1950,1,1,1950
Abarkan,Hochlef,1975,1,1,1975
Abbassi,Ouahchi,1975,1,1,1975
Abdallah,Bessaidi,1975,1,1,1975
Abdallah,Chérif,1975,1,1,1975
Abdallah,Ennigrou,1975,1,1,1975
Abdallah,Fahoum,1975,1,1,1975
Abdallah,Garland,1975,1,1,1975
Abdallah,Hlel,1975,1,1,1975
Abdallah,Mokdad,1975,1,1,1975
Abdelhedi,Glenza,1975,1,1,1975
Abdeljaoued,Fehri,1975,1,2,1900
Abdeljaoued,Krichen,1975,1,1,1975
Abdeljaoued,Lakhoua,1975,1,1,1975
Abdelkafi,Cheikh,1975,1,1,1975
Abdelkafi,Zghal,1975,1,1,1975
Abdelli,Essebsi,1975,1,1,1975
Abdelmoula,Bouraoui,1975,1,1,1975
Abdelmoumen,Oueslati,1975,1,1,1975
Abdelmoumen,Oukhay,1975,1,1,1975
Abdulhay,Mechri,1975,1,1,1975
Abed,Assia,1975,1,1,1975
Abed,Chahmi,1975,1,1,1975
Abed,Hadid,1975,1,1,1975
Abed,Kechiche,1975,1,1,1975
Abla,Asli,1975,1,1,1975
Accacha,Bouchoucha,1975,1,1,1975
Ach,Khedim,1975,1,1,1975
Ach,Othman,1975,1,1,1975
Achour,Belkhiria,1975,1,1,1975
Achour,Yedder,1975,1,1,1975
Addad,Gastli,1975,1,1,1975
Affes,Chahed,1975,1,1,1975
Aguerbi,Anane,1975,1,1,1975
Aguir,Troudi,1975,1,1,1975
Ahmed,Haddad,1975,1,1,1975
Ahres,Elloumi,1975,1,1,1975
Aissaoui,Ennigrou,1975,2,2,1975
Aissi,Ali,1975,1,1,1975
Akrout,Bahi,1975,1,1,1975
Akrout,Mzali,1975,1,1,1975
Akrout,Rakam,1975,1,1,1975
Ali,Chedli,1975,1,1,1975
Ali,Hamzi,1975,1,1,1975
Ali,Jaziri,1975,1,1,1975
Ali,Jelili,1975,1,1,1975
Ali,Ourimi,1975,1,1,1975
Allani,Amor,1975,1,1,1975
Allouache,Stambouli,1975,1,1,1975
Almi,Cherif,1975,1,1,1975
Amal,Labidi,1975,1,1,1975
Amara,Lahdhiri,1975,1,1,1975
Amara,Majdoub,1975,2,2,1975
Ammar,Debbiche,1975,1,1,1975
Ammar,Kallala,1975,1,1,1975
Ammar,Mahjoub,1975,1,1,1975
Ammar,Rejiba,1975,1,1,1975
Ammar,Yedder,1975,2,2,1975
Amor,Malek,1975,1,1,1975
Amor,Zaouak,1975,1,1,1975
Amri,Mâatouk,1975,1,1,1975
Anane,Ayari,1975,1,1,1975
Annabi,Belhadj,1975,1,1,1975
Annabi,Bey,1975,1,1,1975
Annabi,Gammar,1975,1,1,1975
Annabi,Kaddour,1975,1,1,1975
Annabi,Mouaffak,1975,1,1,1975
Annabi,Sahli,1975,1,1,1975
Aoued,Hamila,1975,1,1,1975
Aoun,Kammoun,1975,1,1,1975
Aoun,Mouaffak,1975,1,1,1975
Arfa,M'timet,1975,1,1,1975
Arfaoui,Daghfous,1975,1,1,1975
Argui,Hamza,1975,1,1,1975
Askar,Garnaoui,1975,1,1,1975
Asli,Bouassida,1975,1,1,1975
Asli,Boudabbous,1975,1,1,1975
Asli,Tekaya,1975,1,1,1975
Ateb,Jouini,1975,1,1,1975
Attia,Mahjoub,1975,1,1,1975
Ayachi,Jaafoura,1975,1,1,1975
Ayadi,Mrad,1975,1,1,1975
Ayed,Bousnina,1975,1,1,1975
Ayed,Cherif,1975,1,1,1975
Azaiez,Chennoufi,1975,1,1,1975
Azizi,Temimi,1975,1,1,1975
Azzabi,Tobji,1975,1,1,1975
Aïssa,Bahi,1975,1,1,1975
Aïssa,Yedder,1975,1,1,1975
Baaziz,Bouraoui,1975,1,1,1975
Baccouche,Cherif,1975,1,2,1925
Badr,Sbaouelgi,1975,1,1,1975
Bahri,Harran,1975,1,1,1975
Bahri,Ketata,1975,1,1,1975
Bahri,Koubaa,1975,1,1,1975
Bahri,Troudi,1975,1,1,1975
Bakini,Lahmer,1975,1,1,1975
Baklouti,Fazaa,1975,1,1,1975
Baklouti,Hafsia,1975,1,1,1975
Balaâ,Slimane,1975,1,1,1975
Baoueb,Riahi,1975,1,1,1975
Baraket,Mouaffak,1975,1,3,1925
Baraket,Torjemane,1975,1,1,1975
Basly,Hantous,1975,1,1,1975
Bata,Bouhafa,1975,1,1,1975
Belhadj,Mustapha,1975,1,1,1975
Belhadj,Zarrouk,1975,1,1,1975
Belhassine,Gharbi,1975,1,1,1975
Belhouane,Triki,1975,1,1,1975
Belhoul,Kobrosli,1975,1,1,1975
Belkahia,Gafsi,1975,1,1,1975
Belkhiria,Maalel,1975,1,1,1975
Belkhodja,Fazaa,1975,1,1,1975
Belkhodja,Morjane,1975,1,1,1975
Bellakhdher,Chahmi,1975,1,1,1975
Bellalouna,Mlayah,1975,1,1,1975
Bennani,Bouzouita,1975,1,1,1975
Bennani,Khelifa,1975,1,1,1975
Bennani,Majoul,1975,1,1,1975
Bennour,Sarsar,1975,1,1,1975
Benzarti,Zouiten,1975,1,1,1975
Berguiga,Slama,1975,1,1,1975
Besbes,Slamia,1975,1,1,1975
Bessaidi,Mouaffak,1975,1,1,1975
Bessghaier,Razgallah,1975,1,1,1975
Bessrour,Doghri,1975,1,1,1975
Bey,Cherif,1975,1,5,1900
Bey,Ghorbel,1975,1,1,1975
Bey,Ghoul,1975,1,1,1975
Bey,Hamrouni,1975,1,1,1975
Bey,Kamoun,1975,1,1,1975
Bey,Mrad,1975,1,1,1975
Bey,Torgemane,1975,1,1,1975
Bey,Younes,1975,1,1,1975
Bouaissi,Tabka,1975,2,2,1975
Bouaoija,Lajnef,1975,1,1,1975
Boubaker,Ghafferi,1975,1,1,1975
Boubaker,Mahmoud,1975,1,1,1975
Boubaker,Saloua,1975,1,1,1975
Boubaker,Sidoumou,1975,1,1,1975
Boubaker,Troudi,1975,1,1,1975
Bouden,Lasram,1975,1,1,1975
Boufeden,Glenza,1975,1,1,1975
Boughzou,Mghirbi,1975,1,1,1975
Bouhadida,Khaddar,1975,1,1,1975
Bouhaha,Dziri,1975,1,1,1975
Bouhaouala,Daghfous,1975,1,1,1975
Bouhejba,Guezmir,1975,1,1,1975
Bouhlel,Mlayah,1975,1,1,1975
Boujbel,Mahjoub,1975,1,1,1975
Boukardougha,Jebali,1975,1,1,1975
Boukardougha,Zouaoui,1975,1,1,1975
Boukef,Khil,1975,1,1,1975
Boukhris,Naji,1975,1,1,1975
Boumaiza,Cherif,1975,1,1,1975
Bouquilon,Maaoui,1975,1,1,1975
Bouraoui,Ghachem,1975,1,1,1975
Bouraoui,Ghaleb,1975,1,1,1975
Bouraoui,Mufti,1975,1,1,1975
Bouslama,Lamine,1975,1,1,1975
Bousnina,Makni,1975,1,1,1975
Boussaidi,Lamia,1975,1,1,1975
Bousselmi,Sanhaji,1975,1,1,1975
Bouthour,Jed,1975,1,1,1975
Boutiba,Mrad,1975,1,1,1975
Boutiba,Sahli,1975,1,1,1975
Bouzguenda,Hamila,1975,1,1,1975
Bouziri,Stambouli,1975,1,1,1975
Bouzrara,Mechri,1975,1,1,1975
Brahem,Hachicha,1975,1,1,1975
Brahem,Lachhab,1975,1,1,1975
Brahem,Minaoui,1975,1,1,1975
Brini,Jelili,1975,1,1,1975
Chaabane,Kassar,1975,1,1,1975
Chaabane,Maamouri,1975,1,1,1975
Chaalala,Youssef,1975,1,1,1975
Chabchoub,Letaïef,1975,1,1,1975
Chahed,Mahjoub,1975,1,1,1975
Chahed,Ouanes,1975,1,1,1975
Chahed,Rezgui,1975,1,1,1975
Chahmi,Drissi,1975,1,1,1975
Chahtour,Kammoun,1975,1,1,1975
Challouf,Cherif,1975,1,1,1975
Chamari,Lakhoua,1975,1,1,1975
Chamari,Sanaa,1975,1,1,1975
Charni,Trabelsi,1975,1,1,1975
Chatti,Hamila,1975,1,1,1975
Chatti,Hedhli,1975,1,1,1975
Chedli,Yedder,1975,1,1,1975
Cheikh,Kamel,1975,1,1,1975
Cheikhrouhou,Saiji,1975,1,1,1975
Chekir,Fendri,1975,1,1,1975
Cherif,Ettabaa,1975,1,1,1975
Cherif,Hamida,1975,1,1,1975
Cherif,Moalla,1975,1,1,1975
Cherif,Nejah,1975,1,1,1975
Cherif,Ouertani,1975,1,1,1975
Cherif,Rihane,1975,1,1,1975
Ching,Youssef,1975,1,1,1975
Coupet,Mabrouk,1975,1,1,1975
Daghfous,Jeribi,1975,1,1,1975
Daoudi,Troudi,1975,1,1,1975
Darghouth,Lasram,1975,1,1,1975
Darghouth,Tekaya,1975,1,1,1975
Daw,Mziou,1975,1,1,1975
Debbiche,Youssef,1975,1,1,1975
Dellagi,Medimagh,1975,1,1,1975
Derouiche,Mokaddem,1975,1,1,1975
Derouiche,Zaied,1975,1,1,1975
Dhambri,Ezzeddine,1975,1,1,1975
Dhrif,Kahia,1975,1,1,1975
Djait,Gharbi,1975,1,1,1975
Djellouli,Soltane,1975,1,1,1975
Doghri,Lakhoua,1975,1,1,1975
Doghri,Mami,1975,1,1,1975
Doghri,Soltane,1975,1,1,1975
Doghri,Zouari,1975,1,1,1975
Dziri,Kacem,1975,1,1,1975
Dziri,Sedrine,1975,1,1,1975
Ellili,Tej,1975,1,1,1975
Elloumi,Marzouk,1975,1,1,1975
Elloumi,Soltani,1975,1,1,1975
Elloumi,Zitouna,1975,1,1,1975
Ellouze,Slimane,1975,1,1,1975
Ely,Mahjoub,1975,1,1,1975
Emazabel,Marouki,1975,1,1,1975
Ennaifer,Haddouk,1975,1,1,1975
Ennaifer,Kazoula,1975,1,1,1975
Essafi,Mahjoub,1975,1,1,1975
Essaïes,Naceur,1975,1,1,1975
Essebsi,Farhat,1975,1,1,1975
Essebsi,Jemaa,1975,1,1,1975
Essebsi,Kamoun,1975,1,1,1975
Essid,Hemriti,1975,1,1,1975
Essid,Mahjoub,1975,1,1,1975
Essoussi,Meddeb,1975,1,1,1975
Euch,Lasram,1975,1,1,1975
Euchi,Yamak,1975,1,1,1975
Ezzeddine,Khaddar,1975,1,1,1975
Ezzeddine,Slimane,1975,1,1,1975
Ezzeddine,Zitouna,1975,1,1,1975
Fadhel,Jebali,1975,1,1,1975
Fadhel,Naceur,1975,1,1,1975
Fahoum,Mahmoud,1975,1,1,1975
Fakhfakh,Turkia,1975,1,1,1975
Farah,Jaziri,1975,1,1,1975
Farah,Zitouna,1975,1,1,1975
Farhat,Mehio,1975,1,1,1975
Ferchichi,Lejri,1975,1,1,1975
Ferchichi,Maghrebi,1975,1,1,1975
Fersi,Gharbi,1975,1,1,1975
Fouad,Zaher,1975,1,1,1975
Frad,Kamel,1975,1,1,1975
Friaa,Hammami,1975,1,1,1975
Frih,Gannouni,1975,1,1,1975
Frikha,Kassar,1975,1,1,1975
Gaamour,Khemiri,1975,1,1,1975
Gabroun,Hayder,1975,1,1,1975
Gannouni,Kahla,1975,1,1,1975
Gannouni,Tarifa,1975,1,1,1975
Garaali,Khaddar,1975,1,1,1975
Garnaoui,Jelloun,1975,1,1,1975
Garnaoui,Meddeb,1975,1,1,1975
Ghandri,Mahjoub,1975,1,1,1975
Gharbi,Karafi,1975,1,1,1975
Ghariani,Safra,1975,1,1,1975
Ghariani,Trigui,1975,1,1,1975
Ghariani,Yedder,1975,1,1,1975
Ghoul,Triki,1975,1,1,1975
Ghoul,Turki,1975,1,1,1975
Giorgiana,Jed,1975,1,1,1975
Glenza,Maaroufi,1975,1,1,1975
Gouider,Khaddar,1975,1,1,1975
Grasso,Zitouna,1975,1,1,1975
Guiga,Mabrouk,1975,1,1,1975
Guinet,Mouaffak,1975,1,1,1975
Habibi,Khemiri,1975,1,1,1975
Hachicha,Yedder,1975,1,1,1975
Hadid,Hamadi,1975,1,1,1975
Hadid,Ksontini,1975,1,1,1975
Hadid,Mergheni,1975,1,1,1975
Hajjami,Mouaffak,1975,1,1,1975
Hajji,Trabelsi,1975,1,1,1975
Hamba,Slimani,1975,1,1,1975
Hamba,Soula,1975,1,1,1975
Hammami,Sarsar,1975,1,1,1975
Hannachi,Saad,1975,1,1,1975
Haoues,Romdhane,1975,1,1,1975
Harzallah,Louati,1975,1,1,1975
Hayder,Sfar,1975,1,1,1975
Hayder,Zargouni,1975,1,1,1975
Hemriti,Khazzar,1975,1,1,1975
Hentati,Khelil,1975,1,1,1975
Hentati,Sfar,1975,1,1,1975
Hervé,Louzir,1975,1,1,1975
Hicheri,Khatteche,1975,1,1,1975
Hicheri,Osman,1975,1,2,1900
Jaafoura,Osman,1975,1,1,1975
Jaafoura,Sbaouelgi,1975,1,1,1975
Jalloun,Mlayah,1975,1,1,1975
Jebali,Kamel,1975,1,1,1975
Jebri,Kamel,1975,1,1,1975
Jed,Sebaï,1975,1,1,1975
Jed,Zlitni,1975,1,1,1975
Jedidi,Turkia,1975,1,1,1975
Jelassi,Stambouli,1975,1,1,1975
Jemaa,Khouini,1975,1,1,1975
Jemail,Saiji,1975,1,1,1975
Jemiaa,Mahjoub,1975,1,1,1975
Jemiaa,Yedder,1975,1,1,1975
Jouini,Riahi,1975,1,1,1975
Kacem,Saidi,1975,1,1,1975
Kamel,Slimene,1975,1,1,1975
Kamel,Touil,1975,1,1,1975
Kammoun,Zaïed,1975,1,1,1975
Karrech,Tahenti,1975,1,1,1975
Kassar,Slama,1975,1,1,1975
Kastalli,Slama,1975,1,1,1975
Kchouk,Mamlouk,1975,1,1,1975
Kchouk,Saafi,1975,1,1,1975
Kchouk,Zaibi,1975,1,1,1975
Kedadouche,M'timet,1975,1,1,1975
Khaddar,Messaoud,1975,1,1,1975
Khaddar,Rachdi,1975,1,1,1975
Khaled,Khalifa,1975,1,1,1975
Khayem,Marouki,1975,1,1,1975
Khouaja,Youssef,1975,1,1,1975
Khrouf,Razgallah,1975,1,1,1975
Kobrosli,Salah,1975,1,1,1975
Kobrosli,Zaïri,1975,1,1,1975
Kort,Mghirbi,1975,1,1,1975
Koutar,Razgallah,1975,1,1,1975
Krimi,Marouki,1975,1,1,1975
Labidi,Verena,1975,1,1,1975
Lakhal,Stambouli,1975,1,1,1975
Laouirine,Yedder,1975,1,1,1975
Lasram,Mansour,1975,1,1,1975
Lasram,Sellami,1975,1,1,1975
Lengliz,Temimi,1975,1,1,1975
Louati,Razgallah,1975,1,1,1975
Louzir,Yamak,1975,1,1,1975
Maamouri,Mrabet,1975,1,2,1950
Maaoui,Zid,1975,1,1,1975
Mahjoub,Saada,1975,1,1,1975
Mahjoub,Tebourbi,1975,1,1,1975
Mahjoub,Trabelsi,1975,1,2,1950
Mahjoub,Zarrouk,1975,1,1,1975
Majdoub,Mghirbi,1975,1,1,1975
Majoul,Tanfous,1975,1,1,1975
Makhlouf,Youssef,1975,1,1,1975
Medassi,Stambouli,1975,1,1,1975
Meddeb,Mokaddem,1975,1,1,1975
Mehdoui,Nacef,1975,1,1,1975
Mestiri,Osman,1975,1,1,1975
Mezgheni,Mghirbi,1975,1,1,1975
Mghaieth,Yedder,1975,1,1,1975
Mohamed,Sbaouelgi,1975,1,1,1975
Mokdad,Mâamouri,1975,1,1,1975
Mokdad,Zmitri,1975,1,1,1975
Mouaffak,Sidommou,1975,1,1,1975
Moujbani,Osman,1975,1,1,1975
Mourali,Tounsi,1975,1,1,1975
Mrabet,Negra,1975,1,1,1975
Mufti,Nejma,1975,1,1,1975
Mziou,Salem,1975,1,1,1975
Mzoughi,Sadfi,1975,1,1,1975
Méliani,Ouertatani,1975,1,1,1975
Méliani,Romdhane,1975,1,1,1975
Nefzi,Razgallah,1975,1,1,1975
Neïli,Stambouli,1975,1,1,1975
Rahal,Sidoumou,1975,1,1,1975
Redjeb,Riahi,1975,1,1,1975
Romdhane,Temimi,1975,1,1,1975
Sahli,Trabelsi,1975,1,1,1975
Sahnoun,Troudi,1975,1,1,1975
Saiji,Tnani,1975,1,1,1975
Samandi,Yahia,1975,1,1,1975
Sanhaji,Turkia,1975,1,1,1975
Sarsar,Souissi,1975,1,1,1975
Talhaoui,Zarrouk,1975,1,1,1975
Tanfous,Zarrouk,1975,1,1,1975
Temimi,Trabelsi,1975,1,1,1975
Temimi,Yakhou,1975,1,1,1975
Thraya,Zmerli,1975,1,1,1975
Trabelsi,Troudi,1975,1,1,1975
Tritar,d'Anna,1975,1,1,1975
Troudi,Zerig,1975,1,1,1975
Yedder,Zarrouk,1975,1,1,1975
Abdeljaoued,Malek,2000,1,1,2000
Abdeljaoued,Msaed,2000,1,1,2000
Abdeljaoued,Sakli,2000,1,1,2000
Amara,Yedder,2000,1,1,2000
Baccar,Moussa,2000,1,1,2000
Baffoun,Youssef,2000,1,1,2000
Bahri,Essoussi,2000,1,1,2000
Bahri,Fekih,2000,1,1,2000
Bahri,Hamdia,2000,1,1,2000
Bahri,Jabberi,2000,1,1,2000
Belhadj,Maaoui,2000,1,1,2000
Bessaies,Kchouk,2000,1,1,2000
Bouraoui,Chaabouni,2000,1,1,2000
Bouraoui,Methemem,2000,1,1,2000
Bouraoui,Said,2000,1,1,2000
Bouzayen,Ghachem,2000,1,1,2000
Chaaba,Hamdia,2000,1,1,2000
Chebil,Mouaffak,2000,2,2,2000
Cherif,Darghouth,2000,1,2,1925
Darghouth,Seklani,2000,1,1,2000
Drissi,Maaoui,2000,1,1,2000
Fehri,Ghrairi,2000,1,1,2000
Fehri,Lanouar,2000,1,1,2000
Fekih,Hamdia,2000,1,1,2000
Ghachem,Seklani,2000,1,1,2000
Ghachem,Zaanouni,2000,1,1,2000
Hajjami,Torjemane,2000,1,1,2000
Harzallah,Moussa,2000,1,1,2000
Kamoun,Kechrid,2000,1,1,2000
Kchouk,Miled,2000,1,1,2000
Kechrid,Zenaidi,2000,1,1,2000
M'Rad,Miled,2000,1,1,2000
Marchaoui,Moussa,2000,1,1,2000
Mellouli,Moussa,2000,1,1,2000
Miled,Zakour,2000,1,1,2000
Moussa,Sakli,2000,1,1,2000
Moussa,Skhiri,2000,1,1,2000
Moussa,Slamia,2000,1,1,2000
Mzali,Slama,2000,1,1,2000
Aissa,Mrabet,2025,1,1,2025
Ali,Maamouri,2025,1,2,1850
Chaabane,Ghachem,2025,1,1,2025
Chaabane,Hammi,2025,1,1,2025
Chaabane,Kateb,2025,1,1,2025
Chaabane,Maherzi,2025,1,1,2025
Chaabane,Mrabet,2025,1,1,2025
Manai,Mrabet,2025,1,1,2025
Meddeb,Mrabet,2025,1,1,2025
Mrabet,Saidi,2025,1,1,2025
