family_a,family_b,marriages
Bey,Hayder,10
Bey,Gara,7
Bey,Kahia,7
Bey,Cherif,5
Bey,Khaznadar,5
Cherif,Riahi,5
Makhlouf,Mrad,5
Bey,Darghouth,4
Bey,Lahbib,4
Bey,Zakkaria,4
Gastli,Lassoued,4
Gastli,Mghirbi,4
Makhlouf,Miled,4
Mrad,Zidi,4
Ahmed,Larguèche,3
Almi,Hentati,3
Alouini,Fourati,3
Amer,Bahroun,3
Amor,Mrad,3
Atallah,Mrabet,3
Ayed,Kourda,3
Azzouz,Bey,3
Baraket,Mouaffak,3
Bey,Khodja,3
Bouhadra,Mahmoud,3
Chaari,Hemriti,3
Chaari,Mahjoub,3
Chaari,Mrad,3
Chahtour,Hemriti,3
Chelaifa,Romdhane,3
Cherif,Zaafrani,3
Ezzine,Jazi,3
Farah,Zbouna,3
Harzallah,Laouiti,3
Miled,Mrad,3
Abassi,Bey,2
Abdallah,Chaouachi,2
Abdallah,Redissi,2
Abdeljaoued,Fehri,2
Abdelkafi,Salah,2
Abdelli,Mlouka,2
Abdelmoumen,Naji,2
Achour,Bacha,2
Achour,Mrad,2
Ahmed,Haddad,2
Aissaoui,Ennigrou,2
Akrout,Kallel,2
Ali,Maamouri,2
Alouini,Atallah,2
Amara,Majdoub,2
Ammar,Bouderbala,2
Ammar,Brahim,2
Ammar,Errais,2
Ammar,Hachaichi,2
Ammar,Sedrine,2
Ammar,Yedder,2
Amor,Chaari,2
Amor,Gueddiche,2
Amor,Zidi,2
Ariguib,Kebir,2
Atallah,Fourati,2
Ayadi,Djilani,2
Ayari,Darghouth,2
Ayari,Kotrane,2
Ayed,Salah,2
Azzouz,Zarrouk,2
Baccouche,Cherif,2
Bahri,Darghouth,2
Bahroun,Ezzine,2
Bahroun,Jazi,2
Bahroun,Mghirbi,2
Bahroun,Slama,2
Balti,Belochi,2
Basti,Saiji,2
Beji,Mabrouk,2
Belhadj,Trabelsi,2
Belhouane,Sfar,2
Belkadhi,Darghouth,2
Belkhodja,Mamlouk,2
Bellamine,Darghouth,2
Bellamine,Hentati,2
Benjabr,Sghaier,2
Berraiess,Bey,2
Berrim,Boukardougha,2
Berrim,Mzoughi,2
Bessaies,Takali,2
Bey,Chaker,2
Bey,Fakhfakh,2
Bey,Fatima,2
Bey,Hachaichi,2
Bey,Haddad,2
Bey,Hassoumi,2
Bey,Lajimi,2
Bey,Mamlouk,2
Bey,Maria,2
Bey,Messaadi,2
Bey,Radhouane,2
Bey,Sabbagh,2
Bey,Zarrouk,2
Bey,Zouaoui,2
Blaiech,Trabelsi,2
Bornaz,Larguèche,2
Bouaissi,Tabka,2
Boukef,Jaafar,2
Bouraoui,Said,2
Bousnina,Thabet,2
Boutiba,Chaouch,2
Chaari,Hmida,2
Chaari,Miled,2
Chadou,Mahmoud,2
Chaouch,Sfar,2
Charrad,Mrad,2
Chebil,Hayder,2
Chebil,Mouaffak,2
Chedli,Gharbi,2
Chelaifa,Zardoumi,2
Chelbi,Khaznadar,2
Cherif,Darghouth,2
Cherif,Halouani,2
Cherif,Mrad,2
Cherif,Rejab,2
Cherif,Troudi,2
Cherifa,Ouahchi,2
Cherifa,Zbidi,2
Chiboub,Zid,2
Chtioui,Driss,2
Darghouth,Dziri,2
Darghouth,Hentati,2
Darghouth,Kahia,2
Dhiaf,Djait,2
Djilani,Karoui,2
Dziri,Mrabet,2
Dziri,Sahli,2
Elloumi,Naji,2
Ennigrou,Karoui,2
Ennigrou,Lakhoua,2
Ennigrou,Larbi,2
Errais,Maamer,2
Essaidi,Hanafi,2
Essid,Mbarek,2
Essid,Osman,2
Ettabaa,Osman,2
Euch,Lasram,2
Ezzine,Mbarek,2
Ezzine,Mghirbi,2
Ezzine,Zitouna,2
Fallah,Khalsi,2
Fayache,Lamine,2
Fayache,Mabrouk,2
Fedhila,Zaafrani,2
Ferchiou,Yahia,2
Fourati,Kaddour,2
Gastli,Khaddar,2
Ghachem,Hedda,2
Gharbi,Zid,2
Ghariani,Guellouz,2
Gmach,Guiga,2
Gueddiche,Hemriti,2
Gueddiche,Miled,2
Guiga,Hchim,2
Hachaichi,Jaafar,2
Hamouda,Jaouada,2
Hanachi,Mahmoud,2
Hanafi,Zehani,2
Hassouna,Redissi,2
Hechmi,Zarraa,2
Hemriti,Hmida,2
Hentati,Kallel,2
Hentati,Mziou,2
Hicheri,Osman,2
Jaafar,Katlane,2
Jemaa,Mamlouk,2
Jemail,Klibi,2
Kacem,Osman,2
Kahia,Kooli,2
Kalfat,Mlouka,2
Kamoun,Mziou,2
Karoui,Khessaïri,2
Karoui,Meddeb,2
Katlane,Temimi,2
Khachlouf,Mrad,2
Khalfet,Yedder,2
Khayati,Lazrak,2
Khelil,Mrad,2
Kriaa,Siala,2
Lamine,Trad,2
Langar,Mrad,2
Maamouri,Marzoug,2
Maamouri,Mrabet,2
Maamouri,Zitouna,2
Mahjoub,Trabelsi,2
Makhlouf,Slimen,2
Makhlouf,Zidi,2
Makni,Mrad,2
Materi,Toumi,2
Miled,Saada,2
Miled,Zidi,2
Mouaffak,Saighi,2
Mouaffak,Torjemane,2
Mrabet,Zouabi,2
Mrad,Ouertani,2
Mrad,Sarsar,2
Naas,Robbana,2
Selmene,Younes,2
Slamia,Zouiten,2
Aba,Bouslama,1
Abarkan,Hochlef,1
Abassi,Charfi,1
Abassi,Cherif,1
Abassi,Dhiafat,1
Abassi,Hayder,1
Abassi,Herbin,1
Abassi,Jerad,1
Abassi,Kallel,1
Abassi,Khessaïri,1
Abassi,Mamoghli,1
Abassi,Touzani,1
Abassi,Zakour,1
Abbar,Asmi,1
Abbas,Fennira,1
Abbassi,Bouthour,1
Abbassi,Cherif,1
Abbassi,Karoui,1
Abbassi,Ouahchi,1
Abbes,Blaiech,1
Abbes,Nouira,1
Abbes,Osman,1
Abbou,Bey,1
Abbou,Okbi,1
Abbou,Tekaya,1
Abda,Mrabet,1
Abda,Zitouna,1
Abdallah,Azzouz,1
Abdallah,Bessaidi,1
Abdallah,Bey,1
Abdallah,Bostangi,1
Abdallah,Bouthour,1
Abdallah,Chelbi,1
Abdallah,Cherif,1
Abdallah,Chérif,1
Abdallah,Ennigrou,1
Abdallah,Fahoum,1
Abdallah,Garland,1
Abdallah,Gobrane,1
Abdallah,Hlel,1
Abdallah,Jamel,1
Abdallah,Kassar,1
Abdallah,Krid,1
Abdallah,Lahbib,1
Abdallah,Lakhoua,1
Abdallah,Mabrouk,1
Abdallah,Mokdad,1
Abdallah,Nacer,1
Abdallah,Osman,1
Abdallah,Salah,1
Abdallah,Slama,1
Abdallah,Soudani,1
Abdallah,Talbi,1
Abdallah,Zakiz,1
Abdelaali,Rebai,1
Abdelfatteh,Mrad,1
Abdelghani,Allal,1
Abdelghani,Ellouze,1
Abdelhak,Guebila,1
Abdelhalim,Kadın,1
Abdelhedi,Glenza,1
Abdeljaouad,Boujemaa,1
Abdeljaoued,Ateb,1
Abdeljaoued,Balanche,1
Abdeljaoued,Chaabane,1
Abdeljaoued,Drira,1
Abdeljaoued,Gmati,1
Abdeljaoued,Guéry,1
Abdeljaoued,Hamza,1
Abdeljaoued,Krichen,1
Abdeljaoued,Lakhoua,1
Abdeljaoued,Malek,1
Abdeljaoued,Mlaiki,1
Abdeljaoued,Msaed,1
Abdeljaoued,Mzali,1
Abdeljaoued,Saadaoui,1
Abdeljaoued,Sakli,1
Abdeljawad,Amor,1
Abdelkader,Tnani,1
Abdelkafi,Belhouane,1
Abdelkafi,Cheikh,1
Abdelkafi,Lasram,1
Abdelkafi,Maaouia,1
Abdelkafi,Romdhane,1
Abdelkafi,Smida,1
Abdelkafi,Zbidi,1
Abdelkafi,Zghal,1
Abdelkrim,Siala,1
Abdelli,Essebsi,1
Abdelli,Mabrouk,1
Abdelli,Othman,1
Abdelmoula,Bahroun,1
Abdelmoula,Belkhodja,1
Abdelmoula,Bouraoui,1
Abdelmoula,Bouslama,1
Abdelmoula,Ezzine,1
Abdelmoula,Gastli,1
Abdelmoula,Karma,1
Abdelmoula,Ketari,1
Abdelmoula,Kort,1
Abdelmoula,Labbane,1
Abdelmoula,Ladjimi,1
Abdelmoula,Louati,1
Abdelmoula,Messaadi,1
Abdelmoula,Milazzo,1
Abdelmoula,Moula,1
Abdelmoula,Ounis,1
Abdelmoula,Rekik,1
Abdelmoula,Sellami,1
Abdelmoula,Youssef,1
Abdelmoumen,Ateb,1
Abdelmoumen,Khamassi,1
Abdelmoumen,Omrane,1
Abdelmoumen,Oueslati,1
Abdelmoumen,Oukhay,1
Abdelmoumen,ناجي,1
Abdelwahab,Ghariani,1
Abdelwahab,Mourali,1
Abdelwahab,Okbi,1
Abdelwahab,Tamzali,1
Abdennabi,Chaouch,1
Abdennabi,Laatar,1
Abdennabi,Néji,1
Abdennabi,Skander,1
Abdennebi,Belkadhi,1
Abdennebi,Bessrour,1
Abdennebi,Brahem,1
Abdennebi,Ezzeddine,1
Abdennebi,Hayder,1
Abdennebi,Kallel,1
Abdennebi,Khil,1
Abdennebi,Mersni,1
Abdennebi,Néji,1
Abdennebi,Pellé,1
Abderrahim,Azzouz,1
Abderrazak,Bahi,1
Abderrazak,Belochi,1
Abderrazak,Bey,1
Abdessamad,Zid,1
Abdessatar,Bahi,1
Abdessatar,Osman,1
Abdulhay,Mechri,1
Abed,Assia,1
Abed,Badssi,1
Abed,Chahmi,1
Abed,Gaigi,1
Abed,Hadid,1
Abed,Kechiche,1
Abed,Kolsi,1
Abed,Maaref,1
Abed,Mghirbi,1
Abed,Redissi,1
Abed,Stambouli,1
Abid,Allal,1
Abid,Bouassida,1
Abid,Bouguerra,1
Abid,Bouraoui,1
Abid,Daoudi,1
Abid,Essaidi,1
Abid,Farah,1
Abid,Gargouri,1
Abid,Ghalia,1
Abid,Gorgi,1
Abid,Hachicha,1
Abid,Jamoussi,1
Abid,Kammoun,1
Abid,Katlane,1
Abid,Khemiri,1
Abid,Klibi,1
Abid,Kourda,1
Abid,Masmoudi,1
Abid,Mrad,1
Abid,Rachdi,1
Abid,Siala,1
Abid,Stambouli,1
Abid,Trabelsi,1
Abid,Triki,1
Abid,Zouhir,1
Abidine,Ghachem,1
Abittan,Bey,1
Abla,Asli,1
Accacha,Adamenko,1
Accacha,Bouchoucha,1
Accacha,Haddad,1
Accacha,Jegham,1
Accacha,Mahmoudi,1
Ach,Karoui,1
Ach,Khedim,1
Ach,Othman,1
Achour,Ammar,1
Achour,Azzouz,1
Achour,Belkhiria,1
Achour,Denguezli,1
Achour,Essaddam,1
Achour,Hachani,1
Achour,Hached,1
Achour,Jegham,1
Achour,Kassar,1
Achour,Ketari,1
Achour,Khouaja,1
Achour,Ouakdi,1
Achour,Yedder,1
Addad,Gastli,1
Adhoum,Lahbib,1
Adjerit,Larguèche,1
Affes,Chahed,1
Affroun,Haddad-Parfait,1
Agha,Bennouri,1
Agha,Bey,1
Agha,Bokri,1
Agha,Boujemaa,1
Agha,Farhat,1
Aguerbi,Anane,1
Aguir,Troudi,1
Ahmed,Ammar,1
Ahmed,Gmati,1
Ahmed,Hamida,1
Ahmed,Khelil,1
Ahmed,Latiri,1
Ahmed,Malek,1
Ahmed,Mhedhbi,1
Ahmed,Osman,1
Ahmed,Snoussi,1
Ahres,Elloumi,1
Aidoudi,Cherif,1
Aidoudi,Saada,1
Aissa,Ammar,1
Aissa,Bellamine,1
Aissa,Bey,1
Aissa,Bouchoucha,1
Aissa,Bouderbala,1
Aissa,Bsiri,1
Aissa,Darghouth,1
Aissa,Dellagi,1
Aissa,Denguezli,1
Aissa,Dhiaf,1
Aissa,Douik,1
Aissa,Essid,1
Aissa,Lachnani,1
Aissa,Maaref,1
Aissa,Mahfoudh,1
Aissa,Mrabet,1
Aissa,Robbana,1
Aissaoui,Chakouani,1
Aissaoui,Cherif,1
Aissaoui,Meddah,1
Aissaoui,Rezgui,1
Aissaoui,Troudi,1
Aissaoui,Youssef,1
Aissaoui,Zouabi,1
Aissi,Ali,1
Aitani,Hamila,1
Ajam,Mrad,1
Ajroud,Boufares,1
Akkari,Gaigi,1
Akremi,Marsaoui,1
Akrout,Aïssa,1
Akrout,Bahi,1
Akrout,Ghoul,1
Akrout,Mzali,1
Akrout,Rakam,1
Akrout,Sahli,1
Aleya,Bouhafa,1
Ali,Ammar,1
Ali,Ayed,1
Ali,Beji,1
Ali,Chedli,1
Ali,Chelbi,1
Ali,Chiboub,1
Ali,Derouiche,1
Ali,Essid,1
Ali,Farza,1
Ali,Gharbi,1
Ali,Hamzi,1
Ali,Haouech,1
Ali,Hazette,1
Ali,Jaziri,1
Ali,Jelili,1
Ali,Kefi,1
Ali,Letaïef,1
Ali,Madani,1
Ali,Mansour,1
Ali,Mehiri,1
Ali,Mufti,1
Ali,Ourimi,1
Ali,Refaï,1
Ali,Said,1
Ali,Yahmed,1
Ali,Zarrouk,1
Ali,Zid,1
Ali,Zlitni,1
Alila,Mrad,1
Aljia,Tounsi,1
Allagui,Attia,1
Allagui,Blaiech,1
Allagui,Marrakchi,1
Allain,Tebourbi,1
Allal,Bahi,1
Allal,Gmati,1
Allala+béchir,Rassaa,1
Allani,Alouini,1
Allani,Amor,1
Allani,Dridi,1
Allouache,Hafsia,1
Allouache,Stambouli,1
Allouche,Baïram,1
Almi,Bellamine,1
Almi,Bouali,1
Almi,Cherif,1
Almi,Daly,1
Almi,Driss,1
Almi,Drissi,1
Almi,Fares,1
Almi,Homrani,1
Almi,Houissa,1
Almi,Lariani,1
Almi,Metheni,1
Almi,Mokaddem,1
Almi,Sebaï,1
Almi,Talbi,1
Almi,Trabelsi,1
Alouane,Mrad,1
Alouani,Ghariani,1
Aloui,Chamakh,1
Aloui,Mhedhbi,1
Aloui,Skanji,1
Alouini,Bayoudh,1
Alouini,Belkhiria,1
Alouini,Cherif,1
Alouini,Ghenima,1
Alouini,Hachicha,1
Alouini,Jomaa,1
Alouini,Kechrid,1
Alouini,Malouche,1
Alouini,Mansour,1
Alouini,Venslauskaite,1
Aloulou,Ayadi,1
Aloulou,Guebila,1
Amal,Labidi,1
Amamou,Balti,1
Amara,Ayoub,1
Amara,Bey,1
Amara,Hassairi,1
Amara,Ismail,1
Amara,Jaafar,1
Amara,Lahdhiri,1
Amara,Letaïef,1
Amara,Namer,1
Amara,Noomane,1
Amara,Temimi,1
Amara,Yedder,1
Amarni,Sedrine,1
Amena,Ammar,1
Amer,Gastli,1
Amer,Maamouri,1
Amer,Mghirbi,1
Amer,Sghaier,1
Ameur,Mezlini,1
Ameur,Mohsen,1
Ameur,Rustum,1
Ameur,Zorgati,1
Amimi,Jelili,1
Amine,Mbazaa,1
Amira,Bey,1
Ammar,Anoun,1
Ammar,Aouali,1
Ammar,Arfaoui,1
Ammar,Bakha,1
Ammar,Beji,1
Ammar,Bellagha,1
Ammar,Bouchnak,1
Ammar,Boughedir,1
Ammar,Bouhachem,1
Ammar,Chaabane,1
Ammar,Chaouch,1
Ammar,Cherif,1
Ammar,Debbiche,1
Ammar,Dhifallah,1
Ammar,Djemali,1
Ammar,Gaied,1
Ammar,Ghanjati,1
Ammar,Ghrib,1
Ammar,Gmati,1
Ammar,Gueci,1
Ammar,Haddad,1
Ammar,Hafsi,1
Ammar,Hajjar,1
Ammar,Hanafi,1
Ammar,Hassine,1
Ammar,Jamel,1
Ammar,Kacem,1
Ammar,Kallala,1
Ammar,Kassar,1
Ammar,Khaznaji,1
Ammar,Khouaja,1
Ammar,Kirschnar,1
Ammar,Mahjoub,1
Ammar,Mamlouk,1
Ammar,Masmoudi,1
Ammar,Meherzi,1
Ammar,Miled,1
Ammar,Mrad,1
Ammar,Othman,1
Ammar,Rassaa,1
Ammar,Rejiba,1
Ammar,Riahi,1
Ammar,Sakka,1
Ammar,Sellami,1
Ammar,Soltane,1
Ammar,Sonia,1
Ammar,Soudani,1
Ammar,Temimi,1
Ammar,Zoghlami,1
Amor,Anoun,1
Amor,Bacha,1
Amor,Bartakiz,1
Amor,Bey,1
Amor,Bouraoui,1
Amor,Brahim,1
Amor,Challouf,1
Amor,Cheraki,1
Amor,Chiboub,1
Amor,Dhiaf,1
Amor,Dimassi,1
Amor,Ettabaa,1
Amor,Fors,1
Amor,Hemriti,1
Amor,Jaouada,1
Amor,Kacem,1
Amor,Khazmi,1
Amor,Khoufi,1
Amor,Langar,1
Amor,Makhlouf,1
Amor,Malek,1
Amor,May,1
Amor,Mechti,1
Amor,Menzeli,1
Amor,Zammit,1
Amor,Zaouak,1
Amor,Zarouane,1
Amraoui,Mokdad,1
Amri,Mhedhbi,1
Amri,Mâatouk,1
Anane,Ayari,1
Anane,Bahroun,1
Anane,Boujemaa,1
Anane,Gaigi,1
Anane,Jilani,1
Anane,Mechichi,1
Andrée,Bey,1
Annabi,Bahri,1
Annabi,Belhadj,1
Annabi,Bey,1
Annabi,Bouhaouala,1
Annabi,Errais,1
Annabi,Essebsi,1
Annabi,Gammar,1
Annabi,Jazi,1
Annabi,Kaddour,1
Annabi,Kassar,1
Annabi,Mahmoud,1
Annabi,Mansour,1
Annabi,Mouaffak,1
Annabi,Sahli,1
Annabi,Slimane,1
Annabi,Vostova,1
Anoun,Hafsia,1
Anoun,Malamelli,1
Anoun,Mezrioui,1
Anoun,Nafti,1
Aoued,Hamila,1
Aouichi,Belochi,1
Aouij,Aschi,1
Aouij,Azzouz,1
Aouij,Chtioui,1
Aouij,Darghouth,1
Aouij,Dhrif,1
Aouij,Lakhoua,1
Aouij,Mehiri,1
Aouij,Osman,1
Aouina,Slamia,1
Aoun,Gargouri,1
Aoun,Kammoun,1
Aoun,Mouaffak,1
Arab,Ennigrou,1
Arbi,Lamine,1
Arbia,Mrad,1
Arfa,Cherif,1
Arfa,Denguezli,1
Arfa,Jaafar,1
Arfa,M'timet,1
Arfaoui,Azzabi,1
Arfaoui,Belochi,1
Arfaoui,Daghfous,1
Arfaoui,Garbouj,1
Argui,Hamza,1
Ariguib,Saad,1
Armanasi,Hamila,1
Aroui,Bouraoui,1
Arous,Hachani,1
Arous,Zaouche,1
Asfouri,Khelil,1
Askar,Garnaoui,1
Asli,Bennani,1
Asli,Bouassida,1
Asli,Boudabbous,1
Asli,Gafsi,1
Asli,Khaled,1
Asli,Laribi,1
Asli,Taoufik,1
Asli,Tebourbi,1
Asli,Tekaya,1
Asmi,Azizi,1
Asmi,Bouhejba,1
Asses,Dhrif,1
Asses,Hamza,1
Asses,Hayder,1
Asses,Mehiri,1
Atallah,Dhif,1
Atallah,Kechrid,1
Atallah,Rammah,1
Ateb,Bejaoui,1
Ateb,Jouini,1
Ati,Attia,1
Ati,Chaouachi,1
Ati,Chaouch,1
Ati,Derouiche,1
Ati,Dhaoui,1
Ati,Kahia,1
Ati,Karoui,1
Ati,Landolsi,1
Ati,Zouiten,1
Atrous,Miled,1
Attaoui,Glenza,1
Attia,Dhaou,1
Attia,Esseghir,1
Attia,Jamel,1
Attia,Ketari,1
Attia,Mahjoub,1
Attia,Meddeb,1
Attia,Osman,1
Attia,Romdhane,1
Attia,Sedrine,1
Attia,Tnani,1
Attia,Touzani,1
Attia,Youssef,1
Aubrac,Romdhane,1
Ayachi,Chiboub,1
Ayachi,Gahbiche,1
Ayachi,Jaafoura,1
Ayachi,Lassoued,1
Ayachi,Mahmoud,1
Ayachi,Sfar,1
Ayadi,Bahri,1
Ayadi,Bey,1
Ayadi,Ellouze,1
Ayadi,Essaidi,1
Ayadi,Mahjoub,1
Ayadi,Mahmoud,1
Ayadi,Mrad,1
Ayadi,Oueslati,1
Ayari,Belkadhi,1
Ayari,Cheriki,1
Ayari,Hentati,1
Ayari,Mustapha,1
Ayeb,Ayoub,1
Ayeb,Chaouch,1
Ayeb,Mrad,1
Ayed,Baïram,1
Ayed,Bornaz,1
Ayed,Boulahya,1
Ayed,Bousnina,1
Ayed,Bradai,1
Ayed,Cherif,1
Ayed,Chiboub,1
Ayed,Denguezli,1
Ayed,Enzminger,1
Ayed,Esseghir,1
Ayed,Ezzeddine,1
Ayed,Fadhel,1
Ayed,Frikha,1
Ayed,Gharbi,1
Ayed,Gordah,1
Ayed,Haouech,1
Ayed,Jalal,1
Ayed,Jaïbi,1
Ayed,Kaabachi,1
Ayed,Ketari,1
Ayed,Khelifa,1
Ayed,Klibi,1
Ayed,Laayeyda,1
Ayed,Ladjimi,1
Ayed,Morançais,1
Ayed,Omrane,1
Ayed,Osman,1
Ayed,Pietro,1
Ayed,Salem,1
Ayed,Slama,1
Ayed,Smida,1
Ayed,Viguier,1
Ayed,Yahia,1
Ayed,Younes,1
Ayed,Younsi,1
Ayoub,Chaouch,1
Ayoub,Cherif,1
Ayoub,Hafsa,1
Ayoub,Halouani,1
Ayoub,Kasbi,1
Ayoub,Mabrouk,1
Ayoub,Mrad,1
Azaiez,Chennoufi,1
Azaiez,Elloumi,1
Azaiez,Oueslati,1
Azaïez,Mrad,1
Aziza,Guiga,1
Azizi,Jouhri,1
Azizi,Temimi,1
Azizi,Torjemane,1
Azmeh,May,1
Azouz,Bennani,1
Azouz,Boufares,1
Azouz,Bouthour,1
Azouz,Dhib,1
Azouz,Erraiess,1
Azouz,Hantous,1
Azouz,Hayder,1
Azouz,Khemiri,1
Azouz,Mechim,1
Azouz,Mzah,1
Azouz,Salhi,1
Azouz,Snoussi,1
Azzabi,Bennour,1
Azzabi,Bey,1
Azzabi,Jebalia,1
Azzabi,Nakaa,1
Azzabi,Tobji,1
Azzaiez,Kallel,1
Azzouna,Bransi,1
Azzouz,Baraket,1
Azzouz,Djaziri,1
Azzouz,Elloumi,1
Azzouz,Memmi,1
Azzouz,Zouidi,1
Aïcha,Korbi,1
Aïssa,Bahi,1
Aïssa,Yedder,1
Aïssa,Zerzeri,1
Aïssaoui,Douagi,1
Aïssia,Chaari,1
Baaziz,Bouraoui,1
Babay,Kolsi,1
Babay,Mestiri,1
Babbou,Belkhodja,1
Babbou,Chaâbana,1
Babbou,Ghachem,1
Babbou,Ketari,1
Babbou,Salah,1
Babeau,Mussat,1
Baccar,Belhouane,1
Baccar,Bouraoui,1
Baccar,Cadhi,1
Baccar,Gaigi,1
Baccar,Jerbi,1
Baccar,Moussa,1
Baccouche,Bouker,1
Baccouche,Essoussi,1
Baccouche,Gallas,1
Baccouche,Hayder,1
Baccouche,Kallel,1
Baccouche,Lakhdhar,1
Baccouche,Temimi,1
Baccouche,Zouiten,1
Baccour,Hamida,1
Bach,Temimi,1
Bacha,Belhadj,1
Bacha,Belhouane,1
Bacha,Bouslama,1
Bacha,Cherif,1
Bacha,Dellil,1
Bacha,Dhouib,1
Bacha,Tnani,1
Bacha,Zitoun,1
Bader,Chelbi,1
Bader,Gordah,1
Badr,Hamda,1
Badr,Louzir,1
Badr,Sbaouelgi,1
Badreddine,Kalai,1
Badssi,Bousnina,1
Badssi,Halouani,1
Badssi,Maaouia,1
Baffoun,Bey,1
Baffoun,Okbi,1
Baffoun,Youssef,1
Baghdadi,Lasram,1
Bahi,Chelbi,1
Bahi,Guellaty,1
Bahi,Hendaoui,1
Bahi,Kastalli,1
Bahi,Laouiti,1
Bahi,Mebazaa,1
Bahi,Mestiri,1
Bahi,Selmene,1
Bahi,Sfar,1
Bahi,Snoussi,1
Bahi,Torjemane,1
Bahi,Zitouna,1
Bahram,Djilani,1
Bahram,Kemiha,1
Bahram,Mustapha,1
Bahram,Shili,1
Bahri,Belghith,1
Bahri,Belkadhi,1
Bahri,Bettaieb,1
Bahri,Bey,1
Bahri,Boudhina,1
Bahri,Boufares,1
Bahri,Chammam,1
Bahri,Chelli,1
Bahri,Dridi,1
Bahri,Essoussi,1
Bahri,Fazaa,1
Bahri,Fekih,1
Bahri,Ghelici,1
Bahri,Hachaichi,1
Bahri,Hachich,1
Bahri,Hamdia,1
Bahri,Hamzaoui,1
Bahri,Harran,1
Bahri,Jabberi,1
Bahri,Ketata,1
Bahri,Koubaa,1
Bahri,Mehdi,1
Bahri,Mrabet,1
Bahri,Mrad,1
Bahri,Nejma,1
Bahri,Sahli,1
Bahri,Salah,1
Bahri,Souid,1
Bahri,Troudi,1
Bahri,Yedder,1
Bahroun,Fakher,1
Bahroun,Hadada,1
Bahroun,Khaddar,1
Bahroun,Khaled,1
Bahroun,Khayat,1
Bahroun,Maamouri,1
Bahroun,Marzouki,1
Bahroun,Mbarek,1
Bahroun,Meddeb,1
Bahroun,Osman,1
Baili,Ennigrou,1
Bakini,Lahmer,1
Bakkar,Mousli,1
Baklouti,Fazaa,1
Baklouti,Hafsia,1
Baktache,Yahia,1
Balaâ,Slimane,1
Balma,Ennaifer,1
Balma,Khil,1
Balma,Lamaud,1
Balma,Zakraoui,1
Baltagi,Bessaies,1
Baltagi,Guebila,1
Baltagi,Khouini,1
Balti,Chiboub,1
Balti,Mohamed,1
Balti,Yacoubi,1
Baly,Khanfir,1
Baly,Mrad,1
Baoueb,Bouarrouj,1
Baoueb,Cherif,1
Baoueb,Gammoudi,1
Baoueb,Kchir,1
Baoueb,Lasram,1
Baoueb,Makhlouf,1
Baoueb,Materi,1
Baoueb,May,1
Baoueb,Mustapha,1
Baoueb,Noomane,1
Baoueb,Riahi,1
Baraket,Bey,1
Baraket,Hadjouj,1
Baraket,Mooti,1
Baraket,Torjemane,1
Baraër,Gaigi,1
Barbanoy,Cherifa,1
Barbirou,Chebil,1
Barbirou,Gassa,1
Bartakiz,Charfeddine,1
Bartakiz,Makhlouf,1
Basly,Chaabane,1
Basly,Hantous,1
Basrour,Majoul,1
Bassalah,Bey,1
Bassem,Naji,1
Bassoum,Bennour,1
Basti,Ismail,1
Bata,Bouhafa,1
Batarekh,Hamila,1
Batich,Mlouka,1
Battikh,Chedli,1
Battikh,Meddeb,1
Battikh,Refai,1
Bauer,Zakour,1
Bayar,Khattech,1
Bazezi,Fennira,1
Baïram,Belkadhi,1
Baïram,Bey,1
Baïram,Goubaa,1
Baïram,Hafiz,1
Baïram,Lammali,1
Baïram,Lasram,1
Baïram,Lazrak,1
Baïram,Mami,1
Baïram,Mghaieth,1
Baïram,Naccache,1
Baïram,Sahli,1
Becker,Larbi,1
Bedei,Touzani,1
Bedoui,Miled,1
Begum,Shah,1
Bejaoui,Essebsi,1
Beji,Farah,1
Beji,Gaigi,1
Bekir,Ettabaa,1
Bekir,Osman,1
Belajouza,Ghachem,1
Belassfer,Zafzouf,1
Belcaïd,Naanaa,1
Belgacem,Hanachi,1
Belghith,Farza,1
Belhadj,Brahim,1
Belhadj,Chadou,1
Belhadj,Laouiti,1
Belhadj,Maaoui,1
Belhadj,Mustapha,1
Belhadj,Souayah,1
Belhadj,Tebourbi,1
Belhadj,Tirari,1
Belhadj,Zarrouk,1
Belhadj,Zeddini,1
Belhadjamor,Hassen,1
Belhaj,Gannoun,1
Belhaj,Sadfi,1
Belhassen,Bennani,1
Belhassen,Hentati,1
Belhassen,Lagha,1
Belhassen,Mufti,1
Belhassen,Zouari,1
Belhassine,Bey,1
Belhassine,Bouznade,1
Belhassine,Dellagi,1
Belhassine,Gharbi,1
Belhassine,Ladjimi,1
Belhassine,Mustapha,1
Belhassine,Nachi,1
Belhassine,Sévre,1
Belhouane,Belkadhi,1
Belhouane,Bouderba,1
Belhouane,Brahem,1
Belhouane,Ezzeddine,1
Belhouane,Hadriche,1
Belhouane,Hanachi,1
Belhouane,Tarhouni,1
Belhouane,Tebourbi,1
Belhouane,Triki,1
Belhoul,Kobrosli,1
Belhédi,Youssef,1
Belino,Bey,1
Belkacem,Salem,1
Belkadhi,Belkahia,1
Belkadhi,Boubaker,1
Belkadhi,Bouhaouala,1
Belkadhi,Boukhris,1
Belkadhi,Chakroun,1
Belkadhi,Douik,1
Belkadhi,Glenza,1
Belkadhi,Hanafi,1
Belkadhi,Hjaiej,1
Belkadhi,Jaied,1
Belkadhi,Jegham,1
Belkadhi,Kilani,1
Belkadhi,Maaouia,1
Belkadhi,Meddeb,1
Belkadhi,Ragonnaud,1
Belkadhi,Sabbahi,1
Belkadhi,Sfar,1
Belkadhi,Stambouli,1
Belkadhi,Trabelsi,1
Belkahia,Gafsi,1
Belkahia,Mrabet,1
Belkhiria,Bouhafa,1
Belkhiria,Hachicha,1
Belkhiria,Maalel,1
Belkhodja,Bey,1
Belkhodja,Chebil,1
Belkhodja,Chekir,1
Belkhodja,Dhifallah,1
Belkhodja,Farah,1
Belkhodja,Fazaa,1
Belkhodja,Gaâloul,1
Belkhodja,Haouari,1
Belkhodja,Hassine,1
Belkhodja,Jenane,1
Belkhodja,Khouini,1
Belkhodja,Larguèche,1
Belkhodja,Mhirsi,1
Belkhodja,Miled,1
Belkhodja,Morjane,1
Belkhodja,Slama,1
Bellagha,Bennaceur,1
Bellagha,Berrachid,1
Bellagha,Guilbert,1
Bellagha,Hayder,1
Bellagha,Leplang,1
Bellagha,Saïed,1
Bellagha,Zaafrani,1
Bellakanji,Kazdaghli,1
Bellakanji,Mamlouk,1
Bellakhdher,Chahmi,1
Bellalah,Jegham,1
Bellalouna,Mlayah,1
Bellamine,Chahed,1
Bellamine,Cherif,1
Bellamine,Ferchiou,1
Bellamine,Gaigi,1
Bellamine,Hafsia,1
Bellamine,Hanachi,1
Bellamine,Jelili,1
Bellamine,Kchouk,1
Bellamine,Kouki,1
Bellamine,Laamari,1
Bellamine,Lakhoua,1
Bellamine,Madani,1
Bellamine,Zakour,1
Bellazrak,Sbaouelgi,1
Belloum,Klibi,1
Belochi,Hanifi,1
Belochi,Hannachi,1
Belochi,Mahmoud,1
Belochi,Mrad,1
Beltaief,Cadhi,1
Benamor,Boutara,1
Benbène,Bey,1
Benna,Khemiri,1
Bennaceur,Mufti,1
Bennaceur,Zaied,1
Bennani,Bouthour,1
Bennani,Bouzouita,1
Bennani,Charbagi,1
Bennani,Chebil,1
Bennani,Essid,1
Bennani,Gammoudi,1
Bennani,Guizani,1
Bennani,Karoui,1
Bennani,Khelifa,1
Bennani,Laatar,1
Bennani,Majoul,1
Bennani,Mzah,1
Bennani,Youssef,1
Bennani,Zafzouf,1
Bennani,Zarrouk,1
Bennour,Bouaouina,1
Bennour,Ennigrou,1
Bennour,Essebsi,1
Bennour,Gmati,1
Bennour,Houissa,1
Bennour,Klibi,1
Bennour,Sarsar,1
Bennour,Tabbakh,1
Bennour,Zbouna,1
Benzarti,Chelbi,1
Benzarti,Djemali,1
Benzarti,Gharbi,1
Benzarti,Krout,1
Benzarti,Turki,1
Benzarti,Zouiten,1
Benzina,Zakraoui,1
Bergaoui,Bouslama,1
Bergaoui,Chedli,1
Bergaoui,Hachaichi,1
Berguiga,Slama,1
Berrached,Zribi,1
Berrachid,Hjaiej,1
Berrachid,Trabelsi,1
Berrais,Gammoudi,1
Berrazaga,Maamouri,1
Berrim,Cherif,1
Besbes,Bouslama,1
Besbes,Chouchene,1
Besbes,Masmoudi,1
Besbes,Mzali,1
Besbes,Mâatouk,1
Besbes,Slamia,1
Beskok,Mrad,1
Bessaidi,Klibi,1
Bessaidi,Mouaffak,1
Bessaidi,Saibi,1
Bessaies,Kchouk,1
Bessaies,Mehdaoui,1
Bessaies,Mouaffak,1
Bessaies,Sedrine,1
Bessaïes,Euch,1
Bessaïes,Gharbi,1
Bessaïes,Medelgi,1
Besseoud,Hanachi,1
Bessghaier,Razgallah,1
Bessrour,Doghri,1
Bessrour,Errais,1
Bessrour,Hantous,1
Bettaieb,Chadou,1
Bey,Binous,1
Bey,Bohli,1
Bey,Bostangi,1
Bey,Boujemaa,1
Bey,Bourara,1
Bey,Bouzayen,1
Bey,Chaabini,1
Bey,Chaouch,1
Bey,Chargui,1
Bey,Charni,1
Bey,Chattali,1
Bey,Dali,1
Bey,Danielle,1
Bey,Daoud,1
Bey,Dey,1
Bey,Douik,1
Bey,Dziri,1
Bey,Eltaïef,1
Bey,Ennabli,1
Bey,Ennaifer,1
Bey,Ennigrou,1
Bey,Essafi,1
Bey,Esseghir,1
Bey,Ettabaa,1
Bey,Fellah,1
Bey,Gaigi,1
Bey,Ghali,1
Bey,Ghariani,1
Bey,Ghorbel,1
Bey,Ghoul,1
Bey,Gorgi,1
Bey,Guetat,1
Bey,Habib,1
Bey,Halima,1
Bey,Hamba,1
Bey,Hamrouni,1
Bey,Hassine,1
Bey,Helali,1
Bey,Hellali,1
Bey,Hfaïedh,1
Bey,Jaziri,1
Bey,Jelili,1
Bey,Kaaniche,1
Bey,Kabani,1
Bey,Kamel,1
Bey,Kamoun,1
Bey,Karray,1
Bey,Kastellanos,1
Bey,Kchouk,1
Bey,Khalfet,1
Bey,Khoudja,1
Bey,Klibi,1
Bey,Kmar,1
Bey,Kolli,1
Bey,Kortobi,1
Bey,Koumenji,1
Bey,Lakhoua,1
Bey,Ledoux,1
Bey,Loubiri,1
Bey,Louzir,1
Bey,Mabire,1
Bey,Magliano,1
Bey,Mahbouba,1
Bey,Maherzia,1
Bey,Mami,1
Bey,Manai,1
Bey,Marie,1
Bey,Martin,1
Bey,Mayl,1
Bey,Meddeb,1
Bey,Mehaoued,1
Bey,Mehdaoui,1
Bey,Mejri,1
Bey,Mesrati,1
Bey,Meticha,1
Bey,Mihoub,1
Bey,Miled,1
Bey,Missoum,1
Bey,Mnakbi,1
Bey,Mohamed,1
Bey,Mrad,1
Bey,Mustapha,1
Bey,Nadal,1
Bey,Nafti,1
Bey,Nakaa,1
Bey,Neqch,1
Bey,Nouri,1
Bey,Osman,1
Bey,Ouakdi,1
Bey,Peypoch,1
Bey,Pouil,1
Bey,Rachid,1
Bey,Ramos,1
Bey,Romdhane,1
Bey,Roubaud,1
Bey,Sakka,1
Bey,Salama,1
Bey,Selmi,1
Bey,Shili,1
Bey,Slama,1
Bey,Sunni,1
Bey,Tebourbi,1
Bey,Tlili,1
Bey,Tnani,1
Bey,Torgemane,1
Bey,Younes,1
Bey,Zahouani,1
Bey,Zakraoui,1
Bey,Zbidi,1
Bey,Zekri,1
Bey,Zenaidi,1
Bey,Zid,1
Bezdah,Chtioui,1
Bezdah,Jaafar,1
Bezdah,Lassoued,1
Beznine,Boujemaa,1
Bezzaouia,Mrad,1
Bhouri,Chedli,1
Bhouri,Guiza,1
Bhouri,Mahmoud,1
Binous,Guiza,1
Bizid,Bouraoui,1
Bizid,Ouanes,1
Bizid,Stambouli,1
Bkalti,Tabbane,1
Blaiech,Driss,1
Blaiech,Elloumi,1
Blaiech,Ennigrou,1
Blaiech,Fourati,1
Blaiech,Kechrid,1
Blaiech,Klibi,1
Blaiech,Rachid,1
Blaiej,Saffar,1
Blanc,Tortorici,1
Blouza,Chedli,1
Blouza,Mahjoub,1
Bokri,Halfaoui,1
Bokri,Yehia,1
Borges,Errais,1
Bornaz,Chaabane,1
Bornaz,Dahmani,1
Bostangi,Chaabane,1
Bostangi,Dridi,1
Bostangi,Hamba,1
Bostangi,Saada,1
Bouabdallah,Sakli,1
Bouabid,Fadhel,1
Bouaoija,Lajnef,1
Bouaouaja,Zaghouani,1
Bouaouina,Mlouka,1
Bouassida,Kriaa,1
Bouassida,Mlawah,1
Bouassida,Tirari,1
Bouassida,Zaafrani,1
Bouattour,Chebbi,1
Bouattour,Dorbec,1
Bouattour,Krichen,1
Bouattour,Triki,1
Bouattour,Zeineddine,1
Bouaziz,Cherif,1
Bouaziz,Ferjani,1
Bouaziz,Zehani,1
Bouazza,Essebsi,1
Boubaker,Ghafferi,1
Boubaker,Mahmoud,1
Boubaker,Saloua,1
Boubaker,Sidoumou,1
Boubaker,Triki,1
Boubaker,Troudi,1
Boubakeur,Kallel,1
Bouchnak,Riahi,1
Bouchnak,Zarrouk,1
Bouchoucha,Ghariani,1
Boudabbous,Chamakh,1
Boudabbous,Gmati,1
Boudabbous,Guetat,1
Boudabbous,Jerad,1
Boudabbous,Khemiri,1
Boudabbous,Kramer,1
Boudabbous,Morchdi,1
Boudabbous,Naouali,1
Boudabbous,Salah,1
Boudakim,Selmene,1
Boudali,Essaddam,1
Bouden,Lasram,1
Bouden,Malouche,1
Bouden,Zakour,1
Bouderba,Romdhane,1
Bouderbala,Bouziri,1
Bouderbala,Gaigi,1
Bouderbala,Khelifa,1
Boudhief,Sedrine,1
Boudhina,Boulares,1
Boudhina,Chammam,1
Boudhina,Metnani,1
Boudhina,Ouenzerfi,1
Boudhina,Temimi,1
Boudhina,Touhami,1
Boudhina,Zouaoui,1
Boudjedra,Othman,1
Boudjedra,Tnani,1
Boufares,Bourguiba,1
Boufares,Hassine,1
Boufares,Herelli,1
Boufares,Karabi,1
Boufares,Louki,1
Boufares,Mehidi,1
Boufares,Memmi,1
Boufares,Triki,1
Boufeden,Djaït,1
Boufeden,Glenza,1
Boufeid,Guerbâa,1
Boughanmi,Salah,1
Boughedir,Jelili,1
Boughrara,Moussa,1
Boughzou,Mghirbi,1
Bouguerra,Dridi,1
Bouguerra,Hadaji,1
Bouguerra,Kaddour,1
Bouguerra,Raboudi,1
Bouguerra,Redissi,1
Bouhachem,Guebila,1
Bouhachem,M'rad,1
Bouhachem,Meherzi,1
Bouhadida,Khaddar,1
Bouhadra,Zehani,1
Bouhafa,Mili,1
Bouhafa,Sahli,1
Bouhafa,Yamak,1
Bouhageb,Hamba,1
Bouhaha,Dziri,1
Bouhani,Khoudja,1
Bouhaouala,Daghfous,1
Bouhaouala,Essebsi,1
Bouhejba,Guezmir,1
Bouhejba,Hachaichi,1
Bouhejba,Hayder,1
Bouhejba,Letaïef,1
Bouhejba,Mahjoub,1
Bouhejba,Mellouli,1
Bouhejba,Mokrani,1
Bouhejba,Zbouna,1
Bouhejba,Zid,1
Bouhejba,Zouaoui,1
Bouhlel,Mlayah,1
Bouhlila,Glenza,1
Bouhlila,Laouiti,1
Bouhlila,Lassoued,1
Bouhouch,Kaabachi,1
Boujbel,Khouja,1
Boujbel,Mahjoub,1
Boujeh,Malouche,1
Boujellabia,Kaouech,1
Boujemaa,Ghorbel,1
Boujemaa,Ladgham,1
Boujemaa,Miled,1
Boujemaa,Tnani,1
Boujemaa,Triki,1
Boukardougha,Jebali,1
Boukardougha,Zouaoui,1
Boukef,Cherif,1
Boukef,Habiba,1
Boukef,Khil,1
Boukef,Louzir,1
Boukef,Torjemane,1
Bouker,Salem,1
Boukhchina,Sghaier,1
Boukhris,Naji,1
Boukhris,Slim,1
Boukhris,Tnani,1
Boukordegha,Darragi,1
Boukordegha,Jaziri,1
Boukordegha,Malamelli,1
Boukordegha,Sadfi,1
Boukraa,Tnani,1
Boulaaba,Jerbi,1
Boulaaba,Thabet,1
Boulahya,Chabbouh,1
Boulakbeche,Mokaddem,1
Boulares,Chaabane,1
Bouleymane,Naanaa,1
Boumaiza,Cherif,1
Boumdi,Youssef,1
Bouneb,Cheriki,1
Bouneb,Errais,1
Bouquilon,Maaoui,1
Bouraoui,Chaabouni,1
Bouraoui,Driss,1
Bouraoui,Essebsi,1
Bouraoui,Fitouri,1
Bouraoui,Gahbiche,1
Bouraoui,Ghachem,1
Bouraoui,Ghaleb,1
Bouraoui,Ghoul,1
Bouraoui,Golli,1
Bouraoui,Hedda,1
Bouraoui,Kechrid,1
Bouraoui,Khouja,1
Bouraoui,Maaroufi,1
Bouraoui,Methemem,1
Bouraoui,Mrad,1
Bouraoui,Mufti,1
Bouraoui,Ouahchi,1
Bouraoui,Sakka,1
Bouraoui,Taktak,1
Bourara,Essebsi,1
Bourara,Yacoubi,1
Bouratbine,Maamouri,1
Bouratbine,Saidi,1
Bourguiba,Chamli,1
Bourguiba,Ferjani,1
Bourguiba,Kacem,1
Bouricha,Siala,1
Bourigua,Turkia,1
Bourne,Romdhane,1
Boushaba,Terzi,1
Boushaba,Toumi,1
Bouslama,Chakroun,1
Bouslama,Chedli,1
Bouslama,Chekir,1
Bouslama,Hattab,1
Bouslama,Kerkeni,1
Bouslama,Lamine,1
Bouslama,Romdhane,1
Bouslama,Zid,1
Bousnina,Jelili,1
Bousnina,Makni,1
Bousnina,Soua,1
Boussaada,Khouaja,1
Boussabah,Driss,1
Boussabah,Kachouri,1
Boussaidi,Lamia,1
Bousselmi,Sanhaji,1
Boussen,Khaddar,1
Boussen,Mamlouk,1
Boussen,Osman,1
Boussen,Zoubeidi,1
Boussoffara,Katlane,1
Boutara,Sghaier,1
Bouthour,Fourti,1
Bouthour,Jed,1
Bouthour,Lakhdhar,1
Bouthour,Maaouia,1
Boutiba,Farhat,1
Boutiba,Mrad,1
Boutiba,Nagti,1
Boutiba,Sahli,1
Boutiti,Khiari,1
Boutiti,Mahmoud,1
Boutiti,Trabelsi,1
Boutouria,Maaref,1
Boutouria,Mrad,1
Boutouria,Zarrouk,1
Bouzahra,Kaffel,1
Bouzakoura,Hamza,1
Bouzakoura,Jerbi,1
Bouzakoura,Rejab,1
Bouzayen,Ghachem,1
Bouzayen,Youssef,1
Bouzayen,Zaafrani,1
Bouzgarrou,Bouzouaya,1
Bouzgarrou,Ghachem,1
Bouzgarrou,Snoussi,1
Bouzguenda,Gaigi,1
Bouzguenda,Hamila,1
Bouzid,Hantous,1
Bouzid,Saad,1
Bouziri,Mrad,1
Bouziri,Stambouli,1
Bouzouaya,Tebourbi,1
Bouzouita,Kooli,1
Bouzrara,Hached,1
Bouzrara,Mechri,1
Braham,Charfeddine,1
Braham,Chedli,1
Brahem,Hachicha,1
Brahem,Lachhab,1
Brahem,Minaoui,1
Brahim,Chaabane,1
Brahim,Erraïsi,1
Brahim,Ghattas,1
Brahim,Hayder,1
Brahim,Midouni,1
Brajus,Gorgi,1
Bramli,Cherif,1
Bramli,Farza,1
Bramli,Khatteche,1
Bransi,Ghariani,1
Bransi,Koubaji,1
Bransi,Malki,1
Bransi,Sfaihi,1
Brigui,Tounsi,1
Brini,Harrouch,1
Brini,Jelili,1
Brinis,Ghaliounji,1
Bsiri,Essid,1
Bully,Messaadi,1
Béchiri,Karoui,1
Béchiri,Saidane,1
Béchiri,Zarrouk,1
Béhi,Jazi,1
Béhi,Omrane,1
Cadhi,Dellagi,1
Caron,Memmi,1
Chaaba,Hamdia,1
Chaabane,Chedly,1
Chaabane,Cherif,1
Chaabane,Elloumi,1
Chaabane,Ghachem,1
Chaabane,Halouani,1
Chaabane,Hammi,1
Chaabane,Jelili,1
Chaabane,Kassar,1
Chaabane,Kateb,1
Chaabane,Lamine,1
Chaabane,Maamouri,1
Chaabane,Maherzi,1
Chaabane,Mahmoud,1
Chaabane,Mami,1
Chaabane,Miled,1
Chaabane,Mrabet,1
Chaabane,Sonzoni,1
Chaabane,Tnani,1
Chaabane,Yahia,1
Chaabane,Yahmed,1
Chaabane,Zbouna,1
Chaabani,Kebir,1
Chaabini,Sebai,1
Chaalala,Youssef,1
Chaar,Cherif,1
Chaar,Karoui,1
Chaar,Materi,1
Chaari,Chtourou,1
Chaari,Driss,1
Chaari,Gueddiche,1
Chaari,Hached,1
Chaari,Khoufi,1
Chaari,Madani,1
Chaari,Ouertani,1
Chaari,Samet,1
Chaari,Zidi,1
Chabbeh,Chedli,1
Chabbouh,Mrabet,1
Chabchoub,Haddad,1
Chabchoub,Hentati,1
Chabchoub,Letaïef,1
Chadou,Daoud,1
Chadou,Logani,1
Chadou,Naccache,1
Chadou,Shili,1
Chadou,Tirari,1
Chagouani,Troudi,1
Chahed,Dahmouni,1
Chahed,Gaigi,1
Chahed,Lakhoua,1
Chahed,Mahjoub,1
Chahed,Mhedhbi,1
Chahed,Ouanes,1
Chahed,Rassaa,1
Chahed,Rezgui,1
Chahed,Trabelsi,1
Chahmi,Denguezli,1
Chahmi,Drissi,1
Chahmi,Haouas,1
Chahmi,Menzeli,1
Chahtour,Kammoun,1
Chahtour,Mrad,1
Chaibi,Chiboub,1
Chaieb,Chedli,1
Chaker,Hayouni,1
Chaker,Kriaa,1
Chaker,Slama,1
Chaker,Slimane,1
Chakroun,Elloumi,1
Challouf,Cherif,1
Challouf,Mrad,1
Chamakh,Darghouth,1
Chamakh,Denguezli,1
Chamakh,Khouaja,1
Chamakh,Kortobi,1
Chamakh,Masmoudi,1
Chamakh,Mustapha,1
Chamakh,Sabbagh,1
Chamakh,Sadfi,1
Chamakh,Soua,1
Chamakh,Thameur,1
Chamari,Chedly,1
Chamari,Cherif,1
Chamari,Daghfous,1
Chamari,Debbiche,1
Chamari,Ezzeddine,1
Chamari,Gargouri,1
Chamari,Khalifa,1
Chamari,Lakhoua,1
Chamari,Landolsi,1
Chamari,Maaoui,1
Chamari,Micky,1
Chamari,Mrad,1
Chamari,Naceur,1
Chamari,Renaudin,1
Chamari,Sanaa,1
Chamekh,Hayder,1
Chammam,Miled,1
Chaouachi,Darghouth,1
Chaouachi,Gammoudi,1
Chaouachi,Kefi,1
Chaouachi,Khalsi,1
Chaouachi,Meherzi,1
Chaouch,Chelbi,1
Chaouch,Ghafari,1
Chaouch,Jaafar,1
Chaouch,Landolsi,1
Chaouch,Meddeb,1
Chaouch,Mrad,1
Chaouch,Rodesly,1
Chaouch,Taleb,1
Chaouche,Ennigrou,1
Charchour,Gargani,1
Charchour,Hachicha,1
Charchour,Nabli,1
Charchour,Sayah,1
Charfeddine,Jemail,1
Charfeddine,Saidane,1
Charfi,Cheikh,1
Charfi,Jaouada,1
Charfi,Miaoui,1
Chargui,Jaouada,1
Chargui,Mlouka,1
Charni,Trabelsi,1
Charnine,Sakli,1
Charrad,Gueddiche,1
Charrad,Zidi,1
Charrada,Maamouri,1
Charradi,Esseghir,1
Chatelier,Larguèche,1
Chateur,Jeribi,1
Chatti,Hamila,1
Chatti,Hedhli,1
Chatti,Kahia,1
Chatti,Lakhoua,1
Chatti,Youssef,1
Chaâbane,Chelli,1
Chaâbane,Hachicha,1
Chaâbane,Jeljeli,1
Chaâbane,Maamouri,1
Chaâbane,Mezni,1
Chebaane,May,1
Chebaane,Memmi,1
Chebbi,Hanayen,1
Chebbi,Khouini,1
Chebbi,Zaazaa,1
Chebbi,Zitouna,1
Chebil,Chenaina,1
Chebil,Kammoun,1
Chebil,Kharrat,1
Chebil,Larouchi,1
Chebil,Longo,1
Chebil,Mahjoub,1
Chebil,Mahmoud,1
Chebil,Saïed,1
Chebil,Tagorti,1
Chedli,Debbiche,1
Chedli,Grami,1
Chedli,Mabrouk,1
Chedli,Mlayah,1
Chedli,Rassaa,1
Chedli,Slamia,1
Chedli,Slimane,1
Chedli,Tounes,1
Chedli,Tounsi,1
Chedli,Yedder,1
Chedly,Cheikh,1
Chedly,Hachaichi,1
Chedly,Hefaf,1
Chedly,Hentati,1
Chedly,Lakhoua,1
Chedly,Mahmoud,1
Chedly,Sfar,1
Chehida,Ezzine,1
Cheikh,Denguezli,1
Cheikh,Farah,1
Cheikh,Gana,1
Cheikh,Hachicha,1
Cheikh,Kamel,1
Cheikh,Kebaili,1
Cheikh,Majoul,1
Cheikh,Osman,1
Cheikh,Zouhir,1
Cheikhrouhou,Saiji,1
Chekili,Rejab,1
Chekir,Fendri,1
Chelaifa,Hamza,1
Chelaifa,Khouja,1
Chelaifa,Sebaï,1
Chelbi,Debbiche,1
Chelbi,Gara,1
Chelbi,Ghazzai,1
Chelbi,Kchouk,1
Chelbi,Lakhdar,1
Chelbi,Nila,1
Chelbi,Osman,1
Chelbi,Oukaâ,1
Chelbi,Salem,1
Chelbi,Tnani,1
Chelbi,Toumi,1
Chelbi,Zakour,1
Chelli,Khaddar,1
Chelli,Mellouli,1
Chelli,Zouari,1
Chemakh,Zakour,1
Chenik,Fayache,1
Chennoufi,Hentati,1
Cheour,Saada,1
Cheraki,Kchir,1
Cheraki,Mrad,1
Cherichi,Hachani,1
Cherif,Dziri,1
Cherif,Ettabaa,1
Cherif,Ghalleb,1
Cherif,Ghariani,1
Cherif,Hajri,1
Cherif,Hamdoun,1
Cherif,Hamida,1
Cherif,Hassouna,1
Cherif,Hentati,1
Cherif,Ismail,1
Cherif,Jennat,1
Cherif,Kaddour,1
Cherif,Katlane,1
Cherif,Khadija,1
Cherif,Khemir,1
Cherif,Lakhdar,1
Cherif,M'Rad,1
Cherif,Mahbouli,1
Cherif,Mahdi,1
Cherif,Mahjoub,1
Cherif,Mahrez,1
Cherif,Mama,1
Cherif,Mansour,1
Cherif,Marsaoui,1
Cherif,Massoud,1
Cherif,Messaoud,1
Cherif,Messaoudi,1
Cherif,Mestiri,1
Cherif,Mlouka,1
Cherif,Moalla,1
Cherif,Mongalgi,1
Cherif,Mziou,1
Cherif,Naouali,1
Cherif,Nejah,1
Cherif,Othman,1
Cherif,Ouedherfi,1
Cherif,Ouertani,1
Cherif,Rassaâ,1
Cherif,Rihane,1
Cherif,Saada,1
Cherif,Samoud,1
Cherif,Saïda,1
Cherif,Sbaouelgi,1
Cherif,Slimane,1
Cherif,Tnani,1
Cherif,Zakkaria,1
Cherif,Zmerli,1
Cherif,Zouhir,1
Cherifa,Karrech,1
Cherifa,Othman,1
Cherifa,Riahi,1
Cherifa,Turkia,1
Cheriki,Hassaïri,1
Cheriki,Kassar,1
Chettaoui,Marsaoui,1
Chiboub,Euch,1
Chiboub,Khouja,1
Chiboub,Logani,1
Chiboub,Mouelhi,1
Chiboub,Turkia,1
Chichini,Hanachi,1
Chihaoui,Mrad,1
Ching,Youssef,1
Chirine,Ghileb,1
Chkondali,Gara,1
Cholley,Darghouth,1
Chonee,Stambouli,1
Chouaieb,Snoussi,1
Chouaieb,Turki,1
Chouaiech,Hassine,1
Chouaiech,Romdhane,1
Chouchene,Hafsia,1
Chouchene,Mrad,1
Chouchene,Saleh,1
Chouikha,Gheni,1
Chouk,Karoui,1
Chouk,Khouini,1
Choukair,Klibi,1
Chrita,Lamine,1
Chtioui,Esseghir,1
Chtioui,Ghattas,1
Chtioui,Halouani,1
Chtioui,Jennat,1
Chtioui,Sebaï,1
Chwikar,Chérif,1
Chérif,Darghouth,1
Chérif,Louzir,1
Class,Mlouka,1
Colette,Kassar,1
Combas,Stambouli,1
Cornegliano,Raffo,1
Cornu,Mahjoub,1
Coupet,Mabrouk,1
Daaloul,Mrabet,1
Dabbebi,Slamia,1
Daghfous,Elheni,1
Daghfous,Gastli,1
Daghfous,Jeribi,1
Daghfous,Mghirbi,1
Dahab,Materi,1
Dahmani,M'barek,1
Dakhlaoui,Gordah,1
Dakhlaoui,Maaref,1
Dakhlaoui,Tahri,1
Dali,Messaoudia,1
Dallegi,Romdhane,1
Dalmais,Saad,1
Daly,Miled,1
Daly,Romdhane,1
Damergi,Krarti,1
Damergi,Meddeb,1
Damir,Hamba,1
Dannouni,Mghazli,1
Daoud,Ennaifer,1
Daoud,Ettabaa,1
Daoud,Gastli,1
Daoud,Ghattas,1
Daoud,Mlouka,1
Daoud,Selmene,1
Daoudi,Troudi,1
Daoulet,Daoulette,1
Daoulette,Ghariani,1
Darghouth,Dimassi,1
Darghouth,Djemali,1
Darghouth,Douagi,1
Darghouth,Ghariani,1
Darghouth,Guizani,1
Darghouth,Hachaichi,1
Darghouth,Kaâouana,1
Darghouth,Khatteche,1
Darghouth,Lakhoua,1
Darghouth,Lasram,1
Darghouth,Longo,1
Darghouth,Mami,1
Darghouth,Medimagh,1
Darghouth,Miled,1
Darghouth,Mlouka,1
Darghouth,Mokaddem,1
Darghouth,Sadfi,1
Darghouth,Salem,1
Darghouth,Seklani,1
Darghouth,Sinaoui,1
Darghouth,Slimani,1
Darghouth,Tekaya,1
Darghouth,Thabet,1
Darghouth,Weinwisser,1
Darghouth,Zaouia,1
Darghouth,Zneiguia,1
Darghouth,Zouhir,1
Darwazah,Gargouri,1
Dassi,Gaigi,1
Dattilo,Mostacci,1
Daw,Mziou,1
Debbabi,Trimèche,1
Debbeche,Katlane,1
Debbiche,Fourati,1
Debbiche,Ghariani,1
Debbiche,Youssef,1
Delavacherie,Kebaili,1
Dellagi,Hlioui,1
Dellagi,Malouche,1
Dellagi,Medimagh,1
Denguezli,Ladjimi,1
Derbal,Mrad,1
Derbal,Saada,1
Derouiche,Djilani,1
Derouiche,Larbi,1
Derouiche,Mokaddem,1
Derouiche,Sbaouelgi,1
Derouiche,Zaied,1
Derouiche,Zammit,1
Derouiche,Zmerli,1
Dhambri,Ezzeddine,1
Dhaou,Hachaichi,1
Dhaoui,Mrad,1
Dhiab,Ghachem,1
Dhiaf,Ennigrou,1
Dhiaf,Fatma,1
Dhiaf,Ghenia,1
Dhiaf,Gorgi,1
Dhiaf,Hechmi,1
Dhiaf,Jawhara,1
Dhiaf,Klibi,1
Dhiaf,Snoussi,1
Dhiaf,Zakour,1
Dhif,Kechrid,1
Dhif,Riahi,1
Dhifallah,Driss,1
Dhifallah,Jemaa,1
Dhifallah,Ressaissi,1
Dhouibi,Mghirbi,1
Dhraief,Romdhane,1
Dhrif,Guebila,1
Dhrif,Kahia,1
Dhrif,Mlouka,1
Dhrif,Trabelsi,1
Diba,Ghotbi,1
Dimassi,Gastli,1
Dimassi,Kooli,1
Dimassi,Mansour,1
Dimassi,Mghirbi,1
Dimassi,Najet,1
Dimassi,Rassaa,1
Dimassi,Sebaï,1
Dimassi,Zakour,1
Dimassi,Zeïneb,1
Dimon,Guellouz,1
Djait,Douagi,1
Djait,Gharbi,1
Djait,Hentati,1
Djait,Mami,1
Djaït,Omrane,1
Djaït,Salem,1
Djehane,Ennaifer,1
Djellouli,Gaigi,1
Djellouli,Siala,1
Djellouli,Soltane,1
Djemali,Eparvier,1
Djemali,Fellah,1
Djemali,Ferjani,1
Djemali,Harzallah,1
Djemali,Jelassi,1
Djemali,Jemour,1
Djemali,Kateb,1
Djemali,Khalsi,1
Djemali,Lahoual,1
Djemali,Mzali,1
Djemali,Romdhane,1
Djemali,Sanaa,1
Djemali,Shiha,1
Djemali,Tarhouni,1
Djemali,Turki,1
Djhane,Lamine,1
Djilani,Ennaifer,1
Djilani,Kabani,1
Djilani,Khanchel,1
Djilani,Lakhoua,1
Djilani,Laville,1
Djilani,Mami,1
Djilani,Meherzi,1
Djilani,Zanned,1
Doghri,Driss,1
Doghri,Khalsi,1
Doghri,Lakhoua,1
Doghri,Laouirine,1
Doghri,Mami,1
Doghri,Soltane,1
Doghri,Trad,1
Doghri,Zerzeri,1
Doghri,Zouari,1
Donia,Malek,1
Douagi,Ennigrou,1
Douagi,Hanachi,1
Douay,Hamza,1
Dougaz,Ettabaa,1
Dougaz,Ezzine,1
Douik,Temimi,1
Douraï,Meziou,1
Dridi,Eddhahbi,1
Dridi,Kefi,1
Dridi,Lee,1
Dridi,Manjour,1
Dridi,Nabi,1
Drira,Kriaa,1
Driss,Kilani,1
Driss,Soua,1
Drissi,Katlane,1
Drissi,Maaoui,1
Ducrocq,Mustapha,1
Dupuis,Maaref,1
Dziri,Ennaifer,1
Dziri,Kacem,1
Dziri,Kallel,1
Dziri,Lejri,1
Dziri,Mahjoub,1
Dziri,Mokrani,1
Dziri,Mziou,1
Dziri,Richez,1
Dziri,Sedrine,1
Dziri,Zelfani,1
Elaoud,Hached,1
Elfadhel,Salah,1
Ellili,Naji,1
Ellili,Tej,1
Elloumi,Ghoul,1
Elloumi,Kamoun,1
Elloumi,Karra,1
Elloumi,Maaouia,1
Elloumi,Marzouk,1
Elloumi,Mziou,1
Elloumi,Rekik,1
Elloumi,Saada,1
Elloumi,Soltani,1
Elloumi,Zitouna,1
Ellouze,Slimane,1
Ely,Mahjoub,1
Emazabel,Marouki,1
Ennabli,Gargouri,1
Ennabli,Kolsi,1
Ennabli,Sabbagh,1
Ennaifer,Essoussi,1
Ennaifer,Fayache,1
Ennaifer,Haddouk,1
Ennaifer,Jaafar,1
Ennaifer,Jaouada,1
Ennaifer,Jelliti,1
Ennaifer,Kacem,1
Ennaifer,Kazoula,1
Ennaifer,Mahmoud,1
Ennaifer,Mousli,1
Ennaifer,Othman,1
Ennaifer,Romdhane,1
Ennaifer,Sakka,1
Ennaifer,Touzani,1
Ennigrou,Ezzeddine,1
Ennigrou,Gorgi,1
Ennigrou,Haddad,1
Ennigrou,Kabani,1
Ennigrou,Kaidi,1
Ennigrou,Larnaout,1
Ennigrou,Materi,1
Ennigrou,Mouscou,1
Ennigrou,Ouali,1
Ennigrou,Salem,1
Ennigrou,Zaied,1
Ennigrou,Zbouna,1
Ennouri,Gargouri,1
Ennouri,Ghafari,1
Ennouri,Hentati,1
Ennouri,Jelassi,1
Ennouri,Messaoudi,1
Ennouri,Miled,1
Ennouri,Tebourbi,1
Errais,Gordah,1
Errais,Hendaoui,1
Errais,Jemaa,1
Errais,Mathieu,1
Errais,Sanhaji,1
Errais,Triki,1
Errais,Yedder,1
Errais,Zarrouk,1
Espada,Mrad,1
Essaddam,Gorgi,1
Essaddam,Lakhoua,1
Essaddam,Ouimet,1
Essadem,Labbane,1
Essafi,Jelili,1
Essafi,Kallel,1
Essafi,Maaouia,1
Essafi,Mahjoub,1
Essafi,Rassaa,1
Essafi,Rekik,1
Essafi,Slama,1
Essaidi,Jeguirim,1
Essaidi,Mehiri,1
Essaied,Zbouna,1
Essaïes,Naceur,1
Essaïes,Soula,1
Essebsi,Farhat,1
Essebsi,Fourati,1
Essebsi,Hamouda,1
Essebsi,Hanayen,1
Essebsi,Hassen,1
Essebsi,Jemaa,1
Essebsi,Kamoun,1
Essebsi,Kassar,1
Essebsi,Lahmer,1
Essebsi,Mami,1
Essebsi,Manana,1
Essebsi,Mokaddem,1
Essebsi,Riahi,1
Essebsi,Salemi,1
Essebsi,Tebourbi,1
Esseghir,Gara,1
Esseghir,Guebila,1
Esseghir,Hajri,1
Esseghir,Labassi,1
Esseghir,Labbene,1
Esseghir,Mrad,1
Essid,Fekih,1
Essid,Halouani,1
Essid,Hemriti,1
Essid,Jemaa,1
Essid,Jemmali,1
Essid,Katlane,1
Essid,Khalfallah,1
Essid,Mahjoub,1
Essid,Mrabet,1
Essid,Quintal,1
Essid,Safta,1
Essid,Sahli,1
Essid,Youssef,1
Essid,Zehani,1
Essoussi,Meddeb,1
Ettabaa,Hajri,1
Ettabaa,Kharroubi,1
Ettabaa,Ksibi,1
Ettabaa,Martel,1
Ettabaa,Masmoudi,1
Euch,Hachaichi,1
Euch,Klibi,1
Euch,Kouki,1
Euch,Zendah,1
Euchi,Hamdi,1
Euchi,Mrad,1
Euchi,Yamak,1
Ezzahi,Maamouri,1
Ezzeddine,Jaziri,1
Ezzeddine,Khaddar,1
Ezzeddine,Khouja,1
Ezzeddine,Miled,1
Ezzeddine,Mouaffak,1
Ezzeddine,Slimane,1
Ezzeddine,Zitouna,1
Ezzine,Gastli,1
Ezzine,Halouani,1
Ezzine,Khayati,1
Ezzine,Limam,1
Ezzine,Marzouki,1
Ezzine,Okbi,1
Ezzine,Ounis,1
Ezzine,Temimi,1
Ezzine,Zaghlet,1
Fadhel,Jebali,1
Fadhel,Naceur,1
Fadhel,Naima,1
Fahoum,Mahmoud,1
Fahoum,Romdhane,1
Fakher,Hachani,1
Fakher,Mahrez,1
Fakher,Ouali,1
Fakher,Sidoumou,1
Fakher,Slama,1
Fakher,Zouari,1
Fakhfakh,Mziou,1
Fakhfakh,Turkia,1
Fallah,Helali,1
Fallah,Lamine,1
Fallah,Sabbagh,1
Fallah,Tounsi,1
Fallah,Touzani,1
Fallah,Zarrouk,1
Fallah,Zmerli,1
Farah,Gaigi,1
Farah,Ghazzai,1
Farah,Hellal,1
Farah,Jaziri,1
Farah,Kacem,1
Farah,Kallel,1
Farah,Kotrane,1
Farah,Lombardi,1
Farah,Mallah,1
Farah,Skandrani,1
Farah,Souissi,1
Farah,Touil,1
Farah,Zitouna,1
Farah,Zmerli,1
Farhat,Hentati,1
Farhat,Kahia,1
Farhat,Lahbib,1
Farhat,Mehio,1
Farhat,Mestiri,1
Farhat,Triaa,1
Farhat,Troudi,1
Farhat,Youssef,1
Farhat,Zidi,1
Farjallah,Houas,1
Farza,Hassoumi,1
Farza,Mahjoub,1
Farza,Miled,1
Farza,Mrad,1
Farza,Souissi,1
Farza,Tarrouche,1
Fayache,Hamba,1
Fayache,Matri,1
Fayache,Mebazaa,1
Fayache,Sabbagh,1
Fayache,Stamrad,1
Fegaier,Gaigi,1
Fegaier,Jamel,1
Fehri,Ghrairi,1
Fehri,Hached,1
Fehri,Hemriti,1
Fehri,Lanouar,1
Fekih,Ghanem,1
Fekih,Gmiha,1
Fekih,Hamdia,1
Fekih,Miled,1
Fekih,Romdhane,1
Fekih,Saad,1
Fekih,Sallem,1
Felfel,Selmene,1
Fellah,Mrad,1
Fendri,Kamoun,1
Fendri,Mlouka,1
Fendri,Trabelsi,1
Fendri,Zouiten,1
Fennira,Khouaja,1
Ferchichi,Lejri,1
Ferchichi,Maghrebi,1
Ferchichi,Mahjoub,1
Ferdjioui,Tnani,1
Ferida,Raffo,1
Ferjani,Malouche,1
Fersi,Gharbi,1
Fersi,Jallali,1
Fersi,Mghirbi,1
Fersi,Riahi,1
Filali,Gaigi,1
Fitouri,Messaoudia,1
Fors,Miled,1
Fors,Mrad,1
Forster,Zid,1
Fouad,Zaher,1
Fourati,Ghozzi,1
Fourati,Gribaa,1
Fourati,Hamida,1
Fourati,Jaafar,1
Fourati,Jerad,1
Fourati,Kastalli,1
Fourati,Kharbouch,1
Fourati,Khira,1
Fourati,Khrouf,1
Fourati,Lasram,1
Fourati,Maaouia,1
Fourati,Mahjoub,1
Fourati,Malouche,1
Fourati,Mbarek,1
Fourati,Mezhoud,1
Fourati,Mlouka,1
Fourati,Ouertani,1
Fourati,Sancho,1
Fourati,Sellami,1
Fourati,Siala,1
Fourti,Khadhar,1
Frad,Kamel,1
Fraj,Salah,1
Françoise,Hachani,1
Freij,Yamak,1
Friaa,Hammami,1
Frida,Guellaty,1
Frih,Gannouni,1
Friha,Khouini,1
Frija,Koubaji,1
Frija,Laroussi,1
Frikha,Hentati,1
Frikha,Kamoun,1
Frikha,Kassar,1
Frini,Kallel,1
Frini,Kotrane,1
Frini,Larbi,1
Frini,Logani,1
Frini,Rahal,1
Frini,Rais,1
Froidefond,Romdhane,1
Frourej,Rahal,1
Gaafar,Hachaichi,1
Gaamour,Khemiri,1
Gabroun,Hayder,1
Gabsi,Kechrid,1
Gaeta,Saccoman,1
Gaeta,Sanna,1
Gaied,Lassoued,1
Gaigi,Gharbi,1
Gaigi,Gritli,1
Gaigi,Hachani,1
Gaigi,Hamouda,1
Gaigi,Henchir,1
Gaigi,Houissa,1
Gaigi,Jaafar,1
Gaigi,Jamel,1
Gaigi,Laamari,1
Gaigi,Larguèche,1
Gaigi,Lasram,1
Gaigi,Lecoq,1
Gaigi,Maistret,1
Gaigi,Mnara,1
Gaigi,Ouerghi,1
Gaigi,Ouertani,1
Gaigi,Paciotti,1
Gaigi,Somai,1
Gaigi,Souad,1
Gaigi,Trabelsi,1
Gaigi,Zakour,1
Gaigi,Zemni,1
Gall,Hachani,1
Gamba,Mascaro,1
Gammoudi,Lassoued,1
Gammoudi,Mahjoub,1
Gammoudi,Miaoui,1
Gamra,Ismail,1
Gamra,Zbouna,1
Gana,Kolli,1
Gana,Oghbi,1
Gannouni,Kahla,1
Gannouni,Mrad,1
Gannouni,Tarifa,1
Gara,Hassairi,1
Gara,Hayder,1
Gara,Materi,1
Gara,Mzid,1
Gara,Osman,1
Garaali,Khaddar,1
Garbouj,Kamel,1
Garcia,Guiga,1
Gargouri,Krichene,1
Gargouri,Ladjimi,1
Gargouri,Mouaffak,1
Gargouri,Siala,1
Garnaoui,Jelloun,1
Garnaoui,Meddeb,1
Garnaoui,Zorgati,1
Garouachi,Guiga,1
Gastli,Jazi,1
Gastli,Marzouki,1
Gastli,Msaed,1
Gazzeh,Lioui,1
Gervais,Klibi,1
Ghachem,Ladjimi,1
Ghachem,Mestiri,1
Ghachem,Osman,1
Ghachem,Seklani,1
Ghachem,Yedder,1
Ghachem,Zaanouni,1
Ghachem,Zarrouk,1
Ghachem,Zid,1
Ghadira,Hajem,1
Ghalayini,Hamila,1
Ghali,Kotrane,1
Ghali,Mhenni,1
Ghali,Mousli,1
Ghali,Salem,1
Ghaliounji,Haouet,1
Ghaliounji,Hassoumi,1
Ghaliounji,Mghazli,1
Ghaliounji,Naccache,1
Ghalleb,Laatar,1
Ghalloussi,Karoui,1
Ghandri,Mahjoub,1
Ghanem,Kaak,1
Ghanem,Khedimi,1
Ghanem,Malouche,1
Ghanem,Moussa,1
Ghanem,Oueslati,1
Ghanem,Sassi,1
Ghaoui,Sidommou,1
Gharbi,Guerbâa,1
Gharbi,Houissa,1
Gharbi,Jelassi,1
Gharbi,Kallel,1
Gharbi,Karafi,1
Gharbi,Kassaagi,1
Gharbi,Khoudja,1
Gharbi,Khrouf,1
Gharbi,Lahbib,1
Gharbi,Lasram,1
Gharbi,Marsaoui,1
Gharbi,Mrad,1
Gharbi,Riahi,1
Gharbi,Soudani,1
Ghariani,Gribaa,1
Ghariani,Guellaty,1
Ghariani,Hayder,1
Ghariani,Jeljeli,1
Ghariani,Marsaoui,1
Ghariani,Miladi,1
Ghariani,Mouelhi,1
Ghariani,Mrad,1
Ghariani,Rhaiem,1
Ghariani,Safra,1
Ghariani,Slama,1
Ghariani,Toumi,1
Ghariani,Trigui,1
Ghariani,Yedder,1
Ghariani,Zrelli,1
Ghattas,Kallel,1
Ghattas,Kraiem,1
Ghattas,Mahjoub,1
Ghattas,Marsaoui,1
Ghattas,Meherzi,1
Ghattas,Tnani,1
Ghattas,Torjemane,1
Ghattas,Zehani,1
Ghedamsi,Torjemane,1
Ghedira,Goucha,1
Ghedira,Ouanes,1
Ghedira,Zarrouk,1
Gherab,Ladjimi,1
Ghidalia,Maamouri,1
Ghiggino,Vignale,1
Ghliss,Zaafrani,1
Ghodhbane,Kriaa,1
Ghodhbane,Sedrine,1
Ghomrassi,Mâatouk,1
Ghorbel,Kaddour,1
Ghorbel,Karoui,1
Ghorbel,Khouini,1
Ghorbel,Lasram,1
Ghorbel,Robbana,1
Ghorbel,Siala,1
Ghorch,Mlouka,1
Ghoul,Kacem,1
Ghoul,Kridan,1
Ghoul,Mokrani,1
Ghoul,Triki,1
Ghoul,Turki,1
Ghoula,Soua,1
Ghozzi,Mhedhbi,1
Ghroum,Turki,1
Giorgiana,Jed,1
Glenza,Maaroufi,1
Glenza,Medimagh,1
Glenza,Rejab,1
Gmach,Labidi,1
Gmach,Namouchi,1
Gmati,Mazigh,1
Gmati,Miled,1
Gmati,Zahar,1
Gmati,Zaouak,1
Gmiha,Loghmari,1
Gomez,Rassaa,1
Gordah,Hamza,1
Gordah,Khenissi,1
Gordah,Sabbagh,1
Gordah,Slama,1
Gordah,Youssef,1
Gorgi,Hidoussi,1
Gorgi,Kaddour,1
Gorgi,Mahmoud,1
Gorgi,Mellouli,1
Gorgi,Mrad,1
Gorgi,Snoussi,1
Gorgi,Soufi,1
Gorgi,Zakour,1
Gorgi,Zerzeri,1
Gorkey,Landjerit,1
Goubantini,Sbaouelgi,1
Gouider,Khaddar,1
Gouider,Khoudja,1
Grami,M'barek,1
Grasso,Zitouna,1
Greche,Sallouha,1
Gribaa,Hammami,1
Gribaa,Kheriji,1
Gribaa,Layouni,1
Guebila,Houas,1
Guebila,Jaafar,1
Guebila,Kouroghli,1
Guebila,Ksibi,1
Guebila,Youssef,1
Gueddas,Kilani,1
Gueddas,Siala,1
Gueddiche,Mrad,1
Gueddiche,Tarrouche,1
Guellaty,Jaafar,1
Guellaty,Mebarek,1
Guellaty,Ouertani,1
Guellaty,Rahma,1
Guellouz,Hachani,1
Guellouz,Skouri,1
Guerbâa,Guezmir,1
Guerbâa,Rassaa,1
Guerbâa,Spasevsky,1
Guerfal,Kassaagi,1
Guerfal,Zarrouk,1
Guetati,Temimi,1
Guezmir,Zaghdoudi,1
Guidaoui,Kaddour,1
Guiga,Hadjouj,1
Guiga,Mabrouk,1
Guiga,Saphir,1
Guinet,Mouaffak,1
Guissi,Hachaichi,1
Guissi,Telich,1
Guiza,Yahia,1
Guizani,Larbi,1
Guizani,Romdhane,1
Guizani,Touhami,1
Gulec,Hentati,1
Habassi,Kechrid,1
Habbej,Meddeb,1
Habiba,Jeribi,1
Habiba,Turki,1
Habibi,Khemiri,1
Haboubi,Romdhane,1
Hachaichi,Haouari,1
Hachaichi,Hassairi,1
Hachaichi,Jedidi,1
Hachaichi,Karoui,1
Hachaichi,Kmiha,1
Hachaichi,Lassoued,1
Hachaichi,Mechri,1
Hachaichi,Miled,1
Hachaichi,Mokdad,1
Hachaichi,Mooti,1
Hachaichi,Rachid,1
Hachaichi,Trimèche,1
Hachaichi,Zaafrani,1
Hachaichi,Zafzouf,1
Hachani,Marouki,1
Hached,Jelassi,1
Hached,Mechim,1
Hached,Mechri,1
Hached,Romdhane,1
Hached,Samet,1
Hachefi,Karoui,1
Hachicha,Hamida,1
Hachicha,Khouaja,1
Hachicha,Mziou,1
Hachicha,Turki,1
Hachicha,Yedder,1
Hachicha,Youssef,1
Haddad,Hassoumi,1
Haddad,Jouhri,1
Haddad,Kacem,1
Haddad,Khattech,1
Haddad,Tebourbi,1
Hadded,Slamia,1
Hadhri,Salem,1
Hadid,Hamadi,1
Hadid,Ksontini,1
Hadid,Meherzi,1
Hadid,Mergheni,1
Hadid,Zahmoune,1
Hadjouj,Hamba,1
Hadjouj,Mustapha,1
Hadriche,Jarraya,1
Hadriche,Khelifa,1
Haffani,Hanachi,1
Haffani,Lasram,1
Haffani,Mrad,1
Haffani,Slama,1
Haffar,Yamak,1
Hafi,Zakour,1
Hafsia,Hamida,1
Hafsia,Lahmer,1
Hafsia,Landjerit,1
Hafsia,Razgallah,1
Hafsia,Sfar,1
Hafsia,Turkia,1
Hafsia,Youssefi,1
Hajem,Jaafoura,1
Hajjami,Mouaffak,1
Hajjami,Torjemane,1
Hajji,Trabelsi,1
Hajri,Ketari,1
Hajri,Lakhoua,1
Hajri,Messaoudi,1
Hajri,Sedrine,1
Hajri,Slama,1
Halfaoui,Meherzi,1
Halim,Hedblom,1
Halim,Menlikli,1
Hamba,Jemaa,1
Hamba,Jemail,1
Hamba,Jenayah,1
Hamba,Jouini,1
Hamba,Mziou,1
Hamba,Mzoughi,1
Hamba,Riahi,1
Hamba,Slimani,1
Hamba,Soula,1
Hamba,Zenaidi,1
Hamda,Kchouk,1
Hamda,Miaoui,1
Hamda,Miled,1
Hamda,Youssef,1
Hamdi,Khouini,1
Hamdoun,Mokdad,1
Hamida,Harrouch,1
Hamida,Ismail,1
Hamida,Kara,1
Hamida,Mahmoud,1
Hamida,Majoul,1
Hamida,Marsaoui,1
Hamida,Mohamed,1
Hamida,Mur,1
Hamida,Trimèche,1
Hammami,Mlouka,1
Hammami,Mrad,1
Hammami,Sarsar,1
Hammami,Sfar,1
Hammami,Trabelsi,1
Hammamia,Sallem,1
Hammi,Saada,1
Hammouda,Miled,1
Hammouda,Youssef,1
Hammouda,Zidi,1
Hamouda,Jaafoura,1
Hamouda,Othman,1
Hamoudia,Kriaa,1
Hamoudiya,Mehri,1
Hamrouni,Hchim,1
Hamrouni,Zitoun,1
Hamza,Hantous,1
Hamza,Ismail,1
Hamza,Jerbi,1
Hamza,Kamoun,1
Hamza,Kchouk,1
Hamza,Labbane,1
Hamza,Majoul,1
Hamza,Mrad,1
Hamza,Romdhane,1
Hamza,Siala,1
Hanachi,Hassen,1
Hanachi,Jaafar,1
Hanachi,Khomsi,1
Hanachi,Kouroghli,1
Hanachi,Medelgi,1
Hanachi,Mekki,1
Hanachi,Trabelsi,1
Hanachi,Yaghlane,1
Hanachi,Zehani,1
Hanafi,Hentati,1
Hanayen,Osman,1
Hanayen,Zakour,1
Hannachi,Saad,1
Hantous,Jadoui,1
Hantous,Tanfous,1
Hantous,Torjemane,1
Hantous,Yahia,1
Hantous,Zanned,1
Haoues,Romdhane,1
Haouet,Lorenzetti,1
Haouet,Loukil,1
Haouet,Maamouri,1
Haouet,Materi,1
Haouet,Robbana,1
Haouich,Jennat,1
Hariz,Othman,1
Harrouch,Locate,1
Harzallah,Louati,1
Harzallah,Moussa,1
Harzallah,Naouar,1
Harzallah,Zayana,1
Hasni,Zaied,1
Hassairi,Snoussi,1
Hassairi,Youssef,1
Hassaïri,Jemiaa,1
Hassen,Kefi,1
Hassen,Saad,1
Hassine,Memmi,1
Hassine,Romdhane,1
Hassoumi,Khadhraoui,1
Hassoumi,Touibi,1
Hassouna,Jaziri,1
Hassouna,Mamlouk,1
Hassouna,Trabelsi,1
Hassouna,Youssef,1
Hassouna,Zbidi,1
Hayder,Henrikson,1
Hayder,Jed,1
Hayder,Kekhia,1
Hayder,Khaznadar,1
Hayder,Meddeb,1
Hayder,Merrichkou,1
Hayder,Sassi,1
Hayder,Sfar,1
Hayder,Torjemane,1
Hayder,Zafzouf,1
Hayder,Zargouni,1
Hayder,Zbidi,1
Hayouni,Mekadmini,1
Hazrat,Khan,1
Hchim,Hechmi,1
Hedhli,Mehdaoui,1
Hedri,Meherzi,1
Helal,Mhedhbi,1
Helali,Kallel,1
Helali,Razgallah,1
Hellal,Larbi,1
Hemlati,Mrad,1
Hemriti,Khazzar,1
Hemriti,Lakhoua,1
Hemriti,Mechti,1
Hemriti,Mrad,1
Hemriti,Mtira,1
Hemriti,Salem,1
Hemriti,Slimani,1
Henchiri,Zaied,1
Hendaoui,Lakhdhar,1
Hendaoui,Rabaâ,1
Hentati,Khelil,1
Hentati,Meddeb,1
Hentati,Rekik,1
Hentati,Sfar,1
Hentati,Zakour,1
Herelli,Kaddour,1
Hervé,Louzir,1
Hezami,Marsaoui,1
Hicheri,Khatteche,1
Hicheri,Petersen,1
Hidri,Medelgi,1
Hizem,Jennat,1
Hlioui,Jaafar,1
Hlioui,Ladjimi,1
Hlioui,Mahmoud,1
Hmani,Mechim,1
Hmida,May,1
Hosni,Koubaji,1
Hosni,Turki,1
Houas,Messaadi,1
Houidi,Mousli,1
Hussein,Mohsen,1
Hédia,Malouche,1
Idir,Labbane,1
Ishkanes,Mehani,1
Ismail,Jaziri,1
Ismail,Kaddour,1
Ismail,May,1
Ismail,Smati,1
Ismail,Zaafrani,1
Jaafar,Jaziri,1
Jaafar,Lakhoua,1
Jaafar,Memmi,1
Jaafar,Mlouka,1
Jaafar,Soudani,1
Jaafoura,Osman,1
Jaafoura,Saad,1
Jaafoura,Sbaouelgi,1
Jaafoura,Slamia,1
Jaiet,Mahmoud,1
Jalel,Khrouf,1
Jalloun,Mlayah,1
Jamoussi,Miladi,1
Jamoussi,Miled,1
Jan,Khan,1
Jaouada,Jouini,1
Jaouada,Landolsi,1
Jaouada,Maaouia,1
Jaouada,Mabrouk,1
Jaouada,Mohsni,1
Jaouada,Mokrani,1
Jaouada,Moussa,1
Jaouada,Nabli,1
Jaouada,Sanhaji,1
Jaouada,Zaghouani,1
Jaouada,Zakour,1
Jaouada,Zekri,1
Jazi,Souissi,1
Jazi,Tabbane,1
Jaziri,Mazouni,1
Jaziri,Moussa,1
Jaziri,Saïda,1
Jaziri,Turkia,1
Jean-Baptiste,Mascaro,1
Jebali,Kamel,1
Jebali,Khouja,1
Jebali,Mestiri,1
Jebara,Robbana,1
Jebari,Mrad,1
Jebri,Kamel,1
Jed,Sebaï,1
Jed,Zlitni,1
Jed,Zouhir,1
Jedaï,Khouaja,1
Jedidi,Khalfallah,1
Jedidi,Turkia,1
Jegham,Letaïef,1
Jegham,Logani,1
Jegham,Manjour,1
Jegham,Rahal,1
Jeguirim,Mabrouk,1
Jelassi,Stambouli,1
Jelili,Salah,1
Jelili,Zaghbouni,1
Jelili,Zaghouani,1
Jemaa,Khouini,1
Jemaa,Meziou,1
Jemaa,Touzani,1
Jemaa,Yahmed,1
Jemaa,Zenaidi,1
Jemaa,Zouhir,1
Jemai,Tahenti,1
Jemail,Saiji,1
Jemail,Salah,1
Jemia,Majoul,1
Jemiaa,Mahjoub,1
Jemiaa,Robbana,1
Jemiaa,Trabelsi,1
Jemiaa,Yedder,1
Jennat,Khadri,1
Jennat,Maaoui,1
Jennat,Salem,1
Jerad,Stambouli,1
Jerad,Touzani,1
Jerbi,Khassassi,1
Jerbi,Tounsi,1
Jerbi,Zouari,1
Jied,Mousli,1
Jied,Refai,1
Jihan,Kahia,1
Jlidi,Youssef,1
Jmal,Kaabachi,1
Jmal,Kotrane,1
Jomni,Kchouk,1
Jonsson,Meherzi,1
Jouhri,Youssef,1
Jouini,Riahi,1
Jridi,Trabelsi,1
Justo-Hamza,Mustapha,1
Kaabachi,Rachdi,1
Kaabachi,Rouached,1
Kaabachi,Yahia,1
Kaafar,Mrabet,1
Kaaniche,Mestiri,1
Kabani,Zaafrani,1
Kabani,Zbouna,1
Kacem,Mlouka,1
Kacem,Othman,1
Kacem,Saidane,1
Kacem,Saidi,1
Kacem,Schneider,1
Kacem,Sefi,1
Kacem,Soula,1
Kacem,Touzani,1
Kaddour,Yahia,1
Kadri,Mansour,1
Kaffel,Zaara,1
Kahia,Khaznadar,1
Kahia,Moulk,1
Kahia,Smida,1
Kahia,Sunni,1
Kahia,Zarrouk,1
Kahouaji,Smati,1
Kalai,Refai,1
Kalaï,Rahal,1
Kallel,Lasram,1
Kallel,Lazrak,1
Kallel,Samia,1
Kallel,Sfaxi,1
Kallel,Zaied,1
Kallel,Zayen,1
Kamel,Khlass,1
Kamel,Khouini,1
Kamel,Landolsi,1
Kamel,Mahjoub,1
Kamel,Rahmen,1
Kamel,Rais,1
Kamel,Romdhane,1
Kamel,Sanekli,1
Kamel,Slimene,1
Kamel,Sohlobji,1
Kamel,Temimi,1
Kamel,Teta,1
Kamel,Touil,1
Kammoun,Mrad,1
Kammoun,Zaïed,1
Kamoun,Kechrid,1
Kamoun,Khrouf,1
Kamoun,Kolsi,1
Kamoun,Kriaa,1
Kamoun,Lasram,1
Kaouech,Kchouk,1
Kaouech,Khelil,1
Kaouel,Sayah,1
Karaborni,Lasram,1
Karkar,Kotrane,1
Karkouba,Sohlobji,1
Karoui,Kotrane,1
Karoui,Mekki,1
Karoui,Mosrian,1
Karoui,Salah,1
Karoui,Smaoui,1
Karoui,Srarfi,1
Karoui,Testouri,1
Karoui,Tounsi,1
Karoui,Zaafrani,1
Karoui,Zafzouf,1
Karray,Othman,1
Karrech,Tahenti,1
Kasbi,Tanfous,1
Kasraoui,Romdhane,1
Kasri,Zmerli,1
Kassaagi,Kobrosli,1
Kassaagi,Mustapha,1
Kassaagi,Youssef,1
Kassar,Kedidi,1
Kassar,Mehdaoui,1
Kassar,Mrad,1
Kassar,Saadaoui,1
Kassar,Shabou,1
Kassar,Slama,1
Kassar,Slamia,1
Kassar,Vichy,1
Kassous,Mghirbi,1
Kastalli,Mahjoub,1
Kastalli,Slama,1
Kastalli,Thabet,1
Kastalli,Tnani,1
Katlane,Mamlouk,1
Katlane,Messaoud,1
Kchouk,Mamlouk,1
Kchouk,Miled,1
Kchouk,Nila,1
Kchouk,Saafi,1
Kchouk,Settari,1
Kchouk,Zaibi,1
Kebaili,Lévy-Despas,1
Kebaili,Romdhane,1
Kebaili,Senut,1
Kebaili,Slama,1
Kebaili,Snoussi,1
Kebakbi,Turkia,1
Kechaou,Kolsi,1
Kechrid,Kolsi,1
Kechrid,Malouche,1
Kechrid,Namou,1
Kechrid,Sfar,1
Kechrid,Zenaidi,1
Kedadi,Touzani,1
Kedadouche,M'timet,1
Kefi,Mousli,1
Kefi,Yahia,1
Kemiha,Khouja,1
Kendil,Youssef,1
Kerkech,Medimagh,1
Kerkeni,Mghirbi,1
Ketari,Lamine,1
Ketari,Sassi,1
Ketari,Zouiten,1
Ketata,Mziou,1
Khachlouf,Miled,1
Khachlouf,Zeghab,1
Khaddar,Khaznadar,1
Khaddar,Khouja,1
Khaddar,Ksontini,1
Khaddar,Maamouri,1
Khaddar,Messaoud,1
Khaddar,Miled,1
Khaddar,Rachdi,1
Khadijé,Romdhane,1
Khaled,Khalifa,1
Khaled,Sellami,1
Khaled,Turki,1
Khalfallah,Slamia,1
Khalfet,Majoul,1
Khalladi,Meddeb,1
Khalsi,Lakhoua,1
Khalsi,Lasram,1
Khalsi,Mahouachi,1
Khanfir,Marsaoui,1
Kharrat,Mlouka,1
Khattabi,Miled,1
Khattech,Klibi,1
Khattech,Moatemri,1
Khattech,Naili,1
Khattech,Ouenzerfi,1
Khattech,Ouertatani,1
Khatteche,Sidommou,1
Khayat,Zarrouk,1
Khayati,Mbarek,1
Khayati,Mghirbi,1
Khayem,Marouki,1
Khaznadar,Noomen,1
Khaznadar,Salhi,1
Khedher,Turkia,1
Khedhiri,Zaghouani,1
Khedhri,Ouanes,1
Khefacha,Nouira,1
Khefacha,Sedrine,1
Khelifa,Kilani,1
Khelifa,Mhedhbi,1
Khelifa,Mrad,1
Khelifa,Zitouna,1
Khelil,Mzali,1
Khelil,Ouanes,1
Khemira,Ouanes,1
Khemiri,Siala,1
Khemiri,Torjemane,1
Khemiri,Triki,1
Khemiri,Yedder,1
Khenissi,Sedrine,1
Khiari,Mahjoub,1
Khiari,Marsaoui,1
Khiari,Mrabet,1
Khiari,Tnani,1
Khil,Romdhane,1
Khira,Riahi,1
Khlass,Larbi,1
Khlass,Mestiri,1
Khodja,Skander,1
Khomsi,Robbana,1
Khomsi,Tnani,1
Khosrof,Materi,1
Khouaja,Mahmoud,1
Khouaja,Mlouka,1
Khouaja,Sassi,1
Khouaja,Youssef,1
Khoud,Mrabet,1
Khoudja,Ouertani,1
Khoudja,Rebia,1
Khoudja,Trabelsi,1
Khoudja,Verney,1
Khoudja,Zouaoui,1
Khoufi,Miled,1
Khouini,Kilani,1
Khouini,Malléjac,1
Khouini,Salem,1
Khouini,Wardalitou,1
Khouja,Mousli,1
Khouja,Sandli,1
Khouja,Sfaxi,1
Khoury,Touzani,1
Khrouf,Lamouri,1
Khrouf,Razgallah,1
Kilani,Ouanes,1
Kilani,Siala,1
Kim,Zitouna,1
Klepatsky,Slim,1
Klibi,Koubekji,1
Klibi,Laghmani,1
Klibi,Moussa,1
Klibi,Romdhane,1
Klibi,Rustum,1
Klibi,Tkhayat,1
Klibi,Torjemane,1
Klibi,Youssef,1
Kmiha,Mechim,1
Kobrosli,Salah,1
Kobrosli,Zaïri,1
Kochbati,Mlouka,1
Kooli,Sakka,1
Korbi,Lahmandi,1
Kort,Mghirbi,1
Kortbi,Mousli,1
Kotrane,Rejab,1
Kotrane,Zribi,1
Kouki,Layouni,1
Kouki,Malki,1
Kourda,Saïed,1
Kourda,Srarfi,1
Koutar,Razgallah,1
Krarti,Tnani,1
Kriaa,Mdhafer,1
Kriaa,Rebai,1
Kriaa,Seidel,1
Kriaa,Sellami,1
Krichene,Larbi,1
Krid,Zafzouf,1
Kridan,Tnani,1
Krimi,Marouki,1
Ktari,Slamia,1
Laajili,Saad,1
Laamari,Zid,1
Laatar,Sassi,1
Laatiri,Mustapha,1
Labassi,Meddeb,1
Labbane,Nelson,1
Labidi,Talbi,1
Labidi,Verena,1
Lachiheb,Riahi,1
Ladhari,Stambouli,1
Ladjimi,Malouche,1
Ladjimi,Mizrioui,1
Ladjimi,Rachdi,1
Ladjimi,Romdhane,1
Ladjimi,Yahia,1
Ladjimi,Zarrouk,1
Laghbabi,Slim,1
Laghouil,Romdhane,1
Lahbib,Trabelsi,1
Lahmandi,Miled,1
Lahmandi,Yeddes,1
Lahmer,Stambouli,1
Lahouag,Yahmed,1
Lajili,Stambouli,1
Lajnef,Triaa,1
Lakhal,Stambouli,1
Lakhdhar,Sedrine,1
Lakhdhar,Zbouna,1
Lakhoua,Mbazaa,1
Lakhoua,Mouchet,1
Lakhoua,Nessir,1
Lakhoua,Snoussi,1
Lamine,Mbazaa,1
Lamine,Murzi,1
Lamine,Mzah,1
Lamine,Othmani,1
Lamine,Sabbagh,1
Lamine,Sfar,1
Lamine,Yahia,1
Lamouchi,Larbi,1
Lamroussi,Stambouli,1
Langar,Makhlouf,1
Laouani,Mrabet,1
Laouirine,Yedder,1
Larbi,Shili,1
Larguèche,Mamlouk,1
Laribi,Mnara,1
Laribi,Slama,1
Larnaout,Miled,1
Laroussi,Mahjoub,1
Laroussi,Mahmoud,1
Laroussi,Miled,1
Lasram,Louzir,1
Lasram,Mansour,1
Lasram,Mestiri,1
Lasram,Miled,1
Lasram,Mokaddem,1
Lasram,Naouar,1
Lasram,Rais,1
Lasram,Romdhane,1
Lasram,Sellami,1
Lasram,Zezia,1
Lazrak,Riahi,1
Leblond,Mrad,1
Lefi,Saada,1
Lejeune,Sedrine,1
Lejri,Sfar,1
Lemkacher,Mahjoub,1
Lengliz,Rejab,1
Lengliz,Temimi,1
Letaïef,Nabli,1
Letaïef,Youssef,1
Liimatainen,Siala,1
Likens,Zarrouk,1
Lioui,Mahjoub,1
Lioui,Rabbeh,1
Logani,Sidoumou,1
Logani,Thameur,1
Louati,Razgallah,1
Louhichi,Mehri,1
Lounitch,Mrad,1
Louzir,Maaouia,1
Louzir,Yamak,1
M'Rad,Miled,1
M'barek,Rouissi,1
M'barek,Slimane,1
Maamouri,Sghaier,1
Maamouri,Slimane,1
Maaoui,Mahjoub,1
Maaoui,Mokhtar,1
Maaoui,Tnani,1
Maaoui,Zid,1
Maaref,Mnakbi,1
Maaref,Toumi,1
Mabrouk,Romdhane,1
Maghraoui,Youssef,1
Mahbouli,Mestiri,1
Mahdi,Osman,1
Mahdi,Sanchou,1
Mahjoub,Mahmoud,1
Mahjoub,Malki,1
Mahjoub,Meddeb,1
Mahjoub,Mnakbi,1
Mahjoub,Mrad,1
Mahjoub,Noomen,1
Mahjoub,Ouerfelli,1
Mahjoub,Saada,1
Mahjoub,Sakkal,1
Mahjoub,Slamia,1
Mahjoub,Snoussi,1
Mahjoub,Tebourbi,1
Mahjoub,Temimi,1
Mahjoub,Vernet,1
Mahjoub,Zarrouk,1
Mahjouba,Zid,1
Mahmoud,Majoul,1
Mahmoud,Mamlouk,1
Mahmoud,Mufti,1
Mahmoud,Nakbi,1
Mahmoud,Senemaud,1
Mahrez,Samouda,1
Majdoub,Mghirbi,1
Majdoub,Zaafrani,1
Majoul,Oueslati,1
Majoul,Seddik,1
Majoul,Tanfous,1
Majoul,Turki,1
Majouli,Troudi,1
Makhlouf,Othman,1
Makhlouf,Youssef,1
Makni,Trabelsi,1
Malki,Meddeb,1
Malki,Zaafrani,1
Mallek,Triki,1
Malouch,Tarzi,1
Malouche,Ounis,1
Malouche,Zbouna,1
Mami,Mamlouk,1
Mami,Maâli,1
Mami,Rammah,1
Mami,Sassi,1
Mami,Tnani,1
Mami,Turki,1
Mami,Youssef,1
Mamlouk,Naouar,1
Mamlouk,Zohra,1
Manai,Mrabet,1
Manai,Saiji,1
Manai,Turki,1
Manjour,Mourali,1
Manjour,Moussa,1
Mannai,Tahri,1
Mansour,Meherzi,1
Mansour,Mousli,1
Mansour,Saidane,1
Mansouri,Messaoud,1
Marchaoui,Moussa,1
Margueritta,Mrad,1
Marie,Romdhane,1
Marsaoui,Yazid,1
Mascaro,Nicolas,1
Masmoudi,Sassi,1
Massia,Saccoman,1
Materi,Mrad,1
Materi,Triki,1
Mathlouthi,Trabelsi,1
May,Quéré,1
May,Turki,1
May,Zahar,1
Mazigh,Zakour,1
Maâtoug,Moussa,1
Mbarek,Sebaï,1
Mbarek,Yahia,1
Mbazaa,Mrabet,1
Mbazaa,Ouakdi,1
Mbazaa,Rais,1
Mechennef,Zakkaria,1
Mechim,Mrad,1
Medalji,Mestaoui,1
Medassi,Stambouli,1
Meddeb,Mokaddem,1
Meddeb,Mrabet,1
Meddeb,Ouanes,1
Meddeb,Slama,1
Meddeb,Slimane,1
Meddeb,Somrani,1
Meddeb,Thabet,1
Meddeb,Tijani,1
Meddeb,Zakour,1
Medelgi,Montelatici,1
Meftah,Mestiri,1
Mehdaoui,Saad,1
Mehdoui,Nacef,1
Meherzi,Mlouka,1
Meherzi,Mrad,1
Meherzi,Sfar,1
Meherzi,Slama,1
Meherzi,Souissi,1
Meherzi,Temimi,1
Meherzi,Tnani,1
Meherzi,Trabelsi,1
Meherzi,Turki,1
Meherzi,Zaher,1
Meherzi,Zakkaria,1
Meherzi,Zbouna,1
Meliani,Slimane,1
Melliti,Tnani,1
Mellouli,Moussa,1
Memmi,Mrad,1
Memmi,Othman,1
Memmi,Toumi,1
Messaadi,Othman,1
Messaadi,Taïeb,1
Mestiri,Osman,1
Mezghani,Mziou,1
Mezgheni,Mghirbi,1
Mezhoud,Mrad,1
Mezhoud,Naanaa,1
Mezni,Youssef,1
Mghaieth,Yedder,1
Mghirbi,Selmene,1
Mghirbi,Zaiane,1
Mhedhbi,Zouari,1
Mheni,Razgallah,1
Mhenni,Mufti,1
Mhirsi,Mohsen,1
Miceli,Yahia,1
Miladi,Toumi,1
Miladi,Trabelsi,1
Miled,Othman,1
Miled,Oueslati,1
Miled,Rejab,1
Miled,Youssef,1
Miled,Zakour,1
Miled,Zitouna,1
Mimita,Salah,1
Mlayah,Youssef,1
Mlouka,Oukaci,1
Mlouka,Pedone,1
Mlouka,Romdhane,1
Mlouka,Sarraj,1
Mlouka,Sefi,1
Mnaouar,Othman,1
Mohamed,Sbaouelgi,1
Mokaddem,Sedrine,1
Mokaddem,Stambouli,1
Mokdad,Mâamouri,1
Mokdad,Neffati,1
Mokdad,Zmitri,1
Mouaffak,Sidommou,1
Moujbani,Osman,1
Moulehom,Zbouna,1
Mouléh,Mrad,1
Mounadi,Riahi,1
Mounira,Zakkaria,1
Mourali,Mrad,1
Mourali,Romdhane,1
Mourali,Tounsi,1
Mourali,Zarrouk,1
Mousli,Nasra,1
Mousli,Saada,1
Mousli,Sanchou,1
Moussa,Ouanes,1
Moussa,Sakli,1
Moussa,Skhiri,1
Moussa,Slamia,1
Mrabet,Negra,1
Mrabet,Noura,1
Mrabet,Osman,1
Mrabet,Othman,1
Mrabet,Robbana,1
Mrabet,Rokbani,1
Mrabet,Saidi,1
Mrabet,Zarraa,1
Mrabet,Zribi,1
Mrad,Naanaa,1
Mrad,Othman,1
Mrad,Pelé,1
Mrad,Rachid,1
Mrad,Refai,1
Mrad,Riahi,1
Mrad,Sabiha,1
Mrad,Sadfi,1
Mrad,Sanctis,1
Mrad,Saïd,1
Mrad,Saïdi,1
Mrad,Siragusa,1
Mrad,Slama,1
Mrad,Slimen,1
Mrad,Smiri,1
Mrad,Tarrouch,1
Mrad,Toumi,1
Mrad,Zakraoui,1
Mrad,Zarrad,1
Mrad,Zouari,1
Mufti,Nejma,1
Mufti,Soudani,1
Muscat,Saccoman,1
Mustapha,Navarro,1
Mustapha,Zitouna,1
Mustapha,Zouhir,1
Mzabi,Touzani,1
Mzali,Slama,1
Mziou,Salem,1
Mziou,Zouari,1
Mzoughi,Sadfi,1
Mzoughi,Triki,1
Mâatouk,Nebi,1
Mâatouk,Nouira,1
Mâatouk,Slamia,1
Méliani,Ouertatani,1
Méliani,Romdhane,1
Naccache,Naceur,1
Nacef,Trabelsi,1
Naffati,Ourabi,1
Naffati,Turkia,1
Nahali,Troudi,1
Naja,Yamak,1
Naji,Smadhi,1
Naji,Yahia,1
Najjar,Rebai,1
Nakaa,Sayadi,1
Nakhli,Zarrouk,1
Naouar,Zitouna,1
Nasr,Stambouli,1
Nefzi,Razgallah,1
Nefzi,Zouari,1
Neïli,Stambouli,1
Nouira,Ouertani,1
Nouisri,Trabelsi,1
Nouri,Tnani,1
Nouri,Youssef,1
Nouri,Zid,1
Néji,Zafzouf,1
Omrane,Triki,1
Omrane,Yedder,1
Osman,Othman,1
Osman,Ouakdi,1
Osman,Redissi,1
Osman,Schoen,1
Othman,Sassi,1
Othman,Sellami,1
Othman,Slimen,1
Othman,Soua,1
Othman,Zaïed,1
Oued,Zouari,1
Ouenniche,Sebaï,1
Ouertani,Raies,1
Ouertani,Youssef,1
Ouni,Talbi,1
Penaud,Slim,1
Radhouane,Saidane,1
Raffo,Vignale,1
Rahal,Romdhane,1
Rahal,Salem,1
Rahal,Sidoumou,1
Rahal,Slimane,1
Rassaa,Tarek,1
Razgallah,Turkia,1
Redjeb,Riahi,1
Refai,Slama,1
Rejab,Saidane,1
Rejab,Samoud,1
Rejab,Tnani,1
Rejab,Youssef,1
Rejab,Zenaidi,1
Rejab,Zmerli,1
Ressaissi,Salah,1
Riahi,Tahenti,1
Riahi,Zid,1
Riza-Pacha,Romdhane,1
Romdane,Romdhane,1
Romdhane,Sadia,1
Romdhane,Savier,1
Romdhane,Senane,1
Romdhane,Temimi,1
Romdhane,Tortorici,1
Romdhane,Toumi,1
Romdhane,Turque,1
Saada,Slimane,1
Saffar,Zafzouf,1
Sahli,Trabelsi,1
Sahnoun,Troudi,1
Saidane,Smati,1
Saiji,Tnani,1
Sakka,Sdiri,1
Sakka,Stambouli,1
Sakka,Zouhir,1
Sakli,Sioud,1
Sakli,Tabka,1
Sakli,Terrass,1
Salah,Zalila,1
Salem,Smati,1
Salem,Temimi,1
Salem,Thabet,1
Salem,Torjemane,1
Salem,Youssef,1
Salha,Troudi,1
Sallem,Selmene,1
Samandi,Slamia,1
Samandi,Yahia,1
Samandi,Zbouna,1
Sancho,Tahri,1
Sanhaji,Temimi,1
Sanhaji,Turkia,1
Sarsar,Souissi,1
Sassi,Selmene,1
Sayadi,Slamia,1
Sbaouelgi,Tabbakh,1
Sedrine,Snine,1
Sedrine,Tarchouna,1
Sedrine,Youssef,1
Selmene,Zouhra,1
Sfar,Youssef,1
Sherei,Youssef,1
Siala,Smaoui,1
Siala,Trifa,1
Siala,Zaafrani,1
Skandrani,Thyrman,1
Slama,Tabbane,1
Slamia,Yahia,1
Slamia,Zabedi,1
Slim,Stepleton,1
Slimane,Soukeh,1
Slimane,Youssef,1
Smaoui,Stambouli,1
Smida,Turki,1
Smouali,Soua,1
Snoussi,Temimi,1
Snoussi,Zakkaria,1
Snène,Zaouali,1
Soua,Tebourbi,1
Soulaï,Trabelsi,1
Soumer,Youssef,1
Takali,Zaafrani,1
Talbi,Turki,1
Talhaoui,Zarrouk,1
Tamzali,Zmerli,1
Tanfous,Zarrouk,1
Tarrouche,Zeghab,1
Temimi,Trabelsi,1
Temimi,Yakhou,1
Temimi,Zbouna,1
Thomas,Youssef,1
Thraya,Zmerli,1
Tlatli,Yahia,1
Tnani,Toumi,1
Tortorici,d'Affronto,1
Trabelsi,Troudi,1
Trabelsi,Turkia,1
Trabelsi,Zakiz,1
Trad,Zaïed,1
Tritar,Zid,1
Tritar,d'Anna,1
Troudi,Yahia,1
Troudi,Zerig,1
Turki,Zaragoza,1
Yamak,Yared,1
Yedder,Zarrouk,1
Youssef,Zakour,1
Youssef,Ziadi,1
Youssef,Zid,1
Youssef,Zneiguia,1
Youssef,Zouhir,1
Zaafrani,Zitouna,1
Zahouani,Zarrouk,1
