family,people,marriages,allies,endogamous
Bey,664,218,160,18
Mrad,360,117,95,4
Cherif,375,96,80,3
Ammar,416,66,60,0
Darghouth,191,53,42,2
Miled,315,51,42,1
Youssef,181,49,49,2
Romdhane,146,49,47,4
Mahjoub,168,48,45,3
Ayed,198,41,38,20
Gaigi,115,38,38,0
Amor,87,38,33,1
Trabelsi,107,36,33,0
Hayder,81,36,26,1
Bahri,234,34,33,0
Mrabet,153,33,28,3
Osman,85,33,29,1
Abdallah,221,31,29,0
Mahmoud,208,31,27,0
Ali,83,31,30,0
Fourati,90,30,26,1
Hachaichi,118,29,26,2
Karoui,113,29,25,1
Ennigrou,58,29,25,2
Chaabane,152,28,28,0
Bouraoui,57,28,27,1
Hentati,52,28,22,1
Lasram,240,27,26,1
Meddeb,148,27,26,1
Mlouka,77,27,25,2
Belkadhi,148,26,25,2
Zarrouk,115,26,24,0
Ghariani,110,26,25,1
Gharbi,106,26,24,1
Tnani,91,26,26,0
Abid,73,25,25,0
Chaari,47,25,16,0
Slama,104,24,23,1
Othman,97,24,24,1
Lakhoua,346,23,22,4
Riahi,159,23,19,0
Essebsi,91,23,23,0
Ezzine,68,23,17,3
Bahroun,56,23,17,0
Mghirbi,54,23,18,0
Meherzi,188,22,22,0
Jaafar,160,22,19,0
Temimi,90,22,21,0
Klibi,74,22,21,2
Kallel,48,22,20,0
Essid,41,22,20,0
Farah,201,21,19,1
Kahia,107,21,13,4
Chedli,56,21,20,2
Maamouri,46,21,17,1
Stambouli,44,21,21,0
Belkhodja,438,20,19,0
Ennaifer,308,20,20,0
Chelbi,124,20,19,0
Gastli,44,20,13,0
Hemriti,33,20,14,1
Kamel,99,19,19,0
Salem,98,19,19,0
Yedder,95,19,17,1
Bellamine,89,19,17,3
Yahia,59,19,18,0
Dziri,54,19,16,0
Abdelmoula,44,19,19,0
Makhlouf,40,19,10,0
Ghachem,171,18,17,5
Hanachi,98,18,17,1
Zaafrani,90,18,15,0
Salah,82,18,16,4
Bennani,79,18,18,0
Kacem,73,18,17,1
Mouaffak,67,18,13,1
Chaouch,64,18,16,0
Zakour,63,18,18,0
Almi,62,18,16,0
Djemali,41,18,18,0
Elloumi,40,18,17,0
Zid,37,18,16,0
Jaouada,32,18,17,0
Lamine,31,18,16,1
Slamia,29,18,17,0
Achour,166,17,15,1
Sfar,108,17,15,0
Turki,103,17,17,0
Aissa,92,17,17,0
Bahi,91,17,17,0
Hamza,88,17,17,0
Mamlouk,82,17,14,0
Siala,79,17,16,1
Sedrine,77,17,16,0
Kassar,72,17,17,3
Abdeljaoued,49,17,16,0
Zitouna,29,17,15,0
Annabi,106,16,16,0
Hamba,97,16,16,0
Errais,42,16,14,1
Chebil,39,16,14,0
Alouini,28,16,13,1
Khaddar,27,16,15,0
Zbouna,26,16,14,0
Troudi,23,16,15,0
Mustapha,105,15,15,0
Hamida,98,15,15,0
Mami,95,15,15,1
Moussa,54,15,15,1
Gorgi,43,15,15,1
Slimane,43,15,15,0
Chamari,41,15,15,0
Gara,28,15,9,0
Mziou,27,15,13,0
Kchouk,144,14,14,0
Attia,129,14,14,0
Azzouz,103,14,11,0
Ahmed,68,14,11,0
Ladjimi,61,14,14,0
Torjemane,48,14,13,0
Belhouane,41,14,13,0
Rejab,41,14,13,0
Djilani,36,14,12,0
Belhadj,32,14,13,0
Zidi,24,14,8,0
Baïram,117,13,13,0
Snoussi,101,13,13,0
Ezzeddine,100,13,13,0
Saada,87,13,12,0
Ettabaa,72,13,12,0
Haddad,67,13,11,0
Triki,59,13,13,0
Mabrouk,58,13,11,0
Abassi,51,13,12,0
Jemaa,46,13,12,0
Kamoun,46,13,12,0
Dhiaf,41,13,12,0
Amara,34,13,12,0
Turkia,30,13,13,1
Chiboub,29,13,12,0
Hachicha,28,13,13,0
Bouslama,25,13,13,0
Khouini,24,13,13,0
Kechrid,20,13,13,1
Majoul,283,12,12,0
Mestiri,267,12,12,1
Jaziri,123,12,12,0
Farhat,113,12,12,0
Mousli,71,12,12,1
Cheikh,68,12,12,0
Azouz,62,12,12,0
Chamakh,49,12,12,0
Hafsia,47,12,12,0
Khaznadar,41,12,7,0
Kriaa,35,12,11,0
Katlane,23,12,10,0
Jelili,19,12,12,0
Malouche,19,12,12,0
Chahed,193,11,11,0
Materi,105,11,10,0
Fayache,72,11,9,0
Bouhejba,63,11,11,0
Blaiech,61,11,10,0
Khouaja,49,11,11,0
Bacha,46,11,10,0
Kaddour,46,11,10,1
Toumi,45,11,10,0
Baoueb,43,11,11,0
Ismail,37,11,11,1
Tebourbi,37,11,11,0
Khouja,36,11,11,0
Ayadi,35,11,10,0
Ghattas,35,11,11,1
Driss,31,11,10,0
Ouertani,31,11,10,0
Bennour,29,11,11,0
Esseghir,28,11,11,0
Touzani,26,11,11,0
Dimassi,25,11,11,0
Marsaoui,22,11,11,0
Boufares,19,11,11,1
Guebila,19,11,11,0
Abed,16,11,11,0
Larbi,15,11,10,0
Baccouche,114,10,9,2
Mansour,92,10,10,0
Zouari,61,10,10,0
Gmati,59,10,10,0
Lassoued,54,10,7,0
Hached,46,10,10,0
Abdelkafi,45,10,9,0
Boujemaa,41,10,10,0
Larguèche,36,10,7,1
Boudabbous,35,10,10,0
Doghri,31,10,10,2
Gargouri,28,10,10,0
Khemiri,28,10,10,0
Sahli,27,10,9,0
Guiga,26,10,8,0
Abdennebi,24,10,10,0
Kotrane,21,10,9,2
Atallah,20,10,6,0
Gueddiche,20,10,7,0
Jazi,18,10,7,0
Selmene,17,10,9,0
Hantous,15,10,10,1
Asli,11,10,10,0
Rassaa,214,9,9,0
Mokaddem,131,9,9,0
Naji,78,9,7,0
Belochi,56,9,8,3
Maaouia,51,9,9,0
Brahim,43,9,8,0
Ayari,41,9,7,0
Memmi,39,9,9,0
Ati,37,9,9,0
Chedly,37,9,9,0
Fekih,36,9,9,0
Robbana,35,9,8,0
Sassi,34,9,9,0
Zakkaria,33,9,6,1
Chtioui,32,9,8,0
Dridi,31,9,9,0
Aissaoui,27,9,8,0
Fallah,27,9,8,0
Gordah,27,9,9,0
Mbarek,25,9,7,0
Hachani,24,9,9,0
Ketari,24,9,9,0
Lahbib,24,9,6,0
May,24,9,9,0
Derouiche,23,9,9,0
Farza,22,9,9,1
Cherifa,20,9,7,0
Khoudja,20,9,9,0
Saad,20,9,9,0
Zouhir,20,9,9,0
Chadou,19,9,8,0
Ouanes,19,9,9,0
Ayoub,18,9,9,0
Maaoui,18,9,9,0
Ghoul,17,9,9,0
Razgallah,16,9,9,0
Sakka,89,8,8,0
Daoud,64,8,8,0
Khelil,62,8,7,0
Belhassine,61,8,8,0
Louzir,56,8,8,0
Bellagha,53,8,8,1
Denguezli,52,8,8,0
Khalsi,51,8,7,0
Akrout,50,8,7,0
Chaouachi,49,8,7,0
Zmerli,49,8,8,0
Hajri,37,8,8,0
Abdelmoumen,35,8,7,1
Mhedhbi,31,8,8,0
Sabbagh,31,8,7,0
Baraket,30,8,6,0
Khelifa,29,8,8,0
Bouthour,28,8,8,0
Chelaifa,28,8,5,0
Mufti,25,8,8,0
Rahal,24,8,8,0
Sbaouelgi,23,8,8,0
Euch,20,8,7,0
Aouij,19,8,8,2
Ghorbel,19,8,8,0
Zafzouf,19,8,8,0
Essafi,17,8,8,0
Hassouna,16,8,7,0
Glenza,15,8,8,0
Boudhina,14,8,8,0
Jegham,13,8,8,0
Harzallah,11,8,6,0
Halouani,10,8,7,0
Zouiten,86,7,6,0
Hammami,63,7,7,0
Hassine,52,7,7,0
Guellaty,48,7,7,0
Sebaï,40,7,7,0
Jaafoura,36,7,7,0
Bessaies,35,7,6,0
Tounsi,35,7,7,0
Sellami,33,7,7,0
Ennouri,32,7,7,0
Kilani,32,7,7,0
Hamila,28,7,7,0
Maaref,28,7,7,0
Thabet,28,7,6,0
Anane,27,7,7,2
Hanafi,26,7,5,0
Boukef,22,7,6,0
Saidane,22,7,7,0
Hassoumi,21,7,6,1
Fakher,20,7,7,0
Zehani,20,7,6,1
Debbiche,19,7,7,0
Kebaili,19,7,7,0
Khattech,19,7,7,0
Gammoudi,18,7,7,0
Daghfous,17,7,7,0
Sakli,17,7,7,4
Boubaker,16,7,7,0
Bousnina,16,7,6,0
Letaïef,16,7,7,0
Ghanem,15,7,7,0
Jerbi,15,7,7,0
Jennat,12,7,7,0
Mokdad,12,7,7,0
Amer,11,7,5,0
Soua,10,7,7,1
Yamak,10,7,7,0
Messaadi,9,7,6,0
Redissi,8,7,5,0
Mzali,199,6,6,1
Djait,109,6,5,0
Dellagi,95,6,6,0
Mbazaa,76,6,6,0
Benzarti,74,6,6,0
Beji,65,6,5,0
Zouaoui,62,6,5,0
Essaidi,49,6,5,0
Bostangi,47,6,6,0
Mourali,47,6,6,0
Besbes,39,6,6,0
Oueslati,39,6,6,0
Kefi,37,6,6,0
Zaied,37,6,6,0
Jemail,34,6,5,0
Haouet,32,6,6,0
Masmoudi,32,6,6,1
Boutiba,31,6,5,0
Omrane,31,6,6,1
Baccar,29,6,6,0
Chaker,29,6,5,0
Bouderbala,26,6,5,0
Kastalli,25,6,6,0
Sghaier,24,6,5,0
Azzabi,23,6,6,0
Laouiti,23,6,4,0
Sadfi,23,6,6,0
Jed,20,6,6,2
Kourda,19,6,4,0
Bouassida,18,6,6,0
Anoun,17,6,6,0
Hamouda,17,6,5,0
Saiji,17,6,5,0
Zbidi,16,6,5,0
Ayachi,15,6,6,0
Fehri,14,6,5,0
Kolsi,14,6,6,0
Bouguerra,13,6,6,1
Kaabachi,12,6,6,0
Kammoun,12,6,6,0
Logani,12,6,6,0
Khrouf,11,6,6,0
Balti,10,6,5,0
Bouhafa,8,6,6,0
Mâatouk,8,6,6,0
Chahmi,7,6,6,0
Dhrif,7,6,6,0
Frini,6,6,6,0
Hadid,6,6,6,0
Belhassen,69,5,5,0
Khaled,59,5,5,0
Agha,58,5,5,0
Slim,54,5,5,0
Hassen,53,5,5,0
Landolsi,40,5,5,0
Kabani,32,5,5,0
Abdelli,31,5,4,0
Accacha,30,5,5,0
Belkhiria,29,5,5,1
Bouattour,28,5,5,2
Douagi,28,5,5,0
Khiari,28,5,5,0
Babbou,27,5,5,0
Berrim,27,5,3,1
Chebbi,27,5,5,0
Lakhdhar,27,5,5,0
Malki,25,5,5,1
Soudani,24,5,5,0
Dhifallah,23,5,5,0
Chelli,22,5,5,0
Hassairi,22,5,5,0
Guizani,21,5,5,0
Bornaz,20,5,4,0
Hmida,20,5,3,0
Fadhel,19,5,5,0
Kooli,19,5,4,0
Mechim,19,5,5,0
Mehdaoui,19,5,5,0
Mzoughi,19,5,4,0
Zenaidi,19,5,5,0
Chatti,16,5,5,0
Ghaliounji,16,5,5,0
Hamda,16,5,5,0
Gribaa,15,5,5,0
Essaddam,14,5,5,0
Fendri,14,5,5,0
Lazrak,14,5,4,0
Mlayah,14,5,5,0
Souissi,13,5,5,0
Kassaagi,12,5,5,0
Sanhaji,12,5,5,0
Guellouz,11,5,4,0
Jemiaa,11,5,5,0
Refai,11,5,5,1
Brahem,10,5,5,0
Bransi,10,5,5,0
Chahtour,10,5,3,0
Jamel,10,5,5,0
Khayati,10,5,4,0
Chaâbane,9,5,5,0
Ghali,9,5,5,0
Guerbâa,8,5,5,0
Jebali,8,5,5,0
Labbane,8,5,5,0
Talbi,8,5,5,0
Arfaoui,7,5,5,0
Jelassi,7,5,5,0
Jerad,5,5,5,0
Sarsar,5,5,4,0
Jouini,97,4,4,0
Boussen,95,4,4,0
Haffani,79,4,4,0
Bourguiba,78,4,4,0
Nouira,78,4,4,0
Mokrani,66,4,4,0
Ouahchi,61,4,3,0
Laroussi,59,4,4,0
Labidi,55,4,4,0
Douik,45,4,4,0
Houissa,40,4,4,2
Mellouli,37,4,4,0
Medelgi,36,4,4,1
Bouhaouala,35,4,4,0
Okbi,33,4,4,0
Boukhris,32,4,4,0
Bouhachem,30,4,4,0
Naccache,29,4,4,0
Hicheri,28,4,3,0
Khatteche,28,4,4,0
Abbassi,27,4,4,1
Balma,27,4,4,0
M'barek,27,4,4,0
Khodja,26,4,2,0
Cheriki,25,4,4,0
Chérif,24,4,4,0
Kouki,24,4,4,0
Mehiri,24,4,4,0
Ouakdi,24,4,4,0
Arfa,22,4,4,0
Sidoumou,21,4,4,0
Naouar,20,4,4,0
Rais,20,4,4,0
Smida,20,4,4,0
Tanfous,20,4,4,0
Hadjouj,19,4,4,0
Manai,19,4,4,0
Charfi,17,4,4,0
Nouri,17,4,4,0
Ferjani,16,4,4,0
Yahmed,16,4,4,0
Abdelwahab,15,4,4,0
Abdennabi,14,4,4,1
Azizi,14,4,4,0
Aïssa,14,4,4,0
Boukordegha,14,4,4,0
Rachid,14,4,4,0
Charfeddine,13,4,4,0
Fakhfakh,13,4,3,0
Laatar,13,4,4,0
Asses,12,4,4,0
Bahram,12,4,4,0
Bouhadra,12,4,2,1
Gmach,12,4,3,0
Khil,12,4,4,0
Malek,12,4,4,0
Allal,11,4,4,0
Bessaidi,11,4,4,0
Bessrour,11,4,4,0
Drissi,11,4,4,0
Essoussi,11,4,4,0
Hlioui,11,4,4,0
Slimen,11,4,3,0
Ateb,10,4,4,0
Charrad,10,4,3,0
Chouchene,10,4,4,0
Helali,10,4,4,0
Lahmer,10,4,4,0
Mechri,10,4,4,0
Naceur,10,4,4,0
Rekik,10,4,4,0
Ameur,8,4,4,0
Makni,8,4,3,0
Manjour,8,4,4,0
Naanaa,8,4,4,0
Shili,8,4,4,0
Smati,8,4,4,0
Trad,8,4,3,0
Hanayen,7,4,4,0
Hchim,7,4,3,0
Hendaoui,7,4,4,0
Khalfet,7,4,3,0
Langar,7,4,3,0
Medimagh,7,4,4,0
Rachdi,7,4,4,0
Younes,7,4,3,0
Zaghouani,7,4,4,0
Bouzayen,6,4,4,0
Charchour,6,4,4,0
Khachlouf,6,4,3,0
Majdoub,6,4,3,0
Messaoud,6,4,4,0
Zakraoui,6,4,4,0
Badssi,5,4,4,0
Ennabli,5,4,4,0
Fersi,5,4,4,0
Hechmi,5,4,3,0
Miladi,5,4,4,0
Boukardougha,4,4,3,0
Frikha,4,4,4,0
Gannouni,4,4,4,0
Garnaoui,4,4,4,0
Kobrosli,4,4,4,0
Marouki,4,4,4,0
Mohamed,4,4,4,0
Djellouli,139,3,3,0
Mohsen,78,3,3,0
Abbes,56,3,3,0
Bouzgarrou,55,3,3,0
Bhouri,50,3,3,0
Zaïed,50,3,3,0
Cheraki,49,3,3,0
Bessaïes,47,3,3,2
Messaoudi,44,3,3,0
Djaït,42,3,3,0
Tabbane,42,3,3,0
Chaar,35,3,3,0
Madani,35,3,3,0
Mnakbi,31,3,3,0
Bokri,30,3,3,0
Guiza,30,3,3,0
Raffo,30,3,3,0
Saidi,30,3,3,0
Lahmandi,29,3,3,0
Gana,25,3,3,0
Ellouze,24,3,3,0
Takali,24,3,2,0
Ghedira,23,3,3,0
Bouaziz,22,3,3,0
Boutouria,22,3,3,0
Béchiri,22,3,3,0
Chakroun,22,3,3,0
Jedidi,22,3,3,0
Bouchnak,21,3,3,0
Bramli,21,3,3,0
Saïed,21,3,3,0
Radhouane,20,3,2,0
Bouchoucha,19,3,3,0
Mzah,18,3,3,0
Ounis,18,3,3,0
Rebai,17,3,3,0
Bezdah,16,3,3,0
Said,16,3,2,0
Abbou,15,3,3,0
Aoun,15,3,3,0
Battikh,15,3,3,0
Cadhi,15,3,3,0
Laribi,15,3,3,0
Abderrazak,14,3,3,0
Allani,14,3,3,0
Smaoui,14,3,3,0
Ferchiou,13,3,2,0
Jouhri,13,3,3,0
Saccoman,13,3,3,0
Tabka,13,3,2,0
Asmi,12,3,3,0
Bartakiz,12,3,3,0
Dakhlaoui,12,3,3,0
Khalfallah,12,3,3,0
Khlass,12,3,3,0
Allagui,11,3,3,0
Chammam,11,3,3,0
Jamoussi,11,3,3,0
Sallem,11,3,3,0
Baltagi,10,3,3,0
Basti,10,3,2,0
Dhif,10,3,3,0
Fahoum,10,3,3,0
Fennira,10,3,3,1
Tarrouche,10,3,3,0
Bouziri,9,3,3,0
Hadriche,9,3,3,0
Jeribi,9,3,3,0
Koubaji,9,3,3,0
Marzouki,9,3,3,0
Zribi,9,3,3,0
Ariguib,8,3,2,0
Daly,8,3,3,0
Kebir,8,3,2,2
Khoufi,8,3,3,0
Mezhoud,8,3,3,0
Soltane,8,3,3,0
Tahenti,8,3,3,0
Habiba,7,3,3,0
Khomsi,7,3,3,0
Louati,7,3,3,0
Nakaa,7,3,3,0
Tekaya,7,3,3,0
Tirari,7,3,3,0
Trimèche,7,3,3,0
Zarraa,7,3,2,0
Azaiez,6,3,3,0
Badr,6,3,3,0
Baffoun,6,3,3,1
Bergaoui,6,3,3,0
Bizid,6,3,3,0
Chekir,6,3,3,0
Guezmir,6,3,3,0
Hamdia,6,3,3,0
Hamrouni,6,3,3,0
Hedda,6,3,2,0
Kaouech,6,3,3,0
Nabli,6,3,3,0
Samandi,6,3,3,0
Tahri,6,3,3,0
Tortorici,6,3,3,0
Belkahia,5,3,3,0
Berrachid,5,3,3,0
Bourara,5,3,3,0
Fazaa,5,3,3,0
Houas,5,3,3,0
Mahdi,5,3,3,0
Miaoui,5,3,3,0
Sidommou,5,3,3,0
Slimani,5,3,3,0
Zerzeri,5,3,3,0
Aloui,4,3,3,0
Ayeb,4,3,3,0
Bennaceur,4,3,3,0
Bouden,4,3,3,0
Boutiti,4,3,3,0
Euchi,4,3,3,0
Fellah,4,3,3,0
Ferchichi,4,3,3,0
Harrouch,4,3,3,0
Lejri,4,3,3,0
Lioui,4,3,3,0
Mahrez,4,3,3,0
Mascaro,4,3,3,0
Zouabi,4,3,2,0
Ach,3,3,3,0
Bouhlila,3,3,3,0
Bouzakoura,3,3,3,0
Chabchoub,3,3,3,0
Chargui,3,3,3,0
Fors,3,3,3,0
Hammouda,3,3,3,0
Khessaïri,3,3,2,0
Laamari,3,3,3,0
Néji,3,3,3,0
Soula,3,3,3,0
Challouf,2,3,3,0
Khefacha,50,2,2,0
Mekki,50,2,2,0
Skandrani,46,2,2,0
M'timet,43,2,2,0
Zahar,38,2,2,0
Gamra,36,2,2,0
Bejaoui,33,2,2,0
Halfaoui,33,2,2,0
Mnara,33,2,2,0
Bouzid,31,2,2,0
Damergi,28,2,2,0
Hayouni,27,2,2,1
Kalai,27,2,2,0
Skander,26,2,2,0
Jied,25,2,2,0
Thameur,25,2,2,0
Chennoufi,24,2,2,0
Baly,23,2,2,0
Sanchou,22,2,2,0
Hamdi,21,2,2,0
Kalfat,21,2,1,0
Rustum,20,2,2,0
Tamzali,19,2,2,0
Mazigh,18,2,2,0
Nafti,18,2,2,0
Baklouti,17,2,2,0
Amri,16,2,2,0
Bekir,16,2,2,0
Kharrat,16,2,2,0
Ksontini,16,2,2,0
Tritar,16,2,2,0
Zorgati,16,2,2,0
Belhaj,15,2,2,0
Chaabini,15,2,2,0
Guissi,15,2,2,0
Kaffel,15,2,2,0
Zardoumi,15,2,1,0
Herelli,14,2,2,0
Chouaieb,13,2,2,0
Ghazzai,13,2,2,0
Rezgui,13,2,2,0
Abdessatar,12,2,2,0
Aloulou,12,2,2,0
Bouzguenda,12,2,2,0
Hjaiej,12,2,2,0
Khalifa,12,2,2,0
Mhirsi,12,2,2,0
Ouali,12,2,2,0
Zitoun,12,2,2,0
Boussabah,11,2,2,3
Dahmani,11,2,2,0
Ghafari,11,2,2,0
Msaed,11,2,2,0
Noomen,11,2,2,0
Sfaxi,11,2,2,0
Zaher,11,2,2,1
Kchir,10,2,2,0
Khayat,10,2,2,0
Sayadi,10,2,2,0
Zahouani,10,2,2,0
Abdelghani,9,2,2,0
Bellakanji,9,2,2,0
Béhi,9,2,2,0
Chouaiech,9,2,2,0
Drira,9,2,2,0
Marzoug,9,2,1,0
Meziou,9,2,2,1
Babay,8,2,2,0
Basly,8,2,2,0
Blouza,8,2,2,0
Bouker,8,2,2,0
Charni,8,2,2,0
Ghozzi,8,2,2,0
Hammi,8,2,2,0
Jmal,8,2,2,0
Kasbi,8,2,2,0
Labassi,8,2,2,0
Larnaout,8,2,2,0
Saffar,8,2,2,0
Srarfi,8,2,2,0
Barbirou,7,2,2,0
Bettaieb,7,2,2,0
Boufeden,7,2,2,1
Boughedir,7,2,2,0
Braham,7,2,2,0
Chebaane,7,2,2,0
Dhaou,7,2,2,0
Dhaoui,7,2,2,0
Essaïes,7,2,2,0
Frija,7,2,2,0
Hannachi,7,2,2,0
Khenissi,7,2,2,0
Lakhdar,7,2,2,0
Mahbouli,7,2,2,0
Mghazli,7,2,2,0
Mhenni,7,2,2,0
Mouelhi,7,2,2,0
Naffati,7,2,2,0
Nejma,7,2,2,0
Saighi,7,2,1,0
Sanaa,7,2,2,0
Sayah,7,2,2,0
Seklani,7,2,2,0
Sohlobji,7,2,2,0
Zanned,7,2,2,0
Zekri,7,2,2,0
Bouaouina,6,2,2,0
Boulaaba,6,2,2,0
Bouneb,6,2,2,0
Bouratbine,6,2,2,0
Bouzouaya,6,2,2,0
Fourti,6,2,2,0
Gaeta,6,2,2,0
Gouider,6,2,2,0
Haouari,6,2,2,0
Kerkeni,6,2,2,0
Khan,6,2,2,2
Kolli,6,2,2,0
Kort,6,2,2,0
Kortobi,6,2,2,0
Kouroghli,6,2,2,0
Kridan,6,2,2,0
M'Rad,6,2,2,0
Malamelli,6,2,2,1
Mebazaa,6,2,2,0
Salhi,6,2,2,0
Sunni,6,2,2,0
Vignale,6,2,2,0
Aidoudi,5,2,2,0
Bader,5,2,2,0
Benjabr,5,2,1,0
Boushaba,5,2,2,0
Chabbouh,5,2,2,0
Dali,5,2,2,0
Gafsi,5,2,2,0
Ghalleb,5,2,2,0
Halim,5,2,2,0
Jeljeli,5,2,2,0
Karrech,5,2,2,0
Kemiha,5,2,2,0
Krid,5,2,2,0
Mehri,5,2,2,0
Messaoudia,5,2,2,0
Mezni,5,2,2,0
Nila,5,2,2,0
Ressaissi,5,2,2,0
Arous,4,2,2,0
Belghith,4,2,2,0
Boulahya,4,2,2,0
Boutara,4,2,2,0
Chouk,4,2,2,0
Dougaz,4,2,2,0
Ellili,4,2,2,0
Fatima,4,2,1,0
Gaied,4,2,2,0
Ghodhbane,4,2,2,0
Jeguirim,4,2,2,0
Kaaniche,4,2,2,0
Kateb,4,2,2,0
Korbi,4,2,2,0
Krarti,4,2,2,0
Ksibi,4,2,2,0
Longo,4,2,2,0
Maamer,4,2,1,0
Naouali,4,2,2,0
Nefzi,4,2,2,0
Ouenzerfi,4,2,2,0
Rammah,4,2,2,0
Touil,4,2,2,0
Triaa,4,2,2,0
Zneiguia,4,2,2,0
Abda,3,2,2,0
Berraiess,3,2,1,0
Binous,3,2,2,0
Boudjedra,3,2,2,0
Boulares,3,2,2,0
Brini,3,2,2,0
Fedhila,3,2,1,0
Fitouri,3,2,2,0
Gahbiche,3,2,2,0
Garbouj,3,2,2,0
Gueddas,3,2,2,0
Hosni,3,2,2,0
Ketata,3,2,2,0
Khira,3,2,2,0
Krichen,3,2,2,0
Krichene,3,2,2,0
Lajimi,3,2,1,0
Menzeli,3,2,2,0
Mghaieth,3,2,2,0
Méliani,3,2,2,0
Nacef,3,2,2,0
Ouertatani,3,2,2,0
Saadaoui,3,2,2,0
Samet,3,2,2,0
Yacoubi,3,2,2,0
Zeghab,3,2,2,0
Allouache,2,2,2,0
Bouaissi,2,2,1,0
Bouderba,2,2,2,0
Boujbel,2,2,2,0
Bouzouita,2,2,2,0
Bouzrara,2,2,2,0
Bsiri,2,2,2,0
Daoudi,2,2,2,0
Daoulette,2,2,2,0
Derbal,2,2,2,0
Fegaier,2,2,2,0
Gmiha,2,2,2,0
Grami,2,2,2,0
Guerfal,2,2,2,0
Guetat,2,2,2,0
Hajem,2,2,2,0
Hajjami,2,2,2,0
Hamdoun,2,2,2,0
Haouech,2,2,2,0
Hassaïri,2,2,2,0
Hedhli,2,2,2,0
Hellal,2,2,2,0
Karray,2,2,2,0
Khanfir,2,2,2,0
Kmiha,2,2,2,0
Lajnef,2,2,2,0
Landjerit,2,2,2,0
Laouirine,2,2,2,0
Layouni,2,2,2,0
Lengliz,2,2,2,0
Maaroufi,2,2,2,0
Maria,2,2,1,0
Marie,2,2,2,0
Mechti,2,2,2,0
Mooti,2,2,2,0
Naas,2,2,1,0
Noomane,2,2,2,0
Samoud,2,2,2,0
Sancho,2,2,2,0
Saïda,2,2,2,0
Tabbakh,2,2,2,0
Tarhouni,2,2,2,0
Touhami,2,2,2,0
Zakiz,2,2,2,0
Zammit,2,2,2,0
Zaouak,2,2,2,0
Zlitni,2,2,2,0
Sefi,1,2,2,0
Essaied,100,1,1,0
Zaouche,80,1,1,0
Tej,71,1,1,0
Chenik,51,1,1,0
Halima,50,1,1,0
Abdelkader,47,1,1,0
Laouani,40,1,1,0
ناجي,35,1,1,0
Kaak,33,1,1,0
Boussoffara,32,1,1,0
Abdelaali,31,1,1,0
Stamrad,30,1,1,0
Bayar,23,1,1,1
Ghileb,22,1,1,0
Arab,21,1,1,0
Ouni,21,1,1,0
Dallegi,20,1,1,0
Mokhtar,20,1,1,0
Saïd,20,1,1,0
Settari,20,1,1,0
Chouikha,19,1,1,0
Tarzi,19,1,1,0
Amira,18,1,1,0
Frih,18,1,1,0
Mamoghli,18,1,1,0
Zrelli,18,1,1,0
Allouche,17,1,1,0
Bayoudh,17,1,1,0
Boukraa,16,1,1,0
Dannouni,16,1,1,0
Gherab,16,1,1,0
Maherzi,16,1,1,0
Chaabouni,15,1,1,0
Dey,15,1,1,0
Matri,15,1,1,0
Sfaihi,15,1,1,0
Skhiri,15,1,1,0
Azzaiez,14,1,1,0
Jaiet,14,1,1,0
Labbene,14,1,1,0
Mahouachi,14,1,1,0
Nakhli,14,1,1,0
Amraoui,13,1,1,0
Marrakchi,13,1,1,0
Mejri,13,1,1,0
Moalla,13,1,1,0
Nachi,13,1,1,0
Souayah,13,1,1,0
Tobji,13,1,1,0
Chateur,12,1,1,0
Greche,12,1,1,0
Idir,12,1,1,0
Khadhar,12,1,1,0
M'rad,12,1,1,0
Mzabi,12,1,1,0
Zaouia,12,1,1,0
Asfouri,11,1,1,0
Djehane,11,1,1,0
Miceli,11,1,1,0
Benna,10,1,1,0
Cheikhrouhou,10,1,1,0
Daaloul,10,1,1,0
Fraj,10,1,1,0
Hamoudia,10,1,1,0
Jaïbi,10,1,1,0
Kalaï,10,1,1,0
Mazouni,10,1,1,0
Medalji,10,1,1,0
Najjar,10,1,1,0
Nouisri,10,1,1,0
Rokbani,10,1,1,0
Snène,10,1,1,0
Ahres,9,1,1,0
Bouaoija,9,1,1,0
Bouhageb,9,1,1,0
Friaa,9,1,1,0
Gobrane,9,1,1,0
Hmani,9,1,1,0
Jemia,9,1,1,0
Kadın,9,1,1,0
Kraiem,9,1,1,0
Taktak,9,1,1,0
Tlili,9,1,1,0
Benzina,8,1,1,0
Boulakbeche,8,1,1,0
Chabbeh,8,1,1,0
Chamekh,8,1,1,0
Darragi,8,1,1,0
Essadem,8,1,1,0
Ghliss,8,1,1,0
Ghrib,8,1,1,0
Jarraya,8,1,1,0
Kazdaghli,8,1,1,0
Khamassi,8,1,1,0
Ladhari,8,1,1,0
Lamroussi,8,1,1,0
Majouli,8,1,1,0
Meliani,8,1,1,0
Mihoub,8,1,1,0
Mizrioui,8,1,1,0
Saleh,8,1,1,0
Sebai,8,1,1,0
Zaouali,8,1,1,0
Ajam,7,1,1,0
Atrous,7,1,1,0
Chaibi,7,1,1,0
Choukair,7,1,1,0
Ghaoui,7,1,1,0
Haddad-Parfait,7,1,1,0
Hizem,7,1,1,0
Karra,7,1,1,0
Lagha,7,1,1,0
Marzouk,7,1,1,0
Mesrati,7,1,1,0
Moulehom,7,1,1,0
Yaghlane,7,1,1,0
Zarrad,7,1,1,0
Abdeljaouad,6,1,1,0
Abidine,6,1,1,0
Aleya,6,1,1,0
Aouali,6,1,1,0
Aroui,6,1,1,0
Badreddine,6,1,1,0
Chirine,6,1,1,0
Djhane,6,1,1,0
Fatma,6,1,1,0
Ghalayini,6,1,1,0
Gritli,6,1,1,0
Hachefi,6,1,1,0
Kahouaji,6,1,1,0
Kallala,6,1,1,0
Kaouel,6,1,1,0
Kasraoui,6,1,1,0
Kechaou,6,1,1,0
Khanchel,6,1,1,0
Massia,6,1,1,0
Mehani,6,1,1,0
Melliti,6,1,1,0
Mezrioui,6,1,1,0
Mongalgi,6,1,1,0
Neffati,6,1,1,0
Sakkal,6,1,1,0
Sarraj,6,1,1,0
Somrani,6,1,1,0
Terrass,6,1,1,0
Abbar,5,1,1,0
Aïssaoui,5,1,1,0
Bakkar,5,1,1,0
Belloum,5,1,1,0
Bennouri,5,1,1,0
Bouabid,5,1,1,0
Boughanmi,5,1,1,0
Charbagi,5,1,1,0
Chehida,5,1,1,0
Chtourou,5,1,1,0
Frourej,5,1,1,0
Garaali,5,1,1,0
Gaâloul,5,1,1,0
Ghedamsi,5,1,1,0
Goucha,5,1,1,0
Habbej,5,1,1,0
Hajjar,5,1,1,0
Hanifi,5,1,1,0
Hussein,5,1,1,0
Ishkanes,5,1,1,0
Jomni,5,1,1,0
Khadija,5,1,1,0
Khosrof,5,1,1,0
Koutar,5,1,1,0
Laajili,5,1,1,0
Ladgham,5,1,1,0
Limam,5,1,1,0
Loubiri,5,1,1,0
Maghraoui,5,1,1,0
Malouch,5,1,1,0
Mathlouthi,5,1,1,0
Mehaoued,5,1,1,0
Mestaoui,5,1,1,0
Mezghani,5,1,1,0
Mezlini,5,1,1,0
Mouscou,5,1,1,0
Oukaci,5,1,1,0
Safta,5,1,1,0
Skanji,5,1,1,0
Soufi,5,1,1,0
Terzi,5,1,1,0
Tlatli,5,1,1,0
Touibi,5,1,1,0
Yakhou,5,1,1,0
Abarkan,4,1,1,0
Abbas,4,1,1,0
Abderrahim,4,1,1,0
Alila,4,1,1,0
Amarni,4,1,1,0
Belhédi,4,1,1,0
Bellalouna,4,1,1,0
Beltaief,4,1,1,0
Bezzaouia,4,1,1,0
Bohli,4,1,1,0
Boubakeur,4,1,1,0
Bouhouch,4,1,1,0
Chihaoui,4,1,1,0
Damir,4,1,1,0
Dellil,4,1,1,0
Elheni,4,1,1,0
Gassa,4,1,1,0
Ghandri,4,1,1,0
Ghomrassi,4,1,1,0
Jaied,4,1,1,0
Karaborni,4,1,1,0
Kedadi,4,1,1,0
Khazmi,4,1,1,0
Khedhiri,4,1,1,0
Kochbati,4,1,1,0
Lamouri,4,1,1,0
Lariani,4,1,1,0
Lefi,4,1,1,0
Lemkacher,4,1,1,0
Maghrebi,4,1,1,0
Meftah,4,1,1,0
Mehdoui,4,1,1,0
Mimita,4,1,1,0
Morjane,4,1,1,0
Nasra,4,1,1,0
Othmani,4,1,1,0
Ouenniche,4,1,1,0
Ourimi,4,1,1,1
Sioud,4,1,1,0
Somai,4,1,1,0
Tagorti,4,1,1,0
Taleb,4,1,1,0
Thraya,4,1,1,0
Trigui,4,1,1,0
Zarouane,4,1,1,0
Abdulhay,3,1,1,0
Aoued,3,1,1,0
Arbi,3,1,1,0
Azaïez,3,1,1,0
Azzouna,3,1,1,0
Baili,3,1,1,0
Balaâ,3,1,1,0
Bassem,3,1,1,0
Bedei,3,1,1,0
Belgacem,3,1,1,0
Beskok,3,1,1,0
Bessghaier,3,1,1,0
Beznine,3,1,1,0
Boudali,3,1,1,0
Bouhlel,3,1,1,0
Boujellabia,3,1,1,0
Bradai,3,1,1,0
Chaieb,3,1,1,0
Chichini,3,1,1,0
Dahab,3,1,1,0
Debbabi,3,1,1,0
Elaoud,3,1,1,0
Emazabel,3,1,1,0
Fares,3,1,1,0
Ferdjioui,3,1,1,0
Fouad,3,1,1,0
Froidefond,3,1,1,0
Gaamour,3,1,1,0
Gannoun,3,1,1,0
Ghotbi,3,1,1,0
Goubaa,3,1,1,0
Hadada,3,1,1,0
Hafi,3,1,1,0
Hamzaoui,3,1,1,0
Jabberi,3,1,1,0
Jalel,3,1,1,0
Jebara,3,1,1,0
Jebri,3,1,1,0
Jridi,3,1,1,0
Kaafar,3,1,1,0
Kara,3,1,1,0
Karafi,3,1,1,0
Khassassi,3,1,1,0
Khattabi,3,1,1,0
Khaznaji,3,1,1,0
Khemir,3,1,1,0
Kmar,3,1,1,0
Kortbi,3,1,1,0
Koubaa,3,1,1,0
Loghmari,3,1,1,0
Maalel,3,1,1,0
Mahbouba,3,1,1,0
Marchaoui,3,1,1,0
Mebarek,3,1,1,0
Mersni,3,1,1,0
Mili,3,1,1,0
Mâamouri,3,1,1,0
Namouchi,3,1,1,0
Nasr,3,1,1,0
Sabiha,3,1,1,0
Sandli,3,1,1,0
Sanna,3,1,1,0
Shabou,3,1,1,0
Slimene,3,1,1,0
Torgemane,3,1,1,0
Zayen,3,1,1,0
Zghal,3,1,1,0
Zmitri,3,1,1,0
Zohra,3,1,1,0
Zoubeidi,3,1,1,0
Aba,2,1,1,0
Abdelfatteh,2,1,1,0
Abdelhedi,2,1,1,0
Abdelkrim,2,1,1,0
Abittan,2,1,1,0
Affes,2,1,1,0
Aissi,2,1,1,0
Ajroud,2,1,1,0
Akkari,2,1,1,0
Akremi,2,1,1,0
Alouane,2,1,1,0
Amine,2,1,1,0
Aouina,2,1,1,0
Arbia,2,1,1,0
Aïcha,2,1,1,0
Baghdadi,2,1,1,0
Bakha,2,1,1,0
Bassoum,2,1,1,0
Belcaïd,2,1,1,0
Belkacem,2,1,1,0
Berrais,2,1,1,0
Blaiej,2,1,1,0
Bouaouaja,2,1,1,0
Boudakim,2,1,1,0
Bouhadida,2,1,1,0
Boukhchina,2,1,1,0
Boumaiza,2,1,1,0
Bouricha,2,1,1,0
Bouzahra,2,1,1,0
Brigui,2,1,1,0
Chaouche,2,1,1,0
Charrada,2,1,1,0
Chemakh,2,1,1,0
Chkondali,2,1,1,0
Daoulet,2,1,1,0
Debbeche,2,1,1,0
Dhambri,2,1,1,0
Dhib,2,1,1,0
Dhouib,2,1,1,0
Dhraief,2,1,1,0
Dimon,2,1,1,0
Donia,2,1,1,0
Ezzahi,2,1,1,0
Filali,2,1,1,0
Frida,2,1,1,0
Garouachi,2,1,1,0
Gomez,2,1,1,0
Habib,2,1,1,0
Hachich,2,1,1,0
Hadded,2,1,1,0
Hadhri,2,1,1,0
Hamadi,2,1,1,0
Hammamia,2,1,1,0
Hamzi,2,1,1,0
Haouas,2,1,1,0
Hariz,2,1,1,0
Harran,2,1,1,0
Hattab,2,1,1,0
Helal,2,1,1,0
Henchiri,2,1,1,0
Hfaïedh,2,1,1,0
Hlel,2,1,1,0
Houidi,2,1,1,0
Jallali,2,1,1,0
Jelloun,2,1,1,0
Jenane,2,1,1,0
Jlidi,2,1,1,0
Kachouri,2,1,1,0
Kadri,2,1,1,0
Karkouba,2,1,1,0
Kasri,2,1,1,0
Kedidi,2,1,1,0
Kharroubi,2,1,1,0
Khedher,2,1,1,0
Kheriji,2,1,1,0
Krout,2,1,1,0
Ktari,2,1,1,0
Laatiri,2,1,1,0
Laayeyda,2,1,1,0
Lachhab,2,1,1,0
Lejeune,2,1,1,0
Mahfoudh,2,1,1,0
Mahjouba,2,1,1,0
Mahmoudi,2,1,1,0
Mallek,2,1,1,0
Mama,2,1,1,0
Mannai,2,1,1,0
Mansouri,2,1,1,0
Martin,2,1,1,0
Massoud,2,1,1,0
Metheni,2,1,1,0
Milazzo,2,1,1,0
Moatemri,2,1,1,0
Mostacci,2,1,1,0
Moula,2,1,1,0
Nabi,2,1,1,0
Nagti,2,1,1,0
Najet,2,1,1,0
Ouedherfi,2,1,1,0
Ouerghi,2,1,1,0
Raies,2,1,1,0
Sabbahi,2,1,1,0
Sahnoun,2,1,1,0
Salemi,2,1,1,0
Salha,2,1,1,0
Sanekli,2,1,1,0
Shah,2,1,1,0
Sinaoui,2,1,1,0
Skouri,2,1,1,0
Souad,2,1,1,0
Taoufik,2,1,1,0
Thomas,2,1,1,0
Tijani,2,1,1,0
Tounes,2,1,1,0
Yehia,2,1,1,0
Zaazaa,2,1,1,0
Zaghdoudi,2,1,1,0
Zaghlet,2,1,1,0
Zelfani,2,1,1,0
Zerig,2,1,1,0
Zeïneb,2,1,1,0
Abdelhak,1,1,1,0
Abdelhalim,1,1,1,0
Abdeljawad,1,1,1,0
Abdessamad,1,1,1,0
Abla,1,1,1,0
Adamenko,1,1,1,0
Addad,1,1,1,0
Adhoum,1,1,1,0
Adjerit,1,1,1,0
Affroun,1,1,1,0
Aguerbi,1,1,1,0
Aguir,1,1,1,0
Aitani,1,1,1,0
Aljia,1,1,1,0
Allain,1,1,1,0
Allala+béchir,1,1,1,0
Alouani,1,1,1,0
Amal,1,1,1,0
Amamou,1,1,1,0
Amena,1,1,1,0
Amimi,1,1,1,0
Andrée,1,1,1,0
Aouichi,1,1,1,0
Argui,1,1,1,0
Armanasi,1,1,1,0
Aschi,1,1,1,0
Askar,1,1,1,0
Assia,1,1,1,0
Attaoui,1,1,1,0
Aubrac,1,1,1,0
Aziza,1,1,1,0
Azmeh,1,1,1,0
Aïssia,1,1,1,0
Baaziz,1,1,1,0
Babeau,1,1,1,0
Baccour,1,1,1,0
Bach,1,1,1,0
Bakini,1,1,1,0
Baktache,1,1,1,0
Balanche,1,1,1,0
Baraër,1,1,1,0
Barbanoy,1,1,1,0
Basrour,1,1,1,0
Bassalah,1,1,1,0
Bata,1,1,1,0
Batarekh,1,1,1,0
Batich,1,1,1,0
Bauer,1,1,1,0
Bazezi,1,1,1,0
Becker,1,1,1,0
Bedoui,1,1,1,0
Begum,1,1,1,0
Belajouza,1,1,1,0
Belassfer,1,1,1,0
Belhadjamor,1,1,1,0
Belhoul,1,1,1,0
Belino,1,1,1,0
Bellakhdher,1,1,1,0
Bellalah,1,1,1,0
Bellazrak,1,1,1,0
Benamor,1,1,1,0
Benbène,1,1,1,0
Berguiga,1,1,1,0
Berrached,1,1,1,0
Berrazaga,1,1,1,0
Besseoud,1,1,1,0
Bkalti,1,1,1,0
Blanc,1,1,1,0
Borges,1,1,1,0
Bouabdallah,1,1,1,0
Bouali,1,1,1,0
Bouarrouj,1,1,1,0
Bouazza,1,1,1,0
Boudhief,1,1,1,0
Boufeid,1,1,1,0
Boughrara,1,1,1,0
Boughzou,1,1,1,0
Bouhaha,1,1,1,0
Bouhani,1,1,1,0
Boujeh,1,1,1,0
Bouleymane,1,1,1,0
Boumdi,1,1,1,0
Bouquilon,1,1,1,0
Bourigua,1,1,1,0
Bourne,1,1,1,0
Boussaada,1,1,1,0
Boussaidi,1,1,1,0
Bousselmi,1,1,1,0
Bouznade,1,1,1,0
Brajus,1,1,1,0
Brinis,1,1,1,0
Bully,1,1,1,0
Caron,1,1,1,0
Chaaba,1,1,1,0
Chaabani,1,1,1,0
Chaalala,1,1,1,0
Chagouani,1,1,1,0
Chakouani,1,1,1,0
Chamli,1,1,1,0
Charnine,1,1,1,0
Charradi,1,1,1,0
Chatelier,1,1,1,0
Chattali,1,1,1,0
Chaâbana,1,1,1,0
Chekili,1,1,1,0
Chenaina,1,1,1,0
Cheour,1,1,1,0
Cherichi,1,1,1,0
Chettaoui,1,1,1,0
Ching,1,1,1,0
Cholley,1,1,1,0
Chonee,1,1,1,0
Chrita,1,1,1,0
Chwikar,1,1,1,0
Class,1,1,1,0
Colette,1,1,1,0
Combas,1,1,1,0
Cornegliano,1,1,1,0
Cornu,1,1,1,0
Coupet,1,1,1,0
Dabbebi,1,1,1,0
Dahmouni,1,1,1,0
Dalmais,1,1,1,0
Danielle,1,1,1,0
Darwazah,1,1,1,0
Dassi,1,1,1,0
Dattilo,1,1,1,0
Daw,1,1,1,0
Delavacherie,1,1,1,0
Dhiab,1,1,1,0
Dhiafat,1,1,1,0
Dhouibi,1,1,1,0
Diba,1,1,1,0
Djaziri,1,1,1,0
Dorbec,1,1,1,0
Douay,1,1,1,0
Douraï,1,1,1,0
Ducrocq,1,1,1,0
Dupuis,1,1,1,0
Eddhahbi,1,1,1,0
Elfadhel,1,1,1,0
Eltaïef,1,1,1,0
Ely,1,1,1,0
Enzminger,1,1,1,0
Eparvier,1,1,1,0
Erraiess,1,1,1,0
Erraïsi,1,1,1,0
Espada,1,1,1,0
Farjallah,1,1,1,0
Felfel,1,1,1,0
Ferida,1,1,1,0
Forster,1,1,1,0
Frad,1,1,1,0
Françoise,1,1,1,0
Freij,1,1,1,0
Friha,1,1,1,0
Gaafar,1,1,1,0
Gabroun,1,1,1,0
Gabsi,1,1,1,0
Gall,1,1,1,0
Gallas,1,1,1,0
Gamba,1,1,1,0
Gammar,1,1,1,0
Garcia,1,1,1,0
Gargani,1,1,1,0
Garland,1,1,1,0
Gazzeh,1,1,1,0
Gervais,1,1,1,0
Ghadira,1,1,1,0
Ghafferi,1,1,1,0
Ghaleb,1,1,1,0
Ghalia,1,1,1,0
Ghalloussi,1,1,1,0
Ghanjati,1,1,1,0
Ghelici,1,1,1,0
Gheni,1,1,1,0
Ghenia,1,1,1,0
Ghenima,1,1,1,0
Ghidalia,1,1,1,0
Ghiggino,1,1,1,0
Ghorch,1,1,1,0
Ghoula,1,1,1,0
Ghrairi,1,1,1,0
Ghroum,1,1,1,0
Giorgiana,1,1,1,0
Golli,1,1,1,0
Gorkey,1,1,1,0
Goubantini,1,1,1,0
Grasso,1,1,1,0
Gueci,1,1,1,0
Guetati,1,1,1,0
Guidaoui,1,1,1,0
Guilbert,1,1,1,0
Guinet,1,1,1,0
Gulec,1,1,1,0
Guéry,1,1,1,0
Habassi,1,1,1,0
Habibi,1,1,1,0
Haboubi,1,1,1,0
Hadaji,1,1,1,0
Haddouk,1,1,1,0
Haffar,1,1,1,0
Hafiz,1,1,1,0
Hafsa,1,1,1,0
Hafsi,1,1,1,0
Hajji,1,1,1,0
Hamoudiya,1,1,1,0
Haoues,1,1,1,0
Haouich,1,1,1,0
Hasni,1,1,1,0
Hazette,1,1,1,0
Hazrat,1,1,1,0
Hedblom,1,1,1,0
Hedri,1,1,1,0
Hefaf,1,1,1,0
Hellali,1,1,1,0
Hemlati,1,1,1,0
Henchir,1,1,1,0
Henrikson,1,1,1,0
Herbin,1,1,1,0
Hervé,1,1,1,0
Hezami,1,1,1,0
Hidoussi,1,1,1,0
Hidri,1,1,1,0
Hochlef,1,1,1,0
Homrani,1,1,1,0
Hédia,1,1,1,0
Jadoui,1,1,1,0
Jalal,1,1,1,0
Jalloun,1,1,1,0
Jan,1,1,1,0
Jawhara,1,1,1,0
Jean-Baptiste,1,1,1,0
Jebalia,1,1,1,0
Jebari,1,1,1,0
Jedaï,1,1,1,0
Jelliti,1,1,1,0
Jemai,1,1,1,0
Jemmali,1,1,1,0
Jemour,1,1,1,0
Jenayah,1,1,1,0
Jihan,1,1,1,0
Jilani,1,1,1,0
Jomaa,1,1,1,0
Jonsson,1,1,1,0
Justo-Hamza,1,1,1,0
Kahla,1,1,1,0
Kaidi,1,1,1,0
Karabi,1,1,1,0
Karkar,1,1,1,0
Karma,1,1,1,0
Kassous,1,1,1,0
Kastellanos,1,1,1,0
Kazoula,1,1,1,0
Kaâouana,1,1,1,0
Kebakbi,1,1,1,0
Kechiche,1,1,1,0
Kedadouche,1,1,1,0
Kekhia,1,1,1,0
Kendil,1,1,1,0
Kerkech,1,1,1,0
Khadhraoui,1,1,1,0
Khadijé,1,1,1,0
Khadri,1,1,1,0
Khalladi,1,1,1,0
Kharbouch,1,1,1,0
Khayem,1,1,1,0
Khazzar,1,1,1,0
Khedhri,1,1,1,0
Khedim,1,1,1,0
Khedimi,1,1,1,0
Khemira,1,1,1,0
Khoud,1,1,1,0
Khoury,1,1,1,0
Kim,1,1,1,0
Kirschnar,1,1,1,0
Klepatsky,1,1,1,0
Koubekji,1,1,1,0
Koumenji,1,1,1,0
Kramer,1,1,1,0
Krimi,1,1,1,0
Lachiheb,1,1,1,0
Lachnani,1,1,1,0
Laghbabi,1,1,1,0
Laghmani,1,1,1,0
Laghouil,1,1,1,0
Lahdhiri,1,1,1,0
Lahouag,1,1,1,0
Lahoual,1,1,1,0
Lajili,1,1,1,0
Lakhal,1,1,1,0
Lamaud,1,1,1,0
Lamia,1,1,1,0
Lammali,1,1,1,0
Lamouchi,1,1,1,0
Lanouar,1,1,1,0
Larouchi,1,1,1,0
Latiri,1,1,1,0
Laville,1,1,1,0
Leblond,1,1,1,0
Lecoq,1,1,1,0
Ledoux,1,1,1,0
Lee,1,1,1,0
Leplang,1,1,1,0
Liimatainen,1,1,1,0
Likens,1,1,1,0
Locate,1,1,1,0
Lombardi,1,1,1,0
Lorenzetti,1,1,1,0
Louhichi,1,1,1,0
Louki,1,1,1,0
Loukil,1,1,1,0
Lounitch,1,1,1,0
Lévy-Despas,1,1,1,0
Mabire,1,1,1,0
Magliano,1,1,1,0
Maherzia,1,1,1,0
Maistret,1,1,1,0
Mallah,1,1,1,0
Malléjac,1,1,1,0
Manana,1,1,1,0
Margueritta,1,1,1,0
Martel,1,1,1,0
Mathieu,1,1,1,0
Mayl,1,1,1,0
Maâli,1,1,1,0
Maâtoug,1,1,1,0
Mdhafer,1,1,1,0
Mechennef,1,1,1,0
Mechichi,1,1,1,0
Medassi,1,1,1,0
Meddah,1,1,1,0
Mehdi,1,1,1,0
Mehidi,1,1,1,0
Mehio,1,1,1,0
Mekadmini,1,1,1,0
Menlikli,1,1,1,0
Mergheni,1,1,1,0
Merrichkou,1,1,1,0
Methemem,1,1,1,0
Meticha,1,1,1,0
Metnani,1,1,1,0
Mezgheni,1,1,1,0
Mheni,1,1,1,0
Micky,1,1,1,0
Midouni,1,1,1,0
Minaoui,1,1,1,0
Missoum,1,1,1,0
Mlaiki,1,1,1,0
Mlawah,1,1,1,0
Mnaouar,1,1,1,0
Mohsni,1,1,1,0
Montelatici,1,1,1,0
Morançais,1,1,1,0
Morchdi,1,1,1,0
Mosrian,1,1,1,0
Mouchet,1,1,1,0
Moujbani,1,1,1,0
Moulk,1,1,1,0
Mouléh,1,1,1,0
Mounadi,1,1,1,0
Mounira,1,1,1,0
Mtira,1,1,1,0
Mur,1,1,1,0
Murzi,1,1,1,0
Muscat,1,1,1,0
Mussat,1,1,1,0
Mzid,1,1,1,0
Nacer,1,1,1,0
Nadal,1,1,1,0
Nahali,1,1,1,0
Naili,1,1,1,0
Naima,1,1,1,0
Naja,1,1,1,0
Nakbi,1,1,1,0
Namer,1,1,1,0
Namou,1,1,1,0
Navarro,1,1,1,0
Nebi,1,1,1,0
Negra,1,1,1,0
Nejah,1,1,1,0
Nelson,1,1,1,0
Neqch,1,1,1,0
Nessir,1,1,1,0
Neïli,1,1,1,0
Nicolas,1,1,1,0
Noura,1,1,1,0
Oghbi,1,1,1,0
Oued,1,1,1,0
Ouerfelli,1,1,1,0
Ouimet,1,1,1,0
Oukaâ,1,1,1,0
Oukhay,1,1,1,0
Ourabi,1,1,1,0
Paciotti,1,1,1,0
Pedone,1,1,1,0
Pellé,1,1,1,0
Pelé,1,1,1,0
Penaud,1,1,1,0
Petersen,1,1,1,0
Peypoch,1,1,1,0
Pietro,1,1,1,0
Pouil,1,1,1,0
Quintal,1,1,1,0
Quéré,1,1,1,0
Rabaâ,1,1,1,0
Rabbeh,1,1,1,0
Raboudi,1,1,1,0
Ragonnaud,1,1,1,0
Rahma,1,1,1,0
Rahmen,1,1,1,0
Rakam,1,1,1,0
Ramos,1,1,1,0
Rassaâ,1,1,1,0
Rebia,1,1,1,0
Redjeb,1,1,1,0
Refaï,1,1,1,0
Rejiba,1,1,1,0
Renaudin,1,1,1,0
Rhaiem,1,1,1,0
Richez,1,1,1,0
Rihane,1,1,1,0
Riza-Pacha,1,1,1,0
Rodesly,1,1,1,0
Romdane,1,1,1,0
Rouached,1,1,1,0
Roubaud,1,1,1,0
Rouissi,1,1,1,0
Saafi,1,1,1,0
Sadia,1,1,1,0
Safra,1,1,1,0
Saibi,1,1,1,0
Salama,1,1,1,0
Sallouha,1,1,1,0
Saloua,1,1,1,0
Samia,1,1,1,0
Samouda,1,1,1,0
Sanctis,1,1,1,0
Saphir,1,1,1,0
Savier,1,1,1,0
Saïdi,1,1,1,0
Schneider,1,1,1,0
Schoen,1,1,1,0
Sdiri,1,1,1,0
Seddik,1,1,1,0
Seidel,1,1,1,0
Selmi,1,1,1,0
Senane,1,1,1,0
Senemaud,1,1,1,0
Senut,1,1,1,0
Sherei,1,1,1,0
Shiha,1,1,1,0
Siragusa,1,1,1,0
Smadhi,1,1,1,0
Smiri,1,1,1,0
Smouali,1,1,1,0
Snine,1,1,1,0
Soltani,1,1,1,0
Sonia,1,1,1,0
Sonzoni,1,1,1,0
Souid,1,1,1,0
Soukeh,1,1,1,0
Soulaï,1,1,1,0
Soumer,1,1,1,0
Spasevsky,1,1,1,0
Stepleton,1,1,1,0
Sévre,1,1,1,0
Talhaoui,1,1,1,0
Tarchouna,1,1,1,0
Tarek,1,1,1,0
Tarifa,1,1,1,0
Tarrouch,1,1,1,0
Taïeb,1,1,1,0
Telich,1,1,1,0
Testouri,1,1,1,0
Teta,1,1,1,0
Thyrman,1,1,1,0
Tkhayat,1,1,1,0
Trifa,1,1,1,0
Turque,1,1,1,0
Venslauskaite,1,1,1,0
Verena,1,1,1,0
Vernet,1,1,1,0
Verney,1,1,1,0
Vichy,1,1,1,0
Viguier,1,1,1,0
Vostova,1,1,1,0
Wardalitou,1,1,1,0
Weinwisser,1,1,1,0
Yared,1,1,1,0
Yazid,1,1,1,0
Yeddes,1,1,1,0
Younsi,1,1,1,0
Youssefi,1,1,1,0
Zaanouni,1,1,1,0
Zaara,1,1,1,0
Zabedi,1,1,1,0
Zaghbouni,1,1,1,0
Zahmoune,1,1,1,0
Zaiane,1,1,1,0
Zaibi,1,1,1,0
Zalila,1,1,1,0
Zaragoza,1,1,1,0
Zargouni,1,1,1,0
Zayana,1,1,1,0
Zaïri,1,1,1,0
Zeddini,1,1,1,0
Zeineddine,1,1,1,0
Zemni,1,1,1,0
Zendah,1,1,1,0
Zezia,1,1,1,0
Ziadi,1,1,1,0
Zoghlami,1,1,1,0
Zouhra,1,1,1,0
Zouidi,1,1,1,0
d'Affronto,1,1,1,0
d'Anna,1,1,1,0
Fertani,43,0,0,0
Trimech,42,0,0,0
Becher,37,0,0,0
Koundi,36,0,0,0
Handous,34,0,0,0
Tarkhani,33,0,0,0
Daoulatli,32,0,0,0
Mallouki,29,0,0,0
Bouhajeb,28,0,0,0
Zitouni,28,0,0,0
Douss,27,0,0,0
Feki,25,0,0,0
Hababou,25,0,0,0
Bouakkez,24,0,0,0
Sakkat,24,0,0,0
Belouedhnine,23,0,0,0
Djellab,23,0,0,0
Abdellah,22,0,0,0
Ghannouchi,22,0,0,0
Senoussi,22,0,0,0
Aoufi,21,0,0,0
Béji,21,0,0,0
Ennajjar,21,0,0,0
Khayachi,21,0,0,0
Behi,20,0,0,0
Kasbaoui,20,0,0,0
Krifa,20,0,0,0
Baroudi,19,0,0,0
Esseddik,19,0,0,0
Fodha,19,0,0,0
Kabadou,18,0,0,0
Mouhli,18,0,0,0
Hajjam,17,0,0,0
Dorai,16,0,0,0
Hadri,16,0,0,0
Jaouhri,15,0,0,0
Bayram,14,0,0,0
Ernez,14,0,0,0
Harmel,14,0,0,0
Ladhib,14,0,0,0
Dourai,13,0,0,0
Baouendi,12,0,0,0
Bayali,12,0,0,0
Betbout,12,0,0,0
Bourkhis,12,0,0,0
Damak,12,0,0,0
Dghim,12,0,0,0
Dordghane,12,0,0,0
Ferah,12,0,0,0
Kassab,12,0,0,0
Kheireddine,12,0,0,0
Nayel,12,0,0,0
Neji,12,0,0,0
Yahiaoui,12,0,0,0
Avvocato,11,0,0,0
Badra,11,0,0,0
Boussetta,11,0,0,0
Gaïda,11,0,0,0
Henidi,11,0,0,0
Horchani,11,0,0,1
Maali,11,0,0,0
Mhiri,11,0,0,0
Najar,11,0,0,0
Rhouma,11,0,0,0
Sraïri,11,0,0,0
Belbey,10,0,0,0
Boussofara,10,0,0,0
Doraï,10,0,0,0
Fessi,10,0,0,0
Haoua,10,0,0,0
Jaouadi,10,0,0,0
Kharbeche,10,0,0,0
Massouda,10,0,0,0
Mhennia,10,0,0,0
Torjmane,10,0,0,0
Benaïssa,9,0,0,0
Chipreo,9,0,0,0
Conti,9,0,0,0
Dhab,9,0,0,0
Djebali,9,0,0,0
Kinani,9,0,0,0
Lazoughli,9,0,0,0
Loussaief,9,0,0,0
Mallamelli,9,0,0,0
Mesli,9,0,0,0
Sghairi,9,0,0,0
Zbiss,9,0,0,0
Amrouche,8,0,0,0
Djaiet,8,0,0,0
Gueyouche,8,0,0,0
Issad,8,0,0,0
Jabouzi,8,0,0,0
Khechine,8,0,0,0
Knani,8,0,0,0
Labiodh,8,0,0,0
Mejbri,8,0,0,0
Rahali,8,0,0,0
Sidriani,8,0,0,0
Spiteri,8,0,0,0
Tahar,8,0,0,0
Toukabri,8,0,0,0
Askri,7,0,0,0
Azzouzi,7,0,0,0
Belkhir,7,0,0,0
Besseghaier,7,0,0,0
Bouleymen,7,0,0,0
Dekhil,7,0,0,0
Ferhani,7,0,0,0
Ghrab,7,0,0,0
Gmiza,7,0,0,0
Grissa,7,0,0,0
Hanafy,7,0,0,0
Haneyen,7,0,0,0
Hmadou,7,0,0,0
Jabbes,7,0,0,0
Jaffel,7,0,0,0
Kaabi,7,0,0,0
Khemakhem,7,0,0,0
Kriâa,7,0,0,0
Ksouri,7,0,0,0
Maouia,7,0,0,0
Menchari,7,0,0,0
Metahni,7,0,0,0
Omar,7,0,0,0
Rejeb,7,0,0,0
Snadli,7,0,0,0
Abdessalem,6,0,0,0
Arif,6,0,0,0
Azzeddine,6,0,0,0
Bchir,6,0,0,0
Bechir,6,0,0,0
Besrour,6,0,0,0
Beyrakdar,6,0,0,0
Bouiraz,6,0,0,0
Bouyahia,6,0,0,0
Chaherli,6,0,0,0
Dagdoug,6,0,0,0
Ennaceur,6,0,0,0
Enneifer,6,0,0,0
Feriani,6,0,0,0
Garsaa,6,0,0,0
Hachem,6,0,0,0
Haddada,6,0,0,0
Hakim,6,0,0,0
Haouat,6,0,0,0
Jouahri,6,0,0,0
Machat,6,0,0,0
Machouche,6,0,0,0
Mahjoubi,6,0,0,0
Manaa,6,0,0,0
Mbazâa,6,0,0,0
Mediouni,6,0,0,0
Neffeti,6,0,0,0
Ouafi,6,0,0,0
Ouichka,6,0,0,0
Pacha,6,0,0,0
Saidani,6,0,0,0
Saimanouli,6,0,0,0
Tborbi,6,0,0,0
Zeghidi,6,0,0,0
Adda,5,0,0,0
Ala,5,0,0,0
Andalousi,5,0,0,0
Andari,5,0,0,0
Ariane,5,0,0,0
Attar,5,0,0,0
Azayez,5,0,0,0
Badaï,5,0,0,0
Bairam,5,0,0,0
Barsaoui,5,0,0,0
Baykara,5,0,0,0
Bellil,5,0,0,0
Benaissa,5,0,0,0
Borsali,5,0,0,0
Boughzela,5,0,0,0
Bouhdiba,5,0,0,0
Boujallabia,5,0,0,0
Bouladi,5,0,0,0
Boutaghane,5,0,0,0
Derwiche,5,0,0,0
Ellafi,5,0,0,0
Fegoun,5,0,0,0
Gharsallah,5,0,0,0
Ghrissi,5,0,0,0
Hassan,5,0,0,0
Husaini,5,0,0,0
Jazy,5,0,0,0
Jaâfoura,5,0,0,0
Kadhi,5,0,0,0
Khila,5,0,0,0
Laamiri,5,0,0,0
Laarabi,5,0,0,0
M'rabet,5,0,0,0
Maarouf,5,0,0,0
Mbarki,5,0,0,0
Meriah,5,0,0,0
Meziane,5,0,0,0
Mfarrej,5,0,0,0
Mkada,5,0,0,0
Naaman,5,0,0,0
Obba,5,0,0,0
Raoul-Duval,5,0,0,0
Rebii,5,0,0,0
Scarampi,5,0,0,0
Souabni,5,0,0,0
Thaalbi,5,0,0,0
Tighilts,5,0,0,0
Trimeche,5,0,0,0
Yassine,5,0,0,0
Zammouri,5,0,0,0
Zormati,5,0,0,0
Aicha,4,0,0,0
Aslan,4,0,0,0
Bedioui,4,0,0,0
Belakhouas,4,0,0,0
Bouloudhnine,4,0,0,0
Bramly,4,0,0,0
Briki,4,0,0,0
Chammari,4,0,0,0
Chebli,4,0,0,0
Chemli,4,0,0,0
Cherbagi,4,0,0,0
Daldoul,4,0,0,0
Ennaïfer,4,0,0,0
Erray,4,0,0,0
Essaïs,4,0,0,0
Essedik,4,0,0,0
Fillari,4,0,0,0
Foudhaili,4,0,0,0
Gadhoum,4,0,0,0
Garci,4,0,0,0
Gassab,4,0,0,0
Ghazali,4,0,0,0
Ghazouani,4,0,0,0
Guedri,4,0,0,0
Guermazi,4,0,0,0
Hachiche,4,0,0,0
Hamdani,4,0,0,0
Hamitouche,4,0,0,0
Harbi,4,0,0,0
Harrouche,4,0,0,0
Helioui,4,0,0,0
Himane,4,0,0,0
Housseini,4,0,0,0
Jah,4,0,0,0
Jarras,4,0,0,0
Jaït,4,0,0,0
Jellouli,4,0,0,0
Kaddachi,4,0,0,0
Kalboussi,4,0,0,0
Kalkias,4,0,0,0
Kamarti,4,0,0,0
Khadhri,4,0,0,0
Khediri,4,0,0,0
Kobbi,4,0,0,0
Larabi,4,0,0,0
Menif,4,0,0,0
Miss,4,0,0,0
Mna,4,0,0,0
Nemra,4,0,0,0
Occhiminuti,4,0,0,0
Ridane,4,0,0,0
Ryan,4,0,0,0
Saadallah,4,0,0,0
Saint-Hilaire,4,0,0,0
Sakji,4,0,0,0
Samama,4,0,0,0
Semchaoui,4,0,0,0
Skik,4,0,0,0
Tabessi,4,0,0,0
Tabib,4,0,0,0
Tara,4,0,0,0
Touiti,4,0,0,0
Yahya,4,0,0,0
Zamiti,4,0,0,0
المؤمن,4,0,0,0
Abdenadher,3,0,0,0
Allegue,3,0,0,0
Aouadi,3,0,0,0
Badri,3,0,0,0
Bahhar,3,0,0,0
Ballouza,3,0,0,0
Banna,3,0,0,0
Baradi,3,0,0,0
Baterni,3,0,0,0
Bdiri,3,0,0,0
Bek,3,0,0,0
Belakhal,3,0,0,0
Belarbi,3,0,0,0
Belkateb,3,0,0,0
Belkhedher,3,0,0,0
Belâam,3,0,0,0
Bennis,3,0,0,0
Benouda,3,0,0,0
Bensouda,3,0,0,0
Blaïech,3,0,0,0
Bouacida,3,0,0,0
Bouallegue,3,0,0,0
Bougriba,3,0,0,0
Bouleimane,3,0,0,0
Boumezrag,3,0,0,0
Bourogaa,3,0,0,0
Bouzghaya,3,0,0,0
Cadi,3,0,0,0
Camoun,3,0,0,0
Caracci,3,0,0,0
Chaabene,3,0,0,0
Chahdoura,3,0,0,0
Chaïrat,3,0,0,0
Chebeane,3,0,0,0
Chiha,3,0,0,0
Chlioui,3,0,0,0
Choukir,3,0,0,0
Daghmouri,3,0,0,0
Dargouth,3,0,0,0
Debbaya,3,0,0,0
Echeïckh,3,0,0,0
Ezzedine,3,0,0,0
Falah,3,0,0,0
Fkih,3,0,0,0
Fridja,3,0,0,0
Gamoudi,3,0,0,0
Ghazi,3,0,0,0
Ghedifa,3,0,0,0
Grati,3,0,0,0
Haha,3,0,0,0
Haj,3,0,0,0
Hajjem,3,0,0,0
Harriz,3,0,0,0
Harrouchi,3,0,0,0
Hayet,3,0,0,0
Hrira,3,0,0,0
Jabet,3,0,0,0
Jaidane,3,0,0,0
Jamil,3,0,0,0
Jeddi,3,0,0,0
Jelizi,3,0,0,0
Jendoubi,3,0,0,0
Jerbouii,3,0,0,0
Jmel,3,0,0,0
Kachouti,3,0,0,0
Kasswala,3,0,0,0
Kelibi,3,0,0,0
Kettana,3,0,0,0
Khabthani,3,0,0,0
Khamsa,3,0,0,0
Khelfa,3,0,0,0
Krit,3,0,0,0
Ksiaa,3,0,0,0
Laabidi,3,0,0,0
Laajimi,3,0,0,0
Larif,3,0,0,0
Lassidi,3,0,0,0
Layoun,3,0,0,0
Lazhari,3,0,0,0
Maamouri-Cortez,3,0,0,0
Mahersi,3,0,0,0
Mamelouk,3,0,0,0
Massaoudi,3,0,0,0
Mazzouz,3,0,0,0
Mechaal,3,0,0,0
Megdiche,3,0,0,0
Memmiche,3,0,0,0
Michali,3,0,0,0
Monastiri,3,0,0,0
Mrabti,3,0,0,0
Msakni,3,0,0,0
Omheni,3,0,0,0
Othmana,3,0,0,0
Ouelhezi,3,0,0,0
Pucci,3,0,0,0
Qalchani,3,0,0,0
Radwan,3,0,0,0
Raissi,3,0,0,0
Raïes,3,0,0,0
Sadkaoui,3,0,0,0
Sahaly,3,0,0,0
Seidensticker,3,0,0,0
Seradj,3,0,0,0
Sethom,3,0,0,0
Sinha,3,0,0,0
Sraïeb,3,0,0,0
Taabouri,3,0,0,0
Taj,3,0,0,0
Targine,3,0,0,0
Teborbi,3,0,0,0
Touati,3,0,0,0
Witt,3,0,0,0
Youldache,3,0,0,0
Zaabi,3,0,0,0
Zayati,3,0,0,0
Zendioui,3,0,0,0
Zine,3,0,0,0
Zinelabidine,3,0,0,0
Zlizi,3,0,0,0
Aamri,2,0,0,0
Abdelkarim,2,0,0,0
Abdellatif,2,0,0,0
Abderrazzak,2,0,0,0
Abdesmad,2,0,0,0
Abousfa,2,0,0,0
Ajmi,2,0,0,0
Alaya,2,0,0,0
Amdouni,2,0,0,0
Aouda,2,0,0,0
Aouidj,2,0,0,0
Aounallah,2,0,0,0
Aousji,2,0,0,0
Ayedi,2,0,0,0
Bachraoui,2,0,0,0
Bardi,2,0,0,0
Barkoukchi,2,0,0,0
Barnat,2,0,0,0
Barrouta,2,0,0,0
Belaarbi,2,0,0,0
Belassir,2,0,0,0
Belkired,2,0,0,0
Bellasfar,2,0,0,0
Belmufti,2,0,0,0
Bendaj,2,0,0,0
Bennys,2,0,0,0
Benouniche,2,0,0,0
Benrejeb,2,0,0,0
Berriche,2,0,0,0
Bettaib,2,0,0,0
Blagui,2,0,0,0
Blaise,2,0,0,0
Bojin,2,0,0,0
Bongiovanni,2,0,0,0
Bouabsa,2,0,0,0
Bouakkaz,2,0,0,0
Bouchnek,2,0,0,0
Bougharga,2,0,0,0
Boujemla,2,0,0,0
Boukhechina,2,0,0,0
Boulaadham,2,0,0,0
Boulakbach,2,0,0,0
Boureghda,2,0,0,0
Boussalmi,2,0,0,0
Boyraz,2,0,0,0
Brik,2,0,0,0
Béchet,2,0,0,0
Carletti,2,0,0,0
Chaabène,2,0,0,0
Chachia,2,0,0,0
Chakchouk,2,0,0,0
Chalbiya,2,0,0,0
Charbonnel,2,0,0,0
Chebair,2,0,0,0
Chebour,2,0,0,0
Chehata,2,0,0,0
Chouaib,2,0,0,0
Chouihed,2,0,0,0
Daadouch,2,0,0,0
Daalachi,2,0,0,0
Dabbeb,2,0,0,0
Dalila,2,0,0,0
Darghouthi,2,0,0,0
Delibach,2,0,0,0
Demdem,2,0,0,0
Descamps,2,0,0,0
Dhaouadi,2,0,0,0
Djaffoura,2,0,0,0
Djemour,2,0,0,0
Dkhil,2,0,0,0
Douja,2,0,0,0
Edouard,2,0,0,0
Ellul,2,0,0,0
En-Nouri,2,0,0,0
Ennafti,2,0,0,0
Essassi,2,0,0,0
Essaïed,2,0,0,0
Essia,2,0,0,0
Ettoumi,2,0,0,0
Falleh,2,0,0,0
Farini,2,0,0,0
Fattoum,2,0,0,0
Feguir,2,0,0,0
Feray,2,0,0,0
Fettah,2,0,0,0
Flifel,2,0,0,0
Fortier,2,0,0,0
Gaaloul,2,0,0,0
Gaha,2,0,0,0
Gasmi,2,0,0,0
Ghabarou,2,0,0,0
Ghellal,2,0,0,0
Gongi,2,0,0,0
Guesmi,2,0,0,0
Hachaïchi,2,0,0,0
Hadouaj,2,0,0,0
Hafnaoui,2,0,0,0
Halioui,2,0,0,0
Hamidi,2,0,0,0
Hanem,2,0,0,0
Harrazi,2,0,0,0
Hedhili,2,0,0,0
Hedhiri,2,0,0,0
Henia,2,0,0,0
Hindi,2,0,0,0
Hkimi,2,0,0,0
Hmaied,2,0,0,0
I,2,0,0,0
II,2,0,0,0
Jama,2,0,0,0
Jaouahdou,2,0,0,0
Jelif,2,0,0,0
Jenaina,2,0,0,0
Jerijeni,2,0,0,0
Jr.,2,0,0,0
Jrad,2,0,0,0
Kabardali,2,0,0,0
Kabissa,2,0,0,0
Kachach,2,0,0,0
Karaï,2,0,0,0
Kastally,2,0,0,0
Kazoun,2,0,0,0
Kedhiri,2,0,0,0
Kemia,2,0,0,0
Kenz,2,0,0,0
Keskes,2,0,0,0
Khairallah,2,0,0,0
Khamkham,2,0,0,0
Khansari,2,0,0,0
Khattèche,2,0,0,0
Khiri,2,0,0,0
Khlef,2,0,0,0
Klila,2,0,0,0
Koch,2,0,0,0
Krifi,2,0,0,0
Kristou,2,0,0,0
Ksila,2,0,0,0
Ksira,2,0,0,0
Labbène,2,0,0,0
Lafif,2,0,0,0
Laghzaoui,2,0,0,0
Latham,2,0,0,0
Lemdani,2,0,0,0
Leone,2,0,0,0
Limayem,2,0,0,0
Louizi,2,0,0,0
Lounis,2,0,0,0
M'Barek,2,0,0,0
Mahdaoui,2,0,0,0
Mahmoud.,2,0,0,0
Mansi,2,0,0,0
Marrak,2,0,0,0
Marras,2,0,0,0
Mawazini,2,0,0,0
Mbarka,2,0,0,0
Medini,2,0,0,0
Mellah,2,0,0,0
Menchoua,2,0,0,0
Menjour,2,0,0,0
Mezghanni,2,0,0,0
Mhamed,2,0,0,0
Mhissen,2,0,0,0
Midoun,2,0,0,0
Mongiovi,2,0,0,0
Mosrati,2,0,0,0
Moufida,2,0,0,0
Mourad,2,0,0,0
Najari,2,0,0,0
Nessib,2,0,0,0
Nguira,2,0,0,0
Nighaoui,2,0,0,0
Nkhili,2,0,0,0
Nouaouri,2,0,0,0
Oudi,2,0,0,0
Ounaies,2,0,0,0
Piazza,2,0,0,0
Ramli,2,0,0,0
Reguig,2,0,0,0
Rennan,2,0,0,0
Ridha,2,0,0,0
Robeï,2,0,0,0
Sahbi,2,0,0,0
Saida,2,0,0,0
Saliha,2,0,0,0
Salouha,2,0,0,0
Sandid,2,0,0,0
Saya,2,0,0,0
Saïghi,2,0,0,0
Sekili,2,0,0,0
Sfaïhi,2,0,0,0
Sidhom,2,0,0,0
Taieb,2,0,0,0
Tarkanişvili,2,0,0,0
Tavernost,2,0,0,0
Tazarki,2,0,0,0
Taïeg,2,0,0,0
Temessek,2,0,0,0
Torkmane,2,0,0,0
Touili,2,0,0,0
Tuskia,2,0,0,0
Voçibe,2,0,0,0
Weslaty,2,0,0,0
Zaanoun,2,0,0,0
Zaddem,2,0,0,0
Zakkour,2,0,0,0
Zannad,2,0,0,0
Zanni,2,0,0,0
Zariat,2,0,0,0
Zayani,2,0,0,0
Zaza,2,0,0,0
Zaïer,2,0,0,0
Zineb,2,0,0,0
-Hilaire,1,0,0,0
Abarkène,1,0,0,0
Abbasi,1,0,0,0
Abdelhamid,1,0,0,0
Abdeljelil,1,0,0,0
Abdellli,1,0,0,0
Abdelwaheb,1,0,0,0
Abdelwahed,1,0,0,0
Abdennadher,1,0,0,0
Abdesselam,1,0,0,0
Abdesselem,1,0,0,0
Abdullah,1,0,0,0
Abidi,1,0,0,0
Abirigua,1,0,0,0
Aboudi,1,0,0,0
Abouras,1,0,0,0
Accosato,1,0,0,0
Acharki,1,0,0,0
Achi,1,0,0,0
Achouri,1,0,0,0
Adib,1,0,0,0
Adouani,1,0,0,0
Adra,1,0,0,0
Ahlem,1,0,0,0
Ahmadi,1,0,0,0
Ahmar,1,0,0,0
Aisha,1,0,0,0
Akacha,1,0,0,0
Akram,1,0,0,0
Al-Hanafy,1,0,0,0
Alem,1,0,0,0
Allam,1,0,0,0
Alleguy,1,0,0,0
Allen,1,0,0,0
Allié,1,0,0,0
Allègue,1,0,0,0
Amar,1,0,0,0
Amel,1,0,0,0
Amous,1,0,0,0
Amroussi,1,0,0,0
Anabtawi,1,0,0,0
Anadoli,1,0,0,0
Andolsi,1,0,0,0
Anizi,1,0,0,0
Aoua,1,0,0,0
Aoudatouallah,1,0,0,0
Aoudi,1,0,0,0
Aouem,1,0,0,0
Aouicha,1,0,0,0
Aouini,1,0,0,0
Aourabi,1,0,0,0
Aqali,1,0,0,0
Araïchi,1,0,0,0
Aredba,1,0,0,0
Armani,1,0,0,0
Arnaud,1,0,0,0
Asfour,1,0,0,0
Asker,1,0,0,0
Asma,1,0,0,0
Assouad,1,0,0,0
Attori,1,0,0,0
Auvray,1,0,0,0
Awad,1,0,0,0
Ayromlou,1,0,0,0
Ayyachi,1,0,0,0
Azeroual,1,0,0,0
Azza,1,0,0,0
Açba,1,0,0,0
Aïchoucha,1,0,0,0
Ağa,1,0,0,0
Babou,1,0,0,0
Bachouel,1,0,0,0
Bachterzi,1,0,0,0
Badalucco,1,0,0,0
Badeni,1,0,0,0
Badia,1,0,0,0
Bahija,1,0,0,0
Bahloul,1,0,0,0
Bahrini,1,0,0,0
Bakhrouf,1,0,0,0
Bakhtiari,1,0,0,0
Bakir,1,0,0,0
Bakkari,1,0,0,0
Balansi,1,0,0,0
Ballié,1,0,0,0
Bamasmus,1,0,0,0
Banaouaz,1,0,0,0
Banaoues,1,0,0,0
Banasr,1,0,0,0
Banchieri,1,0,0,0
Bane,1,0,0,0
Bannani,1,0,0,0
Bannour,1,0,0,0
Barante,1,0,0,0
Baras,1,0,0,0
Barbouche,1,0,0,0
Bardhak,1,0,0,0
Bardkiss,1,0,0,0
Barka,1,0,0,0
Barkit,1,0,0,0
Barracco,1,0,0,0
Barrak,1,0,0,0
Barsalou,1,0,0,0
Baudot,1,0,0,0
Baya,1,0,0,0
Bayrakdar,1,0,0,0
Bayrem,1,0,0,0
Bechaouch,1,0,0,0
Bechara,1,0,0,0
Bechu,1,0,0,0
Bedouihech,1,0,0,0
Beer,1,0,0,0
Bekri,1,0,0,0
Belahouene,1,0,0,0
Belaid,1,0,0,0
Belaïdi,1,0,0,0
Belhaouane,1,0,0,0
Belkhamsa,1,0,0,0
Belkhoja,1,0,0,0
Belkhouja,1,0,0,0
Bella,1,0,0,0
Bellow-Hamel,1,0,0,0
Belouahchia,1,0,0,0
Belouidhnine,1,0,0,0
Bena,1,0,0,0
Beraudin,1,0,0,0
Berbeche,1,0,0,0
Berrahal,1,0,0,0
Berraies,1,0,0,0
Berrayana,1,0,0,0
Berraïes,1,0,0,0
Berrejab,1,0,0,0
Berrhouma,1,0,0,0
Berriri,1,0,0,0
Berrzouga,1,0,0,0
Berthet,1,0,0,0
Besma,1,0,0,0
Beyram,1,0,0,0
Bezarga,1,0,0,0
Bhar,1,0,0,0
Binkowski,1,0,0,0
Bob,1,0,0,0
Borguera,1,0,0,0
Bornet,1,0,0,0
Bosc,1,0,0,0
Bouabène,1,0,0,0
Bouargoub,1,0,0,0
Boubakria,1,0,0,0
Bouchareb,1,0,0,0
Bouchrara,1,0,0,0
Boudaya,1,0,0,0
Boudhri,1,0,0,0
Boudira,1,0,0,0
Boudrâa,1,0,0,0
Bouffet,1,0,0,0
Boughdir,1,0,0,0
Boughnim,1,0,0,0
Boughrika,1,0,0,0
Boughzala,1,0,0,0
Bouguecha,1,0,0,0
Bouhoula,1,0,0,0
Bouhziz,1,0,0,0
Boujedra,1,0,0,0
Boujenah,1,0,0,0
Boujrini,1,0,0,0
Boukadi,1,0,0,0
Boulaymane,1,0,0,0
Bouleïla,1,0,0,0
Boumnijel,1,0,0,0
Bousaïd,1,0,0,0
Boutarfa,1,0,0,0
Bouzaiane,1,0,0,0
Bouzarti,1,0,0,0
Bouzgarou,1,0,0,0
Bouznif,1,0,0,0
Bouzriba,1,0,0,0
Brahimi,1,0,0,0
Briouza,1,0,0,0
Brölemann,1,0,0,0
Béhira,1,0,0,0
Calmerino,1,0,0,0
Cambourg,1,0,0,0
Chaabene-Jabouzi,1,0,0,0
Chaabi,1,0,0,0
Chaddi,1,0,0,0
Chaghati,1,0,0,0
Chahbane,1,0,0,0
Chakir,1,0,0,0
Chalbi,1,0,0,0
Chaltboune,1,0,0,0
Chamakhi,1,0,0,0
Chami,1,0,0,0
Chamillart,1,0,0,0
Chammard,1,0,0,0
Charif,1,0,0,0
Charksi,1,0,0,0
Chauchat,1,0,0,0
Chavagnac,1,0,0,0
Chayata,1,0,0,0
Chbil,1,0,0,0
Cheimi,1,0,0,0
Chemingui,1,0,0,0
Chemkha,1,0,0,0
Cherak,1,0,0,0
Chirichigno,1,0,0,0
Chirsti,1,0,0,0
Chkioua,1,0,0,0
Chouiref,1,0,0,0
Chourou,1,0,0,0
Chraieb,1,0,0,0
Chreki,1,0,0,0
Chrit,1,0,0,0
Colleau,1,0,0,0
Cutello,1,0,0,0
Dabbabi,1,0,0,0
Dabbech,1,0,0,0
Daboussi,1,0,0,0
Dachraoui,1,0,0,0
Daghbouj,1,0,0,0
Dahmen,1,0,0,0
Dallagi,1,0,0,0
Dana,1,0,0,0
Daoued,1,0,0,0
Daoula,1,0,0,0
Dardoumi,1,0,0,0
Dardour,1,0,0,0
Darraji,1,0,0,0
Daumin,1,0,0,0
Debba,1,0,0,0
Debbagh,1,0,0,0
Debbech,1,0,0,0
Degachi,1,0,0,0
Dejla,1,0,0,0
Dellaria,1,0,0,0
Demonçay,1,0,0,0
Dengazli,1,0,0,0
Deydier,1,0,0,0
Dhahak,1,0,0,0
Dhahbia,1,0,0,0
Dheraa,1,0,0,0
Dheyaa,1,0,0,0
Dhia,1,0,0,0
Dhraifa,1,0,0,0
Dhuayib,1,0,0,0
Digue,1,0,0,0
Djebbar,1,0,0,0
Djelloul,1,0,0,0
Djerbi,1,0,0,0
Djouini,1,0,0,0
Doukali,1,0,0,0
Douran,1,0,0,0
Duval,1,0,0,0
Dziapş-lpa,1,0,0,0
Dérouiche,1,0,0,0
Elaoun,1,0,0,0
Elfouzi,1,0,0,0
Elias,1,0,0,0
Elmi,1,0,0,0
Emin,1,0,0,0
Emna,1,0,0,0
Ennahdi,1,0,0,0
Ennajar,1,0,0,0
Ennas,1,0,0,0
Enneifar,1,0,0,0
Ennour,1,0,0,0
Eraïs,1,0,0,0
Errekik,1,0,0,0
Escarra,1,0,0,0
Essaddem,1,0,0,0
Essghaier,1,0,0,0
Essifi,1,0,0,0
Essoufi,1,0,0,0
Essourdi,1,0,0,0
Essousi,1,0,0,0
Ettabal,1,0,0,0
Ettorki,1,0,0,0
Ezzalfani,1,0,0,0
Fachaye,1,0,0,0
Fadel,1,0,0,0
Fadhlaoui,1,0,0,0
Faffani,1,0,0,0
Fair,1,0,0,0
Fakhry,1,0,0,0
Fantar,1,0,0,0
Faouzia,1,0,0,0
Farida,1,0,0,0
Farik,1,0,0,0
Farouk,1,0,0,0
Farraj,1,0,0,0
Faré,1,0,0,0
Fathallah,1,0,0,0
Fatouma,1,0,0,0
Fattouma,1,0,0,0
Faurou,1,0,0,0
Fawzi,1,0,0,0
Fazil,1,0,0,0
Fegayer,1,0,0,0
Feruzzi,1,0,0,0
Fould,1,0,0,0
Foy,1,0,0,0
Fraoua,1,0,0,0
Fulkila,1,0,0,0
Gaaliche,1,0,0,0
Gaddes,1,0,0,0
Gaiji,1,0,0,0
Gaisset,1,0,0,0
Galalou,1,0,0,0
Gallalou,1,0,0,0
Gam,1,0,0,0
Garoui,1,0,0,0
Garouia,1,0,0,0
Garram,1,0,0,0
Gasbi,1,0,0,0
Gassouma,1,0,0,0
Genovese,1,0,0,0
Ghalioungi,1,0,0,0
Gharbia,1,0,0,0
Ghars,1,0,0,0
Ghezal,1,0,0,0
Ghorbal,1,0,0,0
Ghridhou,1,0,0,0
Ghrissia,1,0,0,0
Gisèle,1,0,0,0
Goaied,1,0,0,0
Godhbane,1,0,0,0
Gradis,1,0,0,0
Grajina,1,0,0,0
Grid,1,0,0,0
Grimaldi,1,0,0,0
Guattoul,1,0,0,0
Guellati,1,0,0,0
Guendouz,1,0,0,0
Guina,1,0,0,0
Guouiaâ,1,0,0,0
Gutteridge,1,0,0,0
Hachana,1,0,0,0
Hachemi,1,0,0,0
Hachette,1,0,0,0
Hadde,1,0,0,0
Hafa,1,0,0,0
Hafhouf,1,0,0,0
Hafida,1,0,0,0
Hafisa,1,0,0,0
Hajjaj-Andersson,1,0,0,0
Hajouj,1,0,0,0
Hakopian,1,0,0,0
Halfoui,1,0,0,0
Hallouma,1,0,0,0
Hamada,1,0,0,0
Hamed,1,0,0,0
Hamel,1,0,0,0
Hami,1,0,0,0
Hammada,1,0,0,0
Hamon,1,0,0,0
Hanania,1,0,0,0
Hani,1,0,0,0
Hania,1,0,0,0
Hanifa,1,0,0,0
Haouach,1,0,0,0
Haouaria,1,0,0,0
Haqqaoui,1,0,0,0
Harouchi,1,0,0,0
Hass,1,0,0,0
Hattie,1,0,0,0
Hbibi,1,0,0,0
Hchaichi,1,0,0,0
Hedia,1,0,0,0
Hellara,1,0,0,0
Heni,1,0,0,0
Hermassi,1,0,0,0
Hichri,1,0,0,0
Hila,1,0,0,0
Hilali,1,0,0,0
Hmayer,1,0,0,0
Hmem,1,0,0,0
Hnidi,1,0,0,0
Hood,1,0,0,0
Houa,1,0,0,0
Houki,1,0,0,0
Houria,1,0,0,0
Houriya,1,0,0,0
Huet,1,0,0,0
Hussaini,1,0,0,0
III,1,0,0,0
IV,1,0,0,0
Ibrahim,1,0,0,0
Imbert,1,0,0,0
Ines,1,0,0,0
Irene,1,0,0,0
Isa,1,0,0,0
Israel,1,0,0,0
Issaoui,1,0,0,0
Issy,1,0,0,0
J'bira,1,0,0,0
Jaballah,1,0,0,0
Jabir,1,0,0,0
Jahanbani,1,0,0,0
Jallazi,1,0,0,0
Jamaleddine,1,0,0,0
Jamila,1,0,0,0
Jammoussi,1,0,0,0
Jannadi,1,0,0,0
Jannat,1,0,0,0
Jarbouii,1,0,0,0
Jarizi,1,0,0,0
Jeanne,1,0,0,0
Jeddou,1,0,0,0
Jehane,1,0,0,0
Jellasi,1,0,0,0
Jelouat,1,0,0,0
Jemiaâ,1,0,0,0
Jemil,1,0,0,0
Jenhani,1,0,0,0
Jennane,1,0,0,0
Jenouiz,1,0,0,0
Jihene,1,0,0,0
Jnifene,1,0,0,0
Jnina,1,0,0,0
Joudi,1,0,0,0
Jraied,1,0,0,0
K'chok,1,0,0,0
Kachoukh,1,0,0,0
Kaezar,1,0,0,0
Kafsi,1,0,0,0
Kahena,1,0,0,0
Kakia,1,0,0,0
Kalfallah,1,0,0,0
Kammarti,1,0,0,0
Karimeh,1,0,0,0
Kassagi,1,0,0,0
Kassouma,1,0,0,0
Kawech,1,0,0,0
Kdami,1,0,0,0
Kdaya,1,0,0,0
Kdouss,1,0,0,0
Kebaier,1,0,0,0
Kedissa,1,0,0,0
Keiser,1,0,0,0
Khalef,1,0,0,0
Khalifat,1,0,0,0
Khalki,1,0,0,0
Khanum,1,0,0,0
Khayala,1,0,0,0
Khayat-Bonan,1,0,0,0
Khaïrallah,1,0,0,0
Khemis,1,0,0,0
Khemiss,1,0,0,0
Khitmi,1,0,0,0
Khlifa,1,0,0,0
Khlifi,1,0,0,0
Khélifa,1,0,0,0
Klassi,1,0,0,0
Klioua,1,0,0,0
Koraichi,1,0,0,0
Kouassi,1,0,0,0
Kouidhi,1,0,0,0
Kouja,1,0,0,0
Koutchouk,1,0,0,0
Krahmer,1,0,0,0
Kribi,1,0,0,0
Krima,1,0,0,0
Krimou,1,0,0,0
Krir,1,0,0,0
Laadjimi,1,0,0,0
Labaied,1,0,0,0
Labiadh,1,0,0,0
Lachgar,1,0,0,0
Lafendi,1,0,0,0
Lahimer,1,0,0,0
Lahzami,1,0,0,0
Lajir,1,0,0,0
Lakdhar,1,0,0,0
Lakhdari,1,0,0,0
Lakhmeya,1,0,0,0
Laouati,1,0,0,0
Lasfer,1,0,0,0
Laz,1,0,0,0
Lebena,1,0,0,0
Lejmi,1,0,0,0
Lepois,1,0,0,0
Leïla,1,0,0,0
Lilia,1,0,0,0
Limsi,1,0,0,0
Lorrain,1,0,0,0
Loré,1,0,0,0
Lousir,1,0,0,0
M,1,0,0,0
Maan,1,0,0,0
Maatki,1,0,0,0
MacCarthy,1,0,0,0
Machouch,1,0,0,0
Madar,1,0,0,0
Madhi,1,0,0,0
Mahli,1,0,0,0
Mahyouz,1,0,0,0
Makkaoui,1,0,0,0
Malfait,1,0,0,0
Malhat,1,0,0,0
Mallouli,1,0,0,0
Malouki,1,0,0,0
Mamia,1,0,0,0
Mammou,1,0,0,0
Manaï,1,0,0,0
Manca,1,0,0,0
Manetti,1,0,0,0
Maraachli,1,0,0,0
Mareghni,1,0,0,0
Marjault,1,0,0,0
Marsit,1,0,0,0
Masrour,1,0,0,0
Massabi,1,0,0,0
Massaoud,1,0,0,0
Massaouda,1,0,0,0
Massé,1,0,0,0
Mastoul,1,0,0,0
Mawlidan,1,0,0,0
Maxime,1,0,0,0
Mayatepek,1,0,0,0
Mazoul,1,0,0,0
Maâmar,1,0,0,0
Maâtouk,1,0,0,0
Mbazaia,1,0,0,0
Mbazaâ,1,0,0,0
Mbazza,1,0,0,0
Mechmoum,1,0,0,0
Mekada,1,0,0,0
Mekfouldji,1,0,0,0
Messaouda,1,0,0,0
Messina,1,0,0,0
Mestiiri,1,0,0,0
Metnassera,1,0,0,0
Metoui,1,0,0,0
Mezri,1,0,0,0
Mhammed,1,0,0,0
Michiels,1,0,0,0
Mistiri,1,0,0,0
Mizouni,1,0,0,0
Mkatadji,1,0,0,0
Mkhinini,1,0,0,0
Mkhlouf,1,0,0,0
Mlaouhia,1,0,0,0
Mnaouer,1,0,0,0
Mnasri,1,0,0,0
Mojica,1,0,0,0
Mokaddem/Turki,1,0,0,0
Mokni,1,0,0,0
Mokran,1,0,0,0
Molk,1,0,0,0
Mosli,1,0,0,0
Mostefa,1,0,0,0
Mouakher,1,0,0,0
Mougou,1,0,0,0
Mouhassen,1,0,0,0
Moujahed,1,0,0,0
Moulehem,1,0,0,0
Moumen,1,0,0,0
Mouna,1,0,0,0
Moura,1,0,0,0
Mrad-Leblond,1,0,0,0
Mribah,1,0,0,0
Mseddi,1,0,0,0
Msekni,1,0,0,0
Msellati,1,0,0,0
Mtir,1,0,0,0
Munet,1,0,0,0
Mussallam,1,0,0,0
Na'im,1,0,0,0
Nachnouchi,1,0,0,0
Nada,1,0,0,0
Nahal,1,0,0,0
Nahia,1,0,0,0
Najla,1,0,0,0
Naouai,1,0,0,0
Naourez,1,0,0,0
Nasfi,1,0,0,0
Nasraoui,1,0,0,0
Nasser,1,0,0,0
Nawel,1,0,0,0
Nefissa,1,0,0,0
Nejia,1,0,0,0
Nesbit,1,0,0,0
Nfissa,1,0,0,0
Nimet,1,0,0,0
Ninette,1,0,0,0
Norrito,1,0,0,0
Nosratli,1,0,0,0
Nour,1,0,0,0
Nourissan,1,0,0,0
Obbi,1,0,0,0
Olfa,1,0,0,0
Ouadhen,1,0,0,0
Ouaja,1,0,0,0
Ouardani,1,0,0,0
Ouda,1,0,0,0
Oudhifa,1,0,0,0
Oujadir,1,0,0,0
Oulabi,1,0,0,0
Oumhani,1,0,0,0
Ousselati,1,0,0,0
Ouznadji,1,0,0,0
Parini,1,0,0,0
Peduzzi,1,0,0,0
Pelourgas,1,0,0,0
Plessix,1,0,0,0
Pons,1,0,0,0
Privat,1,0,0,0
Qachech,1,0,0,0
Rabiaa,1,0,0,0
Radhia,1,0,0,0
Radjradja,1,0,0,0
Rahem,1,0,0,0
Rahm,1,0,0,0
Raja,1,0,0,0
Rastit,1,0,0,0
Raïess,1,0,0,0
Raïs,1,0,0,0
Rehibi,1,0,0,0
Reis,1,0,0,0
Remadi,1,0,0,0
Rezine,1,0,0,0
Richet,1,0,0,0
Rifi,1,0,0,0
Rihani,1,0,0,0
Rio,1,0,0,0
Rouhia,1,0,0,0
Roukaya,1,0,0,0
Rzig,1,0,0,0
Saadi,1,0,0,0
Saadia,1,0,0,0
Sabbegh,1,0,0,0
Saber,1,0,0,0
Sabri,1,0,0,0
Saddem,1,0,0,0
Sadek,1,0,0,0
Sadiq,1,0,0,0
Sadok,1,0,0,0
Safi,1,0,0,0
Safiya,1,0,0,0
Sahbani,1,0,0,0
Sahraoui,1,0,0,0
Saizieu,1,0,0,0
Sakhria,1,0,0,0
Salaoui,1,0,0,0
Salm-Grumbach,1,0,0,0
Samaloussi,1,0,0,0
Samira,1,0,0,0
Sammut,1,0,0,0
Samuel,1,0,0,0
Samy,1,0,0,0
Sandourli,1,0,0,0
Sanki,1,0,0,0
Sarbello,1,0,0,0
Sayda,1,0,0,0
Sbabti,1,0,0,0
Scialom,1,0,0,0
Seghaier,1,0,0,0
Segni,1,0,0,0
Selmane,1,0,0,0
Selmen,1,0,0,0
Semah,1,0,0,0
Semahat,1,0,0,0
Seçkin,1,0,0,0
Sfayhi,1,0,0,0
Sharif,1,0,0,0
Shinasi,1,0,0,0
Shoumaker,1,0,0,0
Shéridan,1,0,0,0
Sibai,1,0,0,0
Sienna,1,0,0,0
Simeoni,1,0,0,0
Sinda,1,0,0,0
Skandaji,1,0,0,0
Slaoui,1,0,0,0
Sliman,1,0,0,0
Smaouia,1,0,0,0
Smaïne,1,0,0,0
Sofia,1,0,0,0
Souha,1,0,0,0
Souham,1,0,0,0
Souhir,1,0,0,0
Souidi,1,0,0,0
Soukaina,1,0,0,0
Souli,1,0,0,0
Soussi,1,0,0,0
Soyah,1,0,0,0
Sr.,1,0,0,0
Sraieb,1,0,0,0
Sridi,1,0,0,0
Sriti,1,0,0,0
Stiti,1,0,0,0
Svamba,1,0,0,0
Sève,1,0,0,0
Taamallah,1,0,0,0
Tabboubi,1,0,0,0
Taga,1,0,0,0
Taher,1,0,0,0
Taies,1,0,0,0
Talmoudi,1,0,0,0
Tammar,1,0,0,0
Tanazefti,1,0,0,0
Tebbi,1,0,0,0
Tebessi,1,0,0,0
Tebourski,1,0,0,0
Temami,1,0,0,0
Thabit,1,0,0,0
Thouraya,1,0,0,0
Thâalbi,1,0,0,0
Tilghman,1,0,0,0
Tilouche,1,0,0,0
Tlemçani,1,0,0,0
Tmimi,1,0,0,0
Tomasso,1,0,0,0
Tommasi,1,0,0,0
Torcy,1,0,0,0
Torgemene,1,0,0,0
Torjeman,1,0,0,0
Torjman,1,0,0,0
Torkhani,1,0,0,0
Touir,1,0,0,0
Trojet,1,0,0,0
Tsanba,1,0,0,0
Téj,1,0,0,0
V,1,0,0,0
Verrot,1,0,0,0
Villeneuve,1,0,0,0
Vulpe,1,0,0,0
Wajdi,1,0,0,0
Wassila,1,0,0,0
Wedreni,1,0,0,0
Wheler,1,0,0,0
Wided,1,0,0,0
Wissem,1,0,0,0
Wood,1,0,0,0
X,1,0,0,0
Yaalaoui,1,0,0,0
Yacoub,1,0,0,0
Yaiche,1,0,0,0
Yakouta,1,0,0,0
Yamani,1,0,0,0
Yasmine,1,0,0,0
Yazidi,1,0,0,0
Yellès,1,0,0,0
Yemni,1,0,0,0
Yeğen,1,0,0,0
Yosra,1,0,0,0
Zaggouta,1,0,0,0
Zahi,1,0,0,0
Zahmoul,1,0,0,0
Zaiem,1,0,0,0
Zakhama,1,0,0,0
Zannoukha,1,0,0,0
Zanoukha,1,0,0,0
Zantour,1,0,0,0
Zaouch,1,0,0,0
Zaouchi,1,0,0,0
Zaoui,1,0,0,0
Zaoun,1,0,0,0
Zardi,1,0,0,0
Zayneb,1,0,0,0
Zbeida,1,0,0,0
Zeggay,1,0,0,0
Zeghdana,1,0,0,0
Zeineb,1,0,0,0
Zeramdini,1,0,0,0
Zevş-Barakay,1,0,0,0
Ziadeh,1,0,0,0
Zied,1,0,0,0
Zina,1,0,0,0
Zouaï,1,0,0,0
Zoubeir,1,0,0,0
Zouitine,1,0,0,0
Zrig,1,0,0,0
Zulficar,1,0,0,0
al-Malik,1,0,0,0
al-Muttalib,1,0,0,0
d'Égypte,1,0,0,0
d’Adix-Dellmensingen,1,0,0,0
d’Halloy,1,0,0,0
karoui,1,0,0,0
uz-Zahra,1,0,0,0
Çeşmiferah,1,0,0,0
التنوخي,1,0,0,0
Ⅲ.,1,0,0,0
