coding_id,stratum,entry_uid,subject_name,cohort,folio_start,folio_end,n_chars,n_edges_extracted,ties_stated,ties_found,ties_missed,passage_relational,coder,notes
P0001,السابقون,aalam:1.01,عزيزة عثمانة,السابقون,25,32,297,0,,,,,,
P0002,السابقون,aalam:1.02,يوسف صاحب الطابع,السابقون,33,48,395,0,,,,,,
P0003,السابقون,aalam:1.02,يوسف صاحب الطابع,السابقون,33,48,796,0,,,,,,
P0004,السابقون,aalam:1.02,يوسف صاحب الطابع,السابقون,33,48,478,0,,,,,,
P0005,السابقون,aalam:1.03,إبراهيم الرياحي,السابقون,49,56,277,0,,,,,,
P0006,السابقون,aalam:1.05,محمود قابادو,السابقون,63,70,585,0,,,,,,
P0007,السابقون,aalam:1.06,أحمد بن أبي الضياف,السابقون,71,78,1426,0,,,,,,
P0008,السابقون,aalam:1.06,أحمد بن أبي الضياف,السابقون,71,78,236,0,,,,,,
P0009,السابقون,aalam:1.07,الجنرال حسين,السابقون,79,86,267,0,,,,,,
P0010,السابقون,aalam:1.07,الجنرال حسين,السابقون,79,86,331,0,,,,,,
P0011,السابقون,aalam:1.08,محمد بيرم الخامس,السابقون,87,96,309,0,,,,,,
P0012,السابقون,aalam:1.09,الجنرال خير الدين,السابقون,97,112,239,0,,,,,,
P0013,السابقون,aalam:1.09,الجنرال خير الدين,السابقون,97,112,903,5,,,,,,
P0014,السابقون,aalam:1.09,الجنرال خير الدين,السابقون,97,112,1059,0,,,,,,
P0015,التابعون,aalam:2.03,علي بوشوشة,التابعون,133,140,449,1,,,,,,
P0016,التابعون,aalam:2.03,علي بوشوشة,التابعون,133,140,839,1,,,,,,
P0017,التابعون,aalam:2.03,علي بوشوشة,التابعون,133,140,329,1,,,,,,
P0018,التابعون,aalam:2.03,علي بوشوشة,التابعون,133,140,459,0,,,,,,
P0019,التابعون,aalam:2.04,علي باش حانبة,التابعون,141,158,1558,4,,,,,,
P0020,التابعون,aalam:2.04,علي باش حانبة,التابعون,141,158,266,0,,,,,,
P0021,التابعون,aalam:2.05,محمد باي خير الدين,التابعون,159,168,303,2,,,,,,
P0022,التابعون,aalam:2.05,محمد باي خير الدين,التابعون,159,168,787,0,,,,,,
P0023,التابعون,aalam:2.05,محمد باي خير الدين,التابعون,159,168,375,0,,,,,,
P0024,التابعون,aalam:2.06,سالم بو حاجب,التابعون,169,176,240,0,,,,,,
P0025,التابعون,aalam:2.06,سالم بو حاجب,التابعون,169,176,243,0,,,,,,
P0026,التابعون,aalam:2.06,سالم بو حاجب,التابعون,169,176,253,3,,,,,,
P0027,التابعون,aalam:2.07,محمد الأصرم,التابعون,177,186,284,1,,,,,,
P0028,التابعون,aalam:2.07,محمد الأصرم,التابعون,177,186,478,5,,,,,,
P0029,التابعون,aalam:2.09,طاهر باشا خير الدين,التابعون,193,224,270,0,,,,,,
P0030,التابعون,aalam:2.09,طاهر باشا خير الدين,التابعون,193,224,1611,3,,,,,,
P0031,التابعون,aalam:2.09,طاهر باشا خير الدين,التابعون,193,224,507,0,,,,,,
P0032,التابعون,aalam:2.09,طاهر باشا خير الدين,التابعون,193,224,370,0,,,,,,
P0033,التابعون,aalam:2.09,طاهر باشا خير الدين,التابعون,193,224,523,0,,,,,,
P0034,التابعون,aalam:2.10,محمد بن الخوجة,التابعون,225,236,13,0,,,,,,
P0035,التابعون,aalam:2.10,محمد بن الخوجة,التابعون,225,236,374,2,,,,,,
P0036,التابعون,aalam:2.11,مصطفى آغة,التابعون,237,242,247,0,,,,,,
P0037,التابعون,aalam:2.12,عبد السلام البكوش,التابعون,243,252,495,2,,,,,,
P0038,التابعون,aalam:2.13,عبد الجليل الزاوش,التابعون,253,270,321,0,,,,,,
P0039,التابعون,aalam:2.13,عبد الجليل الزاوش,التابعون,253,270,286,1,,,,,,
P0040,التابعون,aalam:2.13,عبد الجليل الزاوش,التابعون,253,270,351,0,,,,,,
P0041,التابعون,aalam:2.13,عبد الجليل الزاوش,التابعون,253,270,362,0,,,,,,
P0042,التابعون,aalam:2.13,عبد الجليل الزاوش,التابعون,253,270,444,0,,,,,,
P0043,التابعون,aalam:2.13,عبد الجليل الزاوش,التابعون,253,270,276,0,,,,,,
P0044,التابعون,aalam:2.13,عبد الجليل الزاوش,التابعون,253,270,298,1,,,,,,
P0045,التابعون,aalam:2.13,عبد الجليل الزاوش,التابعون,253,270,227,0,,,,,,
P0046,المعاصرون,aalam:3.02,محمد بورقيبة,المعاصرون,295,300,481,2,,,,,,
P0047,المعاصرون,aalam:3.02,محمد بورقيبة,المعاصرون,295,300,615,1,,,,,,
P0048,المعاصرون,aalam:3.03,حسونة العياشي,المعاصرون,301,306,353,2,,,,,,
P0049,المعاصرون,aalam:3.03,حسونة العياشي,المعاصرون,301,306,431,0,,,,,,
P0050,المعاصرون,aalam:3.04,محمد السعيد الخلصي,المعاصرون,307,318,328,1,,,,,,
P0051,المعاصرون,aalam:3.05,خير الله بن مصطفى,المعاصرون,319,326,958,2,,,,,,
P0052,المعاصرون,aalam:3.05,خير الله بن مصطفى,المعاصرون,319,326,298,0,,,,,,
P0053,المعاصرون,aalam:3.06,علي بو حاجب,المعاصرون,327,332,253,2,,,,,,
P0054,المعاصرون,aalam:3.06,علي بو حاجب,المعاصرون,327,332,359,0,,,,,,
P0055,المعاصرون,aalam:3.07,حسن ڤلاتي,المعاصرون,333,340,652,3,,,,,,
P0056,المعاصرون,aalam:3.07,حسن ڤلاتي,المعاصرون,333,340,395,0,,,,,,
P0057,المعاصرون,aalam:3.07,حسن ڤلاتي,المعاصرون,333,340,400,0,,,,,,
P0058,المعاصرون,aalam:3.11,محمود الماطري,المعاصرون,355,360,424,0,,,,,,
P0059,المعاصرون,aalam:3.11,محمود الماطري,المعاصرون,355,360,390,2,,,,,,
P0060,المعاصرون,aalam:3.12,محمد الطاهر بن عاشور,المعاصرون,361,368,799,0,,,,,,
